drug_id,drug,target
1,CC(C)NCC(O)COC1:C:C:C:C2:C:C:C:C:C:1:2.[Cl],1
2,CC(C)(C)OC(=O)CCCC1:C:C:C(N(CCCl)CCCl):C:C:1,1
3,CC1COC2:C(N3CCN(C)CC3):C(F):C:C3:C(=O):C(C(=O)O):C:N1:C:2:3,1
4,CC(=O)NCCCOC1:C:C:C:C(CN2CCCCC2):C:1,1
5,CC1:O:N:C(C2:C:C:C:C:C:2Cl):C:1C(=O)N[C@@H]1C(=O)N2[C@@H](C(=O)O)C(C)(C)S[C@H]12,1
6,CCN1CCN(C(=O)N[C@@H](C(=O)N[C@@H]2C(=O)N3C(C(=O)O)=C(CSC4:N:N:N:N:4C)CS[C@H]23)C2:C:C:C(O):C:C:2)C(=O)C1=O,1
7,CN(C)[C@@H]1C(=O)/C(=C(/O)NCN2CCCC2)C(=O)[C@@]2(O)C(=O)C3=C(O)C4:C(O):C:C:C:C:4[C@@](C)(O)[C@H]3C[C@@H]12,1
8,CC1:N:C:C:N:1CC1CCC2:C(:C3:C:C:C:C:C:3:N:2C)C1=O,1
9,COC1:C:C:C([C@@H]2SC3:C:C:C:C:C:3N(CCN(C)C)C(=O)[C@@H]2OC(C)=O):C:C:1,1
10,NC(N)=NC(=O)C1:N:C(Cl):C(N):N:C:1N,1
11,CN1CC2:C(C3:N:O:C(C(C)(O)CO):N:3):N:C:N:2C2:C:C:C:C(Cl):C:2C1=O,0
12,CC1:C:N([C@H]2C[C@H](F)[C@@H](CO)O2):C(=O):[NH]:C:1=O,1
13,ClCCl,1
14,CC(C)(C)NC(=O)C1CC2CCCCC2CN1CC(O)C(CC1:C:C:C:C:C:1)NC(=O)C(CC(N)=O)NC(=O)C1:C:C:C2:C:C:C:C:C:2:N:1,1
15,CCC(=O)C(CC(C)N(C)C)(C1:C:C:C:C:C:1)C1:C:C:C:C:C:1,1
16,CCC(=O)N(C1:C:C:C:C:C:1)C1(COC)CCN(CCN2:N:N:N(CC):C:2=O)CC1,1
17,CN(C)C(=O)C(CCN1CCC(O)(C2:C:C:C(Cl):C:C:2)CC1)(C1:C:C:C:C:C:1)C1:C:C:C:C:C:1,1
18,CN1C2CCC1CC(OC(=O)[C@H](CO)C1:C:C:C:C:C:1)C2,1
19,COC1:C:C:C(Cl):C:C:1C(=O)NCCC1:C:C:C(S(=O)(=O)NC(=O)NC2CCCCC2):C:C:1,1
20,NC1:N:N:C(C2:C:C:C:C(Cl):C:2Cl):C(N):N:1,1
21,CCCC(C)C,1
22,C[C@H](N)CC1:C:C:C:C:C:1,1
23,CN(C)CC1:C:C:C(CSCCNC2:N:C(=O):C(CC3:C:C:C4:C:C:C:C:C:4:C:3):C:[NH]:2):O:1,0
24,CC(C)(C)NCC(O)COC1:C:C:C:C2:C:1C[C@H](O)[C@H](O)C2,1
25,CCC(=O)N(C1:C:C:C:C:C:1)C1(COC)CCN(CCC2:C:C:C:S:2)CC1,1
26,CCNC(=NC#N)NCCSCC1:N:C:C:C:C:1Br,0
27,CC1:C:C:C(C2:N:C3:C:C:C(C):C:N:3:C:2CC(=O)N(C)C):C:C:1,1
28,CN1CCN(C2=C3:C:C:C:C:C:3=NC3:C:C:C(Cl):C:C:3N2)CC1,1
29,FC(F)(F)C1:C:C:C(N2CCNCC2):N:C:1Cl,1
30,CCN1CCN(C(=O)N[C@@H](C(=O)N[C@@H]2C(=O)N3[C@@H](C(=O)O)C(C)(C)S[C@H]23)C2:C:C:C:C:C:2)C(=O)C1=O.O,1
31,CCCC(C)C1(CC)C(=O)NC(=O)NC1=O,1
32,C[C@H]1COC2:C(N3CCN(C)CC3):C(F):C:C3:C(=O):C(C(=O)O):C:N1:C:2:3,1
33,O=C(NCCCOC1:C:C:C:C(CN2CCCCC2):C:1)C1:C:C:C:C:C:1,1
34,CN1CC2:C(C(=O)OC(C)(C)C):N:C:N:2C2:C:C:S:C:2C1=O,1
35,CCC(=O)N(C1:C:C:C:C:C:1)C1CCN(CCC2:C:C:C:C:C:2)CC1,1
36,CCOC(=O)C1:C:N:C:N:1C(C)C1:C:C:C:C:C:1,1
37,CN(C)C1:C:C(C2:N:C(N):N:[NH]:2):C:C:N:1,0
38,CN1CCN(CCCN2C3:C:C:C:C:C:3SC3:C:C:C(Cl):C:C:32)CC1,1
39,NC1:C:C:C(C2:N:C3:C:C:C(O):C:C:3:S:2):C:C:1I,1
40,CC(=O)NC1:C:C:C:C(C2:C:S:C(N=C(N)N):N:2):C:1,0
41,CN1[C@H]2CCC[C@@H]1CC(NC(=O)C1:N:N(C):C3:C:C:C:C:C:1:3)C2,1
42,CS(=O)(=O)C1:C:C:C([C@@H](O)[C@@H](CO)NC(=O)C(Cl)Cl):C:C:1,1
43,NC(N)=NC1:N:C(C2:C:C:C:C:C:2):C:S:1,1
44,CC1:C:C:C:C(C):C:1OCC(C)N,1
45,CCC(=O)O[C@](CC1:C:C:C:C:C:1)(C1:C:C:C:C:C:1)[C@H](C)CN(C)C,1
46,CNCCCN1C2:C:C:C:C:C:2SC2:C:C:C(Cl):C:C:21,1
47,CN(C)CC1:C:C:C(C2:C:C:C:C(NC3N=CC=C3[N+](=O)[O-]):C:2):O:1,1
48,CN1:N:N:N:C:1SCC1=C(C(=O)O)N2C(=O)[C@@H](NC(=O)[C@H](O)C3:C:C:C:C:C:3)[C@H]2SC1,1
49,CN(C)CCC1:C:C:C:C:N:1,1
50,O=C1CCCN1CCCCN1CCN(C2:C:C(C(F)(F)F):C:C:N:2)CC1,1
51,C=C[C@H]1CN2CC[C@H]1C[C@@H]2[C@@H](O)C1:C:C:N:C2:C:C:C(OC):C:C:1:2,1
52,CCC1:C:C:C:C:C:1,1
53,NC(N)=NC1:N:C(C2:C:C:C:C(N):C:2):C:S:1,1
54,CC[C@]1(O)C[C@H]2CN(CCC3:C(:[NH]:C4:C:C:C:C:C:3:4)[C@@](C(=O)OC)(C3:C:C4:C(:C:C:3OC)N(C)[C@H]3[C@@](O)(C(=O)OC)[C@H](OC(C)=O)[C@]5(CC)C=CCN6CC[C@]43[C@@H]65)C2)C1,1
55,CCCC(=O)NC1:C:C:C(OCC(O)CNC(C)C):C(C(C)=O):C:1,1
56,NCCCN1C2:C:C:C:C:C:2SC2:C:C:C(Cl):C:C:21,1
57,CN(C)CC1:C:C:C(CSCCNC2:[NH]:C:C(CC3:C:C:C:C:C:3):C:2[N+](=O)[O-]):O:1,1
58,CNC(=NC#N)NC1:C:C:C:C(C2:C:S:C(N=C(N)N):N:2):C:1,0
59,CNCCC1:C:C:C:C:N:1,1
60,CN[C@H]1CC[C@@H](C2:C:C:C(Cl):C(Cl):C:2)C2:C:C:C:C:C:21.[Cl-].[H+],1
61,CC[C@]1(O)C[C@H]2CN(CCC3:C(:[NH]:C4:C:C:C:C:C:3:4)[C@@](C(=O)OC)(C3:C:C4:C(:C:C:3OC)N(C=O)[C@H]3[C@@](O)(C(=O)OC)[C@H](OC(C)=O)[C@]5(CC)C=CCN6CC[C@]43[C@@H]65)C2)C1,1
62,CCC(NC(=O)C1:C(C):C(C2:C:C:C:C:C:2):N:C2:C:C:C:C:C:1:2)C1:C:C:C:C:C:1,1
63,O=S(=O)(C1:C:C:C2:C:C:[NH]:C:2:C:1)N1CCCC1CCN1CCC(OC2:C:C:C:C(Cl):C:2)CC1,1
64,CN(C)CC1:C:C:N:C(C2:C:C:C:C(NC3N=CC=C3[N+](=O)[O-]):C:2):C:1,1
65,CNCCCC12CCC(C3:C:C:C:C:C:31)C1:C:C:C:C:C:12,1
66,C1:C:C(CN2CCCCC2):C:C(OCCCNC2:N:C:C:S:2):C:1,1
67,CN1CC2:C(C3:N:O:C(C(C)(C)O):N:3):N:C:N:2C2:C:C:C:C(Cl):C:2C1=O,0
68,CO/N=C(\C(=O)N[C@H]1C(=O)N2C(C(=O)[O-])=C(COC(C)=O)CS[C@@H]12)C1:C:S:C(N):N:1.[Na+],1
69,NC(=O)N1C2:C:C:C:C:C:2C2OC2C2:C:C:C:C:C:21,1
70,C1CCCCC1,1
71,CC1:C:S:C(N=C(N)N):N:1,1
72,CCCN(CCC)CCC1:C:C:C(O):C2:C:1CC(=O)N2,1
73,CN1CC2C3:C:C:C:C:C:3OC3:C:C:C(Cl):C:C:3C2C1,1
74,CN(C)CC1:C:C:C(CSCCNC2N=CC=C2[N+](=O)[O-]):O:1,0
75,CO/N=C(\C(=O)N[C@@H]1C(=O)N2C(C(=O)O)=C(COC(N)=O)CS[C@H]12)C1:C:C:C:O:1,1
76,C1:C:C(CN2CCCCC2):C:C(OCCCNC2:N:C3:C:C:C:C:C:3:O:2):C:1,1
77,CC1:C:C:C:C2:C:1OC1:C:C:C:C:C:1C1(O)CCN(C)CC21,1
78,O=[N+]([O-])C1=CC=NC1NCCSCC1:C:C:C:C:N:1,1
79,CCCSC1:C:C:C2:[NH]:C(NC(=O)OC):N:C:2:C:1,1
80,NCCC1:C:N2:C:C:C:C:C:2:N:1,0
81,CC1:N:C:C([N+](=O)[O-]):N:1CC(O)CCl,1
82,CCCN(CCC)CCC1:C:C:C:C2:C:1CC(=O)N2,1
83,ClC1:C:C:C2:C(:C:1)C1CNCC1C1:C:C:C:C:C:1O2,1
84,CN(C)CCC=C1C2:C:C:C:C:C:2CCC2:C:C:C:C:C:21,1
85,CO/N=C(\C(=O)N[C@@H]1C(=O)N2C(C(=O)O)=C(CSC3:N:C(=O):C(=O):[NH]:N:3C)CS[C@H]12)C1:C:S:C(N):N:1,1
86,C1:C:C:C(NCCCOC2:C:C:C:C(CN3CCCCC3):C:2):N:C:1,1
87,CC1:C:C:C:C2:C:1OC1:C:C:C:C:C:1C1(O)CCNCC21,1
88,O=[N+]([O-])C1=CC=NC1NCCSCC1:N:C:C:C:C:1Br,1
89,COC1:C:C2:C(:C(OC):C:1OC)C1:C:C:C(OC):C(=O):C:C:1C(NC(C)=O)CC2,1
90,OCCCOC1:C:C:C:C(CN2CCCCC2):C:1,1
91,CC1:N:C:S:C:1CCCl,1
92,CCN(CC)C(=O)NC1:C:C:C(OCC(O)CNC(C)(C)C):C(C(C)=O):C:1,1
93,FC(F)(F)CCl,1
94,CC(C)C1:N:C(C2:N:C:N3:C:2CN(C)C(=O)C2:C(Cl):C:C:C:C:23):N:O:1,1
95,CO[C@@]1(NC(=O)CC2:C:C:C:S:2)C(=O)N2C(C(=O)O)=C(COC(N)=O)CS[C@@H]21,1
96,C=CCC(N)C1:C:C:C:C:C:1C1:N:O:C2:C:C:C:C:C:1:2,1
97,CC1:N:C2:N(:C(=O):C:1CCN1CCC(C3:N:O:C4:C:C(F):C:C:C:3:4)CC1)CCCC2O,1
98,CC(=O)NC1:C:C:C(O):C:C:1,1
99,CC(=O)OC1:C:C:C:C:C:1C(=O)O,0
100,O=C1:N:C:N:C2:[NH]:[NH]:C:C:12,0
101,CCCCC[C@H](O)/C=C/[C@H]1[C@H](O)CC(=O)[C@@H]1CCCCCCC(=O)O,0
102,CN1:C(=O):C2:[NH]:C:N:C:2:N(C):C:1=O.CN1:C(=O):C2:[NH]:C:N:C:2:N(C):C:1=O.NCCN,0
103,CCCCC1:O:C2:C:C:C:C:C:2:C:1C(=O)C1:C:C(I):C(OCCN(CC)CC):C(I):C:1,0
104,CC1(C)S[C@@H]2[C@H](NC(=O)[C@H](N)C3:C:C:C(O):C:C:3)C(=O)N2[C@H]1C(=O)O.O.O.O,0
105,CC1(C)S[C@@H]2[C@H](NC(=O)[C@H](N)C3:C:C:C:C:C:3)C(=O)N2[C@H]1C(=O)O,0
106,C[C@]1(O)CC[C@H]2[C@@H]3CCC4=CC(=O)CC[C@]4(C)[C@H]3CC[C@@]21C,0
107,FC(F)(F)C1:C:C:C2:C(:C:1)N(CCCN1CCN(CCC3OCCCO3)CC1)C1:C:C:C:C:C:1S2.O=C(O)CCC(=O)O,1
108,O=C1NC2:C:C:C(Cl):C:C:2C(C2:C:C:C:C:C:2)=NC1O,1
109,O=C1:[NH]:C2:C:C:C:C:C:2:N:1C1CCN(CCOC2:C:C:C:C:C:2)CC1,1
110,COC1:C:C:C2:C3:C:1O[C@H]1C(=O)CC[C@@]4(O)[C@@H](C2)N(C)CC[C@]314,1
111,CN1CC[C@]23C4:C5:C:C:C(O):C:4O[C@H]2C(=O)CC[C@@]3(O)[C@H]1C5,1
112,CN1CCCC(CN2C3:C:C:C:C:C:3SC3:C:C:C:C:C:32)C1,1
113,NC1=NC(=O)C(C2:C:C:C:C:C:2)O1,1
114,CC(C)=CCN1CC[C@@]2(C)C3:C:C(O):C:C:C:3C[C@@H]1[C@H]2C,1
115,CCC1:C:C(C(N)=S):C:C:N:1,1
116,COC1:C:C([C@@H]2C3:C:C4:C(:C:C:3[C@@H](O[C@@H]3O[C@@H]5CO[C@@H](C)O[C@H]5[C@H](O)[C@H]3O)C3COC(=O)[C@@H]32)OCO4):C:C(OC):C:1O,0
117,NC(N)=NC1:N:C(CSCCC(N)=NS(N)(=O)=O):C:S:1,1
118,OC(CN1:C:N:C:N:1)(CN1:C:N:C:N:1)C1:C:C:C(F):C:C:1F,1
119,O=C([O-])P(=O)([O-])[O-].[Na+].[Na+].[Na+],1
120,NCC1(CC(=O)O)CCCCC1,1
121,CCOC1:C:C:C2:C:C:C:C:C:2:C:1C(=O)N[C@@H]1C(=O)N2[C@@H](C(=O)[O-])C(C)(C)S[C@H]12.[Na+],0
122,CCN1:C:C(C(=O)O):C(=O):C2:C:C:C(C):N:C:2:1,0
123,CC1:C(O):C:C:C:C:1C(=O)N[C@@H](CSC1:C:C:C:C:C:1)[C@H](O)CN1C[C@H]2CCCC[C@H]2C[C@H]1C(=O)NC(C)(C)C,0
124,COC1:C:C:C(CCN2CCC(NC3:N:C4:C:C:C:C:C:4:N:3CC3:C:C:C(F):C:C:3)CC2):C:C:1,0
125,CN1C2CCC1CC(OC(=O)C(CO)C1:C:C:C:C:C:1)C2,0
126,CN(C)[C@@H]1C(=O)/C(=C(\N)O)C(=O)[C@@]2(O)C(=O)C3=C(O)C4:C(O):C:C:C(Cl):C:4[C@@](C)(O)[C@H]3C[C@@H]12.[Cl-].[H+],0
127,C[C@H]1C[C@H]2[C@@H]3CCC4=CC(=O)C=C[C@]4(C)[C@@]3(F)[C@@H](O)C[C@]2(C)[C@@]1(O)C(=O)CO,0
128,CC1(C)S[C@@H]2[C@H](NC(=O)C(C(=O)O)C3:C:C:C:C:C:3)C(=O)N2[C@H]1C(=O)O,0
129,C[C@@](CC1:C:C:C(O):C(O):C:1)(NN)C(=O)O,0
130,CC(C)(C)NCC(O)COC1:C:C:C:C2:C:1CCC(=O)N2,0
131,CC1:N:N:C(SCC2=C(C(=O)[O-])N3C(=O)[C@@H](NC(=O)CN4:C:N:N:N:4)[C@H]3SC2):S:1.[Na+],0
132,CC(=O)OCC1=C(C(=O)O)N2C(=O)[C@@H](NC(=O)CSC3:C:C:N:C:C:3)[C@H]2SC1,0
133,O=C(O)CCCC1:C:C:C(N(CCCl)CCCl):C:C:1,0
134,CCCN1C[C@H](CSC)C[C@@H]2C3:C:C:C:C4:[NH]:C:C(:C:3:4)C[C@H]21,1
135,CN1CCN(C2=NC3:C:C:C:C:C:3CC3:C:C:C:C:C:32)CC1,1
136,OCCN1CCN(CCCN2C3:C:C:C:C:C:3SC3:C:C:C(Cl):C:C:32)CC1,1
137,CCOC(=O)C1(C2:C:C:C:C:C:2)CCN(C)CC1,1
138,C1:C:C:C(C2(N3CCCCC3)CCCCC2):C:C:1,1
139,NNCCC1:C:C:C:C:C:1.O=S(=O)(O)O,1
140,CCC1(C2:C:C:C:C:C:2)C(=O)NC(=O)NC1=O,1
141,NC(=O)OCCCC1:C:C:C:C:C:1,1
142,CNC(=O)OC1:C:C:C2:C(:C:1)[C@]1(C)CCN(C)[C@@H]1N2C,1
143,NCC(O)C1:C:C:C(O):C(O):C:1,0
144,COC1:C:C:C2:N:C(S(=O)CC3:N:C:C(C):C(OC):C:3C):[NH]:C:2:C:1,0
145,CC1:O:N:C(C2:C:C:C:C:C:2):C:1C(=O)N[C@@H]1C(=O)N2[C@@H](C(=O)O)C(C)(C)S[C@H]12,0
146,OC[C@H]1O[C@@H](N2:C:N:C3:C:2NC=NC[C@H]3O)C[C@@H]1O,1
147,CC1(C)S[C@@H]2[C@H](NC(=O)COC3:C:C:C:C:C:3)C(=O)N2[C@H]1C(=O)[O-],0
148,O=C(NC(CO)C(O)C1:C:C:C([N+](=O)[O-]):C:C:1)C(Cl)Cl,0
149,NS(=O)(=O)C1:C:C2:C(:C:C:1Cl)NC=NS2(=O)=O,0
150,CCCNC(=O)NS(=O)(=O)C1:C:C:C(Cl):C:C:1,0
151,CN(C)[C@@H]1C(=O)/C(=C(\N)O)C(=O)[C@@]2(O)C(=O)C3=C(O)C4:C(O):C:C:C(Cl):C:4[C@@](C)(O)[C@H]3C[C@@H]12,0
152,NS(=O)(=O)C1:C:C(C2(O)NC(=O)C3:C:C:C:C:C:32):C:C:C:1Cl,0
153,CCOC(=O)C(C)(C)OC1:C:C:C(Cl):C:C:1,0
154,CC(C)(OC1:C:C:C(Cl):C:C:1)C(=O)O,0
155,ClC1:C:C:C:C:C:1C(C1:C:C:C:C:C:1)(C1:C:C:C:C:C:1)N1:C:C:N:C:1,0
156,C[C@]12C[C@H](O)[C@H]3[C@@H](CCC4=CC(=O)CC[C@@]43C)[C@@H]1CC[C@@H]2C(=O)CO,0
157,C[C@]12CC(=O)[C@H]3[C@@H](CCC4=CC(=O)CC[C@@]43C)[C@@H]1CC[C@]2(O)C(=O)CO,0
158,OCCC1CCN(CC/C=C2\C3:C:C:C(F):C:C:3SC3:C:C:C(C(F)(F)F):C:C:32)CC1,1
159,O=C1:[NH]:C2:C:C:C:C:C:2:N:1C1CCN(CCCC(C2:C:C:C(F):C:C:2)C2:C:C:C(F):C:C:2)CC1,1
160,OCCN1CCN(CC/C=C2/C3:C:C:C:C:C:3COC3:C:C:C(Cl):C:C:32)CC1,1
161,NC(=O)C1(N2CCCCC2)CCN(CCCC(=O)C2:C:C:C(F):C:C:2)CC1,1
162,O=C1CN=C(C2:C:C:C:C:C:2)C2:C:C(Cl):C:C:C:2N1CC1CC1,1
163,CC(=O)[C@H]1CC[C@H]2[C@@H]3CC[C@@H]4C[C@H](O)CC[C@]4(C)[C@H]3CC[C@]12C,1
164,CCC1(C2:C:C:C:C:C:2)C(=O)NCNC1=O,1
165,CCN(CC)CCOC(=O)C1:C:C:C(N):C:C:1,1
166,OC(CCN1CCCC1)(C1:C:C:C:C:C:1)C1CCCCC1,1
167,CN(C)CCCN1C2:C:C:C:C:C:2SC2:C:C:C:C:C:21,1
168,CC(C)NCC(O)COC1:C:C:C:C2:[NH]:C:C:C:1:2,1
169,CO[C@H](C(=O)[C@@H](O)[C@@H](C)O)[C@@H]1CC2:C:C3:C:C(O[C@H]4C[C@@H](O[C@H]5C[C@@H](O)[C@H](O)[C@@H](C)O5)[C@H](O)[C@@H](C)O4):C(C):C(O):C:3:C(O):C:2C(=O)[C@H]1O[C@H]1C[C@@H](O[C@H]2C[C@@H](O[C@H]3C[C@](C)(O)[C@H](O)[C@@H](C)O3)[C@H](O)[C@@H](C)O2)[C@H](O)[C@@H](C)O1,1
170,CC[C@H](C)C(=O)O[C@H]1C[C@H](O)C=C2C=C[C@H](C)[C@H](CC[C@@H](O)C[C@@H](O)CC(=O)O)[C@H]21,0
171,O=C(C1CCCCC1)N1CC(=O)N2CCC3:C:C:C:C:C:3C2C1,1
172,COC1:C:C(CC2:C:N:C(N):N:C:2N):C:C(OC):C:1OC,1
173,COC1:C:C(NCC2:C:C:C3:N:C(N):N:C(N):C:3:C:2C):C:C(OC):C:1OC,0
174,NC(CO)(CO)CO,0
175,NC1[C@@H]2CN(C3:N:C4:C(:C:C:3F):C(=O):C(C(=O)O):C:N:4C3:C:C:C(F):C:C:3F)C[C@H]12,1
176,NC(N)=O,1
177,O=C1:C:C:C2:C:C:C:C:C:2:O:1,0
178,NC1:C:C:C(S(=O)(=O)C2:C:C:C(N):C:C:2):C:C:1,0
179,C[C@H](CCC(=O)O)[C@H]1CC[C@H]2[C@@H]3C(=O)C[C@@H]4CC(=O)CC[C@]4(C)[C@H]3CC(=O)[C@@]21C,0
180,O=C1:C(CC2:C(O):O:C3:C:C:C:C:C:3:C:2=O):C(O):O:C2:C:C:C:C:C:1:2,0
181,CCN(CC)CCOC(=O)C1(C2CCCCC2)CCCCC1,0
182,CC/C(=C(/CC)C1:C:C:C(O):C:C:1)C1:C:C:C(O):C:C:1,0
183,C[C@H]1O[C@@H](O[C@H]2[C@@H](O)C[C@H](O[C@H]3[C@@H](O)C[C@H](O[C@H]4CC[C@]5(C)[C@H]6CC[C@]7(C)[C@H](C8=CC(=O)OC8)CC[C@]7(O)[C@@H]6CC[C@@H]5C4)O[C@@H]3C)O[C@@H]2C)C[C@H](O)[C@@H]1O,0
184,C[C@H]1O[C@@H](O[C@H]2[C@@H](O)C[C@H](O[C@H]3[C@@H](O)C[C@H](O[C@H]4CC[C@]5(C)[C@H]6C[C@@H](O)[C@]7(C)[C@@H](C8=CC(=O)OC8)CC[C@]7(O)[C@@H]6CC[C@@H]5C4)O[C@@H]3C)O[C@@H]2C)C[C@H](O)[C@@H]1O,0
185,O=C1:[NH]:C2:C:C:C:C:C:2:N:1CCCN1CCC(N2:C(=O):[NH]:C3:C:C(Cl):C:C:C:3:2)CC1,0
186,CC(CN1C2:C:C:C:C:C:2SC2:C:C:C:C:C:21)N(C)C,1
187,CCC(=O)C1:C:C:C2:C(:C:1)N(CC(C)N(C)C)C1:C:C:C:C:C:1S2,1
188,CC(C)C1:C:C:C:C(C(C)C):C:1O,1
189,CNCCCC1C2:C:C:C:C:C:2C=CC2:C:C:C:C:C:21,1
190,O=C1:C:C:[NH]:N:C:1,1
191,FC1:C:C:C:C:C:1C1=NCC(=S)N(CC(F)(F)F)C2:C:C:C(Cl):C:C:21,1
192,COC(=O)[C@H]1[C@H]2C[C@@H]3C4:[NH]:C5:C:C(OC):C:C:C:5:C:4CCN3C[C@H]2C[C@@H](OC(=O)/C=C/C2:C:C(OC):C(OC):C(OC):C:2)[C@@H]1OC,1
193,COC(=O)[C@H]1[C@H]2C[C@@H]3C4:[NH]:C5:C:C(OC):C:C:C:5:C:4CCN3C[C@H]2C[C@@H](OC(=O)C2:C:C(OC):C(OC):C(OC):C:2)[C@@H]1OC,1
194,C=CCC1(C(C)CCC)C(=O)NC(=O)NC1=O,1
195,O=C1CSC2(CCN(CCCN3C4:C:C:C:C:C:4SC4:C:C:C(Cl):C:C:43)CC2)N1.[Cl-].[H+],1
196,O=C1C(=O)C2:C:C:C:C:C:2C(O)=C1C1CCC(C2:C:C:C(Cl):C:C:2)CC1,0
197,O=C(O)CCCCCCCC(=O)O,0
198,CC[C@H]1OC(=O)[C@H](C)[C@@H](O[C@H]2C[C@@](C)(OC)[C@@H](O)[C@H](C)O2)C(C)[C@@H](O[C@@H]2O[C@H](C)C[C@H](N(C)C)[C@H]2O)[C@](C)(O)C[C@@H](C)CN(C)[C@H](C)[C@@H](O)[C@]1(C)O,0
199,CCC(C)C(N)C1=NC(C(=O)N[C@@H](CC(C)C)C(=O)N[C@H](CCC(=O)O)C(=O)N[C@H](C(=O)NCCCC[C@@H]2NC(=O)[C@H](CC(N)=O)NC(=O)[C@@H](CC(=O)O)NC(=O)[C@H](CC3:C:N:C:[NH]:3)NC(=O)[C@@H](CC3:C:C:C:C:C:3)NC(=O)[C@H]([C@@H](C)CC)NC(=O)[C@@H](CCCN)NC2=O)[C@@H](C)CC)CS1,0
200,CC(C[N+](C)(C)C)OC(N)=O.[Cl-],0
201,CC1:C:C:C(S(=O)(=O)[O-]):C:C:1.CC[N+](C)(C)CC1:C:C:C:C:C:1Br,0
202,CC(C)C[C@H]1C(=O)N2CCC[C@H]2[C@]2(O)O[C@](NC(=O)[C@@H]3C=C4C5:C:C:C:C6:[NH]:C(Br):C(:C:5:6)C[C@H]4N(C)C3)(C(C)C)C(=O)N12,0
203,CO[C@]12CC[C@@]3(C[C@@H]1[C@](C)(O)C(C)(C)C)[C@H]1CC4:C:C:C(O):C5:C:4[C@@]3(CCN1CC1CC1)[C@H]2O5,1
204,NCCC1:C:C:C(O):C(O):C:1,0
205,COC1:C:C:C:C2:C:1C(=O)C1:C(O):C3:C(:C(O):C:1C2=O)C[C@@](O)(C(=O)CO)C[C@@H]3O[C@H]1C[C@H](N)[C@H](O)[C@H](C)O1,0
206,C[C@H]1C2:C:C:C:C(O):C:2C(O)=C2C(=O)[C@]3(O)C(=O)/C(=C(/N)O)C(=O)[C@@H](N(C)C)[C@@H]3[C@@H](O)[C@@H]21.O,0
207,CCCCOC1:C:C:C(C(=O)CCN2CCCCC2):C:C:1.[Cl],0
208,ClC1:C:C:C(COC(CN2:C:C:N:C:2)C2:C:C:C(Cl):C:C:2Cl):C:C:1,0
209,CC(C)[C@H](NC(=O)[C@H](CC1:C:C:C:C:C:1)NC(=O)CNC(=O)[C@@H](C)NC(=O)[C@@H](N)CC1:C:C:C(O):C:C:1)C(N)=O,0
210,CN[C@@H](C)[C@H](O)C1:C:C:C:C:C:1,0
211,CNC[C@H](O)C1:C:C:C(O):C(O):C:1,0
212,CC[C@H]1OC(=O)[C@H](C)[C@@H](O[C@H]2C[C@@](C)(OC)[C@@H](O)[C@H](C)O2)[C@H](C)[C@@H](O[C@@H]2O[C@H](C)C[C@H](N(C)C)[C@H]2O)[C@](C)(O)C[C@@H](C)C(=O)[C@H](C)[C@@H](O)[C@]1(C)O,0
213,C[C@]12CC[C@@H]3C4:C:C:C(O):C:C:4CC[C@H]3[C@@H]1CC[C@@H]2O,0
214,NC1:C2:C(:N:C3:C:C:C:C:C:1:3)CCCC2,1
215,CN1C(=O)C(O)N=C(C2:C:C:C:C:C:2)C2:C:C(Cl):C:C:C:21,1
216,COC1:C:C2:C(:C:C:1OC)C1CC(=O)C(CC(C)C)CN1CC2,1
217,CCCCCC1:C:C(O):C2:C(:C:1)OC(C)(C)[C@@H]1CCC(C)=C[C@@H]21,1
218,COC1=CC=C2[C@H]3CC4:C:C:C(OC):C5:C:4[C@@]2(CCN3C)[C@H]1O5,1
219,CCSC1:C:C:C2:C(:C:1)N(CCCN1CCN(C)CC1)C1:C:C:C:C:C:1S2,1
220,CSC1:C:C:C2:C(:C:1)N(CCC1CCCCN1C)C1:C:C:C:C:C:1S2,1
221,CN1CCN(CC/C=C2\C3:C:C:C:C:C:3SC3:C:C:C(S(=O)(=O)N(C)C):C:C:32)CC1,1
222,N[C@@H]1C[C@H]1C1:C:C:C:C:C:1.[Cl-].[H+],1
223,O=C1:N(CCCN2CCN(C3:C:C:C:C(Cl):C:3)CC2):N:C2:C:C:C:C:N:1:2,1
224,CS(=O)(=O)OCCCCOS(C)(=O)=O,1
225,CC1=C(C(=O)O)N2C(=O)[C@@H](NC(=O)[C@H](N)C3=CCC=CC3)[C@H]2SC1,0
226,CCN(CC)CCCC(C)NC1:C:C:N:C2:C:C(Cl):C:C:C:1:2,1
227,COC1:C:C(N):C(Cl):C:C:1C(=O)NC1CCN(CCCOC2:C:C:C(F):C:C:2)CC1OC.O,1
228,NC1:N:C(Cl):N:C2:C:1:N:C:N:2[C@H]1C[C@H](O)[C@@H](CO)O1,1
229,C[N+]12CCC(CC1)C(OC(=O)C(O)(C1:C:C:C:C:C:1)C1:C:C:C:C:C:1)C2.[Br-],0
230,C[C@]12CC[C@@H]3C4:C:C:C(O):C:C:4CC[C@H]3[C@@H]1CCC2=O,0
231,C=C(CC)C(=O)C1:C:C:C(OCC(=O)O):C(Cl):C:1Cl,0
232,C#C[C@]1(O)CC[C@H]2[C@@H]3CCC4:C:C(O):C:C:C:4[C@H]3CC[C@@]21C,0
233,CC(CC1:C:C:C(O):C:C:1)NCC(O)C1:C:C(O):C:C(O):C:1,0
234,O=C1:[NH]:C(=O):N([C@H]2C[C@H](O)[C@@H](CO)O2):C:C:1F,0
235,CC1:O:N:C(C2:C(F):C:C:C:C:2Cl):C:1C(=O)N[C@@H]1C(=O)N2[C@@H](C(=O)O)C(C)(C)S[C@H]12,0
236,O=C1:[NH]:C:C(F):C(=O):[NH]:1,0
237,NS(=O)(=O)C1:C:C(C(=O)O):C(NCC2:C:C:C:O:2):C:C:1Cl,0
238,NC1:N:C(=O):C2:N:C:N(COC(CO)CO):C:2:[NH]:1,0
239,C[N+]1(C)CCC(OC(=O)C(O)(C2:C:C:C:C:C:2)C2CCCC2)C1.[Br-],0
240,O=C(CCCN1CCC(O)(C2:C:C:C:C(C(F)(F)F):C:2)CC1)C1:C:C:C(F):C:C:1,1
241,CN(C)CCCN1C2:C:C:C:C:C:2SC2:C:C:C(C(F)(F)F):C:C:21,1
242,CN1CCN(CCCN2C3:C:C:C:C:C:3SC3:C:C:C(C(F)(F)F):C:C:32)CC1,1
243,OC(CCN1CCCCC1)(C1:C:C:C:C:C:1)C1CCCCC1,1
244,COC1:C:C(C(=O)N2CCOCC2):C:C(OC):C:1OC,1
245,CC(CN(C)C)CN1C2:C:C:C:C:C:2CCC2:C:C:C:C:C:21,1
246,CCCCNC(=O)OCC(C)(CCC)COC(N)=O,1
247,O=C1:C:C:N(C2OC(CO)C(O)C2O):C(=O):[NH]:1,1
248,CCCC(CCC)C(=O)O,1
249,CN(C)C/C=C(/C1:C:C:C(Br):C:C:1)C1:C:C:C:N:C:1,1
250,CC(C)N=C1:C:C2:N(C3:C:C:C(Cl):C:C:3):C3:C:C:C:C:C:3:N:C2:C:C:1NC1:C:C:C(Cl):C:C:1,0
251,COC1:C:C2:C(:C(OC):C:1OC)C1:C:C:C(OC):C(=O):C:C:1[C@@H](NC(C)=O)CC2,0
252,O=C(O)C1:C:C(=O):C2:C:C(OCC(O)COC3:C:C:C:C4:O:C(C(=O)O):C:C(=O):C:3:4):C:C:C:2:O:1,0
253,NC1CONC1=O,1
254,NC(=O)NO,1
255,CC(C)[N+]1(C)C2CCC1CC(OC(=O)C(CO)C1:C:C:C:C:C:1)C2.[Br-],0
256,NC(N)=N/N=C/C1:C(Cl):C:C:C:C:1Cl,0
257,NC(N)=NCCN1CCCCCCC1,0
258,CN1C2CCC1CC(OC(=O)C(O)C1:C:C:C:C:C:1)C2,0
259,NNC1:N:N:C:C2:C:C:C:C:C:1:2,0
260,NS(=O)(=O)C1:C:C2:C(:C:C:1Cl)NCNS2(=O)=O,0
261,C[C@]12C[C@H](O)[C@H]3[C@@H](CCC4=CC(=O)CC[C@@]43C)[C@@H]1CC[C@]2(O)C(=O)CO,0
262,NS(=O)(=O)C1:C:C2:C(:C:C:1C(F)(F)F)NCNS2(=O)=O,0
263,CC(C)CC1:C:C:C(C(C)C(=O)O):C:C:1,0
264,COC1:C:C:C2:C(:C:1):C(CC(=O)O):C(C):N:2C(=O)C1:C:C:C(Cl):C:C:1,0
265,CN1CC2:C(C3:N:O:C([C@](C)(O)CO):N:3):N:C:N:2C2:C:C:C:C(Cl):C:2C1=O,0
267,C=C1CC2:C(CCN(CCC)CCC):C:C:C(O):C:2N1,1
268,CC1:N:C2:N(:C(=O):C:1CCN1CCC(C3:N:O:C4:C:C(F):C:C:C:3:4)CC1)CCC[C@H]2O,1
269,CC1:N:N:C2:N:1C1:C:C:C(Cl):C:C:1C(C1:C:C:C:C:C:1)=NC2,1
270,O=NN(CCCl)C(=O)NCCCl,1
271,CCC(C)N1:N:C:N(C2:C:C:C(N3CCN(C4:C:C:C(OC[C@H]5CO[C@](CN6:C:N:C:N:6)(C6:C:C:C(Cl):C:C:6Cl)O5):C:C:4)CC3):C:C:2):C:1=O,0
272,NCC1OC(OC2C(N)CC(N)C(OC3OC(CO)C(O)C(N)C3O)C2O)C(O)C(O)C1O,0
273,CC(C(=O)O)C1:C:C:C:C(C(=O)C2:C:C:C:C:C:2):C:1,1
274,O=C(C1:C:C:C:C:C:1)C1:C:C:C2:N:1CCC2C(=O)O,0
275,C[C@H](N)[C@H](O)C1:C:C:C:C(O):C:1,0
276,NNC(=O)C1:C:C:N:C:C:1,0
277,CC(C)NCC(O)C1:C:C:C(O):C(O):C:1,0
278,O=C1:C(O[C@@H]2O[C@H](CO)[C@@H](O)[C@H](O)[C@H]2O):C(C2:C:C:C(O):C(O):C:2):O:C2:C:C(O):C:C(O):C:1:2,0
279,CC(=O)N1CCN(C2:C:C:C(OC[C@H]3CO[C@](CN4:C:C:N:C:4)(C4:C:C:C(Cl):C:C:4Cl)O3):C:C:2)CC1,0
280,CC(CCC1:C:C:C:C:C:1)NCC(O)C1:C:C:C(O):C(C(N)=O):C:1,0
281,N[C@@H](CC1:C:C:C(O):C(O):C:1)C(=O)O,0
282,OCC(O)C(O)C(O)C(O)CO,0
283,C=C1C2:C(Cl):C:C:C(O):C:2C(O)=C2C(=O)C3(O)C(=O)/C(=C(/N)O)C(=O)C(N(C)C)C3C(O)C12,0
284,CC1:C:C:C(Cl):C(NC2:C:C:C:C:C:2C(=O)O):C:1Cl,0
285,CC1:C:C:C:C(NC2:C:C:C:C:C:2C(=O)O):C:1C,0
286,CN=C(NC#N)NCCSCC1:N:C:[NH]:C:1C,0
287,ClC1:C:C:C:C(Cl):C:1NC1=NCCN1,1
288,O=C1:N:C:[NH]:C2:C:1:N:C:N:2[C@H]1CC[C@@H](CO)O1,0
289,COCCC1:C:C:C(OCC(O)CNC(C)C):C:C:1,1
290,CC1:N:C:C([N+](=O)[O-]):N:1CCO,1
291,CC#C[C@]1(O)CC[C@H]2[C@@H]3CCC4=CC(=O)CCC4=C3[C@@H](C3:C:C:C(N(C)C):C:C:3)C[C@@]21C,0
292,CN(C)C1:C:C:C(O):C2:C:1C[C@H]1C[C@H]3[C@H](N(C)C)C(O)=C(C(N)=O)C(=O)[C@@]3(O)C(O)=C1C2=O,1
293,O=C(NCCN1CCOCC1)C1:C:C:C(Cl):C:C:1,1
294,CC(C)[N+](C)(CCOC(=O)C1C2:C:C:C:C:C:2OC2:C:C:C:C:C:21)C(C)C.[Br-],0
295,NC(=O)C1:C:N:C:C:N:1,1
296,CN(C)C(=O)OC1:C:C:C:[N+](C):C:1.[Br-],1
297,CCC1:N:C(N):N:C(N):C:1C1:C:C:C(Cl):C:C:1,1
298,C=C[C@H]1CN2CC[C@@H]1C[C@H]2[C@H](O)C1:C:C:N:C2:C:C:C(OC):C:C:1:2,0
299,NC(CC1:C:C:C(N(CCCl)CCCl):C:C:1)C(=O)O,0
300,C[N+]1(C)CCCC(OC(=O)C(O)(C2:C:C:C:C:C:2)C2:C:C:C:C:C:2)C1.[Br-],0
301,COC1:C:C:C(CN(CCN(C)C)C2:C:C:C:C:N:2):C:C:1,0
302,C1:C:C:C2:C(:C:1)SC1:C:C:C:C:C:1N2CC1CN2CCC1CC2,0
303,C#C[C@]1(O)CC[C@H]2[C@@H]3CCC4:C:C(OC):C:C:C:4[C@H]3CC[C@@]21C,0
304,CC[N+](C)(CC)CCOC(=O)C1C2:C:C:C:C:C:2OC2:C:C:C:C:C:21,0
305,CN(CC1:C:N:C2:N:C(N):N:C(N):C:2:N:1)C1:C:C:C(C(=O)N[C@@H](CCC(=O)O)C(=O)O):C:C:1,0
306,CN1C(CCl)NC2:C:C(Cl):C(S(N)(=O)=O):C:C:2S1(=O)=O,0
307,C[C@](N)(CC1:C:C:C(O):C(O):C:1)C(=O)O,0
308,COC1:C:C:C:N:C:1CCCCNC1:N:C:C(CC2:C:C:C(C):N:C:2):C(=O):[NH]:1.[Cl-].[Cl-].[Cl-].[H+].[H+].[H+],0
310,CC1:C:C:C(CC2:C:N:C(NCCSCC3:C:C:C(C(C)(C)N):O:3):[NH]:C:2=O):C:N:1,0
311,CN1CCN2C3:C:C:C:C:C:3CC3:C:C:C:C:C:3C2C1,1
312,CC1:N:C:C2:N:1C1:C:C:C(Cl):C:C:1C(C1:C:C:C:C:C:1F)=NC2,1
313,CC(C)C1:N:C(CN(C)C(=O)N[C@H](C(=O)N[C@@H](CC2:C:C:C:C:C:2)C[C@H](O)[C@H](CC2:C:C:C:C:C:2)NC(=O)OCC2:C:N:C:S:2)C(C)C):C:S:1,0
314,CC(C)(C)NC(=O)[C@@H]1C[C@@H]2CCCC[C@@H]2CN1C[C@@H](O)[C@H](CC1:C:C:C:C:C:1)NC(=O)[C@H](CC(N)=O)NC(=O)C1:C:C:C2:C:C:C:C:C:2:N:1,0
315,FCOC(C(F)(F)F)C(F)(F)F,1
316,CC(=O)NC1:C(I):C(NC(C)=O):C(I):C(C(=O)[O-]):C:1I.[Na+],0
317,CC(C)NCC(O)C1:C:C:C(NS(C)(=O)=O):C:C:1,1
318,CC1:C:N([C@H]2C=C[C@@H](CO)O2):C(=O):[NH]:C:1=O,1
319,CN[C@@H]1[C@H](O[C@H]2[C@H](O[C@@H]3[C@@H](N=C(N)N)[C@H](O)[C@@H](N=C(N)N)[C@H](O)[C@H]3O)O[C@@H](C)[C@]2(O)C=O)O[C@@H](CO)[C@H](O)[C@H]1O,0
320,NC1:C:C:C(S(=O)(=O)NC2:N:C:C:C:N:2):C:C:1,1
321,CC1:N:O:C(NS(=O)(=O)C2:C:C:C(N):C:C:2):C:1C,1
322,C[C@H]1C[C@H]2[C@@H]3CC[C@](O)(C(=O)CO)[C@@]3(C)C[C@H](O)[C@@H]2[C@@]2(C)C=CC(=O)C=C12,0
323,ClC1:C:C:C(COC(CN2:C:C:N:C:2)C2:C:C:C(Cl):C:C:2Cl):C(Cl):C:1,0
324,C[C@]12CC[C@@H]3[C@H]4CCC(=O)C=C4CC[C@H]3[C@@H]1CC[C@@H]2O,0
325,CCOC(=O)C(C1:C(O):O:C2:C:C:C:C:C:2:C:1=O)C1:C(O):O:C2:C:C:C:C:C:2:C:1=O,0
326,OCC1:C:C:C:N:C:1,0
327,C#C[C@]1(O)CC[C@H]2[C@@H]3CCC4=CC(=O)CC[C@@H]4[C@H]3CC[C@@]21C,0
328,NCC(O)C1:C:C:C:C(O):C:1,0
329,CC(CCC1:C:C:C:C:C:1)NC(C)C(O)C1:C:C:C(O):C:C:1,0
330,C[C@]12COC(=O)C[C@@H]1CC[C@@H]1[C@@H]2CC[C@@]2(C)[C@H]1CC[C@]2(C)O,0
331,O=C(O)CCC1:N:C(C2:C:C:C:C:C:2):C(C2:C:C:C:C:C:2):O:1,0
332,CN1CCN2C3:N:C:C:C:C:3CC3:C:C:C:C:C:3C2C1,1
333,CC1:C:C:N:C2:C:1NC(=O)C1:C:C:C:N:C:1N2C1CC1,1
335,ClC1:C:C:C2:C(:C:1)[C@H]1CNC[C@H]1C1:C:C:C:C:C:1O2,1
336,CC1:C:C:C:C2:C:1OC1:C:C:C:C:C:1[C@@]1(O)CCNC[C@H]21,1
337,C=CC[C@H](N)C1:C:C:C:C:C:1C1:N:O:C2:C:C:C:C:C:1:2,1
338,CC1:C:C:C:C2:C:1OC1:C:C:C:C:C:1[C@@]1(O)CCN(C)C[C@H]21,1
339,CN1C[C@@H]2C3:C:C(Cl):C:C:C:3OC3:C:C:C:C:C:3[C@@H]2C1,1
340,CN/C(=C\[N+](=O)[O-])NCCSCC1:C:C:C(CN(C)C):O:1,0
341,CC1:C:C(NS(=O)(=O)C2:C:C:C(N):C:C:2):N:O:1,1
342,CC/C(=C(\C1:C:C:C:C:C:1)C1:C:C:C(OCCN(C)C):C:C:1)C1:C:C:C:C:C:1,1
343,CC1(C)S[C@@H]2[C@H](NC(=O)[C@H](C(=O)[O-])C3:C:C:S:C:3)C(=O)N2[C@H]1C(=O)[O-].[Na+].[Na+],1
344,CC[C@@]1(O)C(=O)OCC2:C1:C:C1:N(:C:2=O)CC2:C:C3:C(CN(C)C):C(O):C:C:C:3:N:C:21,1
345,NC1:C:C:N([C@H]2CC[C@@H](CO)O2):C(=O):N:1,1
346,NS(=O)(=O)CC1:N:O:C2:C:C:C:C:C:1:2,1
347,C[C@@H]1OC(=O)C[C@H](O)C[C@H](O)CC[C@@H](O)[C@H](O)C[C@H](O)C[C@]2(O)C[C@H](O)[C@@H](C(=O)O)[C@H](C[C@@H](O[C@@H]3O[C@H](C)[C@@H](O)[C@H](N)[C@@H]3O)/C=C\C=C/C=C\C=C/C=C\C=C/C=C\[C@H](C)[C@@H](O)[C@H]1C)O2,0
348,NC1:N:C(=O):C2:C(:[NH]:1)NCC(CNC1:C:C:C(C(=O)N[C@@H](CCC(=O)[O-])C(=O)[O-]):C:C:1)N2C=O.[Ca+2],1
349,CN(C)[C@@H]1C(=O)/C(=C(\N)O)C(=O)[C@@]2(O)C(=O)C3=C(O)C4:C(O):C:C:C:C:4[C@@](C)(O)[C@H]3[C@H](O)[C@@H]12.O.O,0
350,COC1:C:C:C(CC2:N:C:C:C3:C:C(OC):C(OC):C:C:2:3):C:C:1OC,0
351,CC1(C)S[C@@H]2[C@H](NC(=O)CC3:C:C:C:C:C:3)C(=O)N2[C@H]1C(=O)O,0
352,CCOC1:C:C:C(NC(C)=O):C:C:1,0
353,NC1:C:C:C(N=NC2:C:C:C:C:C:2):C(N):N:1,0
354,CN(C)CCC(C1:C:C:C:C:C:1)C1:C:C:C:C:N:1,0
355,O=C1OC(C2:C:C:C(O):C:C:2)(C2:C:C:C(O):C:C:2)C2:C:C:C:C:C:21,0
356,CC(COC1:C:C:C:C:C:1)N(CCCl)CC1:C:C:C:C:C:1,0
357,CCCCC1C(=O)N(C2:C:C:C:C:C:2)N(C2:C:C:C:C:C:2)C1=O,0
358,CC(C)(C)NCC(O)C1:C:C:C(O):C(CO):N:1,0
359,CC1:N:C2:N(:C(=O):C:1CCN1CCC(C3:N:O:C4:C:C(F):C:C:C:3:4)CC1)CCCC2,1
360,CN1CC[C@@]2(C)C3:C:C(OC(=O)NC4:C:C:C:C:C:4):C:C:C:3N(C)[C@@H]12,1
361,CC1:C:C:C(CC2:C:N:C(NCCCCC3:N:C:C(Br):C:C:3C):[NH]:C:2=O):C:N:1,0
362,C#C[C@]1(O)CC[C@H]2[C@H]3[C@H](CC[C@@]21C)C1=C(CC(=O)CC1)C[C@H]3C,1
363,CC(C)(O/N=C(\C(=O)N[C@@H]1C(=O)N2C(C(=O)[O-])=C(C[N+]3:C:C:C:C:C:3)CS[C@H]12)C1:C:S:C(N):N:1)C(=O)O,1
364,NC1:[NH]:C(=O):N:C:C:1F,1
365,NC(N)=NCC1COC2(CCCCC2)O1,0
366,O=NN(CCCl)C(=O)NC1CCCCC1,1
367,O=S(=O)([O-])CCS.[Na+],0
368,CN(N=O)C(=O)N[C@H]1[C@@H](O)O[C@H](CO)[C@@H](O)[C@@H]1O,0
369,COC1:C:C([C@@H]2C3:C:C4:C(:C:C:3[C@@H](OC3OC5COC(C6:C:C:C:S:6)OC5C(O)C3O)[C@H]3COC(=O)[C@H]23)OCO4):C:C(OC):C:1O,1
370,S=P(N1CC1)(N1CC1)N1CC1,1
371,CN[C@H](CC(C)C)C(=O)NC1C(=O)N[C@@H](CC(N)=O)C(=O)N[C@H]2C(=O)N[C@H]3C(=O)N[C@H](C(=O)N[C@@H](C(=O)O)C4:C:C(O):C:C(O):C:4C4:C:C3:C:C:C:4O)[C@H](O)C3:C:C:C(:C(Cl):C:3)OC3:C:C2:C:C(:C:3O[C@@H]2O[C@H](CO)[C@@H](O)[C@H](O)[C@H]2O[C@H]2C[C@](C)(N)[C@H](O)[C@H](C)O2)OC2:C:C:C(:C:C:2Cl)[C@H]1O,0
372,CN1C(CSCC(F)(F)F)NC2:C:C(Cl):C(S(N)(=O)=O):C:C:2S1(=O)=O,0
373,C[C@]12C[C@H](O)[C@H]3[C@@H](CCC4=CC(=O)C=C[C@@]43C)[C@@H]1CC[C@]2(O)C(=O)CO,0
374,C[C@]12CC(=O)[C@H]3[C@@H](CCC4=CC(=O)C=C[C@@]43C)[C@@H]1CC[C@]2(O)C(=O)CO,0
375,CCCN(CCC)S(=O)(=O)C1:C:C:C(C(=O)O):C:C:1,0
376,CC(=O)[C@H]1CC[C@H]2[C@@H]3CCC4=CC(=O)CC[C@]4(C)[C@H]3CC[C@]12C,0
377,CC(C)NCC(O)COC1:C:C:C:C2:C:C:C:C:C:1:2,0
378,CC1OC(O[C@@H]2C=C3CC[C@@H]4[C@H](CC[C@]5(C)[C@@H](C6:C:C:C(=O):O:C:6)CC[C@]45O)[C@@]3(C)CC2)C(O)C(O)C1O,0
379,COC1:C:C:C(C[C@H](N)C(=O)NC2[C@@H](CO)O[C@@H](N3:C:N:C4:C(N(C)C):N:C:N:C:4:3)[C@@H]2O):C:C:1,0
380,NC(=O)C1:N:C:N([C@@H]2O[C@H](CO)[C@@H](O)[C@H]2O):N:1,0
381,CN=C(NC#N)NCCSCC1:C:S:C(N=C(N)N):N:1,1
382,C1:C:C(CN2CCCCC2):C:C(OCCCNC2:N:C3:C:C:C:C:C:3:S:2):C:1.O=C(O)/C=C\C(=O)O.O=C(O)/C=C\C(=O)O,1
383,OCC1:N:C:C2:N:1C1:C:C:C(Cl):C:C:1C(C1:C:C:C:C:C:1F)=NC2,1
384,CC(Cl)(Cl)Cl,1
386,CC(C)CO,1
387,CCC(C)(C)C,1
388,NC1:N:C:N:C2:C:1:N:C:N:2C1OC(CO)C(O)C1O,1
389,CN1CC2:C(C3:N:O:C(C(C)(CO)CO):N:3):N:C:N:2C2:C:C:C:C(Cl):C:2C1=O,0
391,S=C(NC1CCCCC1)N1CCC(C2:C:N:C:[NH]:2)CC1,1
392,COC1C=COC2(C)OC3:C(C):C(O):C4:C(:C:3C2=O)C(=O)C(=CNN2CCN(C)CC2)C(=C4O)NC(=O)C(C)=CC=CC(C)C(O)C(C)C(O)C(C)C(OC(C)=O)C1C,0
393,O=C(O)C1:C:C:C:C:C:1O,0
394,CN1[C@H]2CC(OC(=O)[C@H](CO)C3:C:C:C:C:C:3)C[C@@H]1[C@H]1O[C@@H]21,0
395,CC(=O)S[C@@H]1CC2=CC(=O)CC[C@]2(C)[C@H]2CC[C@@]3(C)[C@@H](CC[C@@]34CCC(=O)O4)[C@@H]21,0
396,C[C@]12CC3:C:N:[NH]:C:3C[C@@H]1CC[C@@H]1[C@@H]2CC[C@@]2(C)[C@H]1CC[C@]2(C)O,0
397,O=C(O)C1=C/C(=N\NC2:C:C:C(S(=O)(=O)NC3:C:C:C:C:N:3):C:C:2)C=CC1=O,0
398,CC(C)N1CCN(C2:C:C:C(OC[C@H]3CO[C@](CN4:C:N:C:N:4)(C4:C:C:C(Cl):C:C:4Cl)O3):C:C:2)CC1,0
399,C[C@]12CC[C@H]3[C@@H](CCC4=CC(=O)C=C[C@@]43C)[C@@H]1CCC(=O)O2,0
400,C[C@]12CC[C@H]3[C@@H](CCC4=CC(=O)CC[C@@]43C)[C@@H]1CC[C@@H]2O,0
401,CN(C)[C@@H]1C(=O)/C(=C(\N)O)C(=O)[C@@]2(O)C(=O)C3=C(O)C4:C(O):C:C:C:C:4[C@@](C)(O)[C@H]3C[C@@H]12,0
402,CCCC(C)CC,1
403,CCC(C)CC,1
404,CC1:N:C:C2:N:1C1:C:C:C(Cl):C:C:1C(C1:C:C:C:C:C:1F)=NC2O,1
405,CC1:C(N(C)C):C(=O):N(C2:C:C:C:C:C:2):N:1C,1
406,CC(C)NCC(O)COC1:C:C:C(CC(N)=O):C:C:1,0
407,C1:C:C:C:C:C:1,1
408,CC(C)(C)OC(=O)C1:N:C:N2:C:1[C@@H]1CCCN1C(=O)C1:C(Br):C:C:C:C:12,1
409,O=C(CCCN1CCC(O)(C2:C:C:C(Br):C:C:2)CC1)C1:C:C:C(F):C:C:1,1
410,OC(C1:C:C(C(F)(F)F):N:C2:C(C(F)(F)F):C:C:C:C:1:2)C1CCCCN1,1
412,CN1C2:C:C:C:C:C:2C(C2:C:C:C:C:C:2F)=NCC1CNC(=O)C1:C:C:S:C:1,1
413,C[C@]12CCC(=O)C=C1CC[C@@H]1[C@@H]2[C@@H](O)C[C@]2(C=O)[C@@H](C(=O)CO)CC[C@@H]12,0
414,O=C(CC1:C:C:C(Cl):C(Cl):C:1)N1CCCC[C@H]1CN1CCCC1,1
415,O=C(CC1:C:C:C(Cl):C(Cl):C:1)N1CCC2:C:C:C:C:C:2[C@H]1CN1CCCC1,1
416,O=C(CC1:C:C:C(C(F)(F)F):C:C:1)N1CCCC[C@H]1CN1CCCC1,1
417,O=C(CC1:C:C:C(Cl):C(Cl):C:1)N1CCC2:S:C:C:C:2[C@H]1CN1CCCC1,1
418,CN1:C(=O):C2:[NH]:C:N:C:2:N(C):C:1=O,0
419,NC1:N:C(=S):C2:[NH]:C:N:C:2:[NH]:1,0
420,CC1:C:C:C(S(=O)(=O)NC(=O)NN2CCCCCC2):C:C:1,0
421,CCCCNC(=O)NS(=O)(=O)C1:C:C:C(C):C:C:1,0
422,C[C@]12C[C@H](O)[C@@]3(F)[C@@H](CCC4=CC(=O)C=C[C@@]43C)[C@@H]1C[C@@H](O)[C@]2(O)C(=O)CO,0
423,NC1:N:C(N):C2:N:C(C3:C:C:C:C:C:3):C(N):N:C:2:N:1,0
424,NS(=O)(=O)C1:C:C2:C(:C:C:1Cl)NC(C(Cl)Cl)NS2(=O)=O,0
425,CC(C)C1NC(=O)[C@@H](C(C)C)OC(=O)[C@H](C(C)C)NC(=O)[C@H](C)OC(=O)[C@@H](C(C)C)NC(=O)[C@@H](C(C)C)OC(=O)[C@H](C(C)C)NC(=O)[C@H](C)OC(=O)[C@@H](C(C)C)NC(=O)[C@@H](C(C)C)OC(=O)[C@H](C(C)C)NC(=O)[C@H](C)OC1=O,0
426,COC1:C:C:C(CCN(C)CCCC(C#N)(C2:C:C:C(OC):C(OC):C:2)C(C)C):C:C:1OC,0
427,CC(=O)CC(C1:C:C:C:C:C:1)C1:C(O):O:C2:C:C:C:C:C:2:C:1=O,0
428,CCC(C)=O,1
429,C1CC1,1
430,NCCCN1C2:C:C:C:C:C:2CCC2:C:C:C:C:C:21,1
432,CCOCC,1
433,C=COC=C,1
434,FC(F)OC(F)(F)C(F)Cl,1
435,O=C(CC1:C:C:C(Cl):C(Cl):C:1)N1CCC2:[NH]:C:N:C:2[C@H]1CN1CCCC1,0
436,CC1(C)CCN(C(=O)CC2:C:C:C(Cl):C(Cl):C:2)[C@@H](CN2CCCC2)C1,1
437,CC(C)(C(=O)O)C1:C:C:C(C(=O)CCCN2CCC(OC(C3:C:C:C:C:C:3)C3:C:C:C:C:C:3)CC2):C:C:1,0
438,O=C(O)COCCN1CCN(C(C2:C:C:C:C:C:2)C2:C:C:C(Cl):C:C:2)CC1,0
439,O=C(O)C1:C:N(C2CC2):C2:C:C(N3CCNCC3):C(F):C:C:2:C:1=O,0
440,CCC1:C(O):C(=O):C:C:N:1CCO,0
441,CCC1:C(O):C(=O):C:C:N:1CCCCO,0
442,COC(=O)[C@H]1[C@@H](O)CC[C@H]2CN3CCC4:C(:[NH]:C5:C:C:C:C:C:4:5)[C@@H]3C[C@@H]21,0
443,CC1:C:N([C@H]2C[C@H](N=[N+]=[N-])[C@@H](CO)O2):C(=O):[NH]:C:1=O,0
444,CC(=O)C1:C:C:C2:C(:C:1)N(CCCN(C)C)C1:C:C:C:C:C:1S2,1
445,CC(=O)C1:C:C:C2:C(:C:1)N(CCCN1CCN(CCO)CC1)C1:C:C:C:C:C:1S2,1
446,CC(=O)NC1:N:N:C(S(N)(=O)=O):S:1,1
447,C=CCC1(CC=C)C(=O)NC(=O)NC1=O,1
448,NC12CC3CC(CC(C3)C1)C2.[Cl-].[H+],1
450,CCC1(CCC(C)C)C(=O)NC(=O)NC1=O,1
451,CC(N)CC1:C:C:C:C:C:1,1
452,CCO,1
454,CCOC(=O)C1:N:C:N2:C:1CN(C)C(=O)C1:C:C(F):C:C:C:12,1
455,CN1C(=O)CN=C(C2:C:C:C:C:C:2F)C2:C:C([N+](=O)[O-]):C:C:C:21,1
456,C=COCC(F)(F)F,1
457,FC(F)(F)C(Cl)Br,1
458,CCCCCCC,1
459,CCCCCC,1
460,CC1:C(O):C(=O):C:C:N:1C,1
461,CCN1:C:C:C(=O):C(O):C:1C,1
462,CCCCN1:C:C:C(=O):C(O):C:1C,1
463,CCCCCN1:C:C:C(=O):C(O):C:1C,1
465,CC1:C(O):C(=O):C:C:N:1CCCO,0
466,CCC1:C(O):C(=O):C:C:N:1CC,1
467,CN1CCN(C2:C:C3:C(:C:C:2F):C(=O):C(C(=O)O):C:N:3C2:C:C:C(F):C:C:2)CC1,0
468,CC1:C:C(=O):N(C2:C:C:C:C:C:2):N:1C,1
469,CN1CCC2:C:C:C:C3:C:2[C@H]1CC1:C:C:C(O):C(O):C:13,1
470,COC(=O)C1=CCCN(C)C1,1
471,O=C(CCCN1CCN(C2:C:C:C:C:N:2)CC1)C1:C:C:C(F):C:C:1,1
472,CCN(CC)CCOC(=O)C(O)(C1:C:C:C:C:C:1)C1:C:C:C:C:C:1.[Cl-].[H+],1
473,O=C(CCCN1CCC(N2:C(=O):[NH]:C3:C:C:C:C:C:3:2)CC1)C1:C:C:C(F):C:C:1,1
474,CCOC(=O)C1:C:C:C(N):C:C:1,1
475,CCN(CC)C(=O)C1CN2CCC3:C:C(OC):C(OC):C:C:3C2CC1OC(C)=O,1
476,CN1C2CCC1CC(OC(C1:C:C:C:C:C:1)C1:C:C:C:C:C:1)C2.O=S(=O)(O)O,1
477,OC(CCN1CCCCC1)(C1:C:C:C:C:C:1)C1CC2C=CC1C2,1
478,CN1C(=O)NC(=O)C(C)(C2=CCCCC2)C1=O,1
479,CC(C)(C)NC(=O)[C@@H]1CN(CC2:C:C:C:N:C:2)CCN1C[C@@H](O)C[C@@H](CC1:C:C:C:C:C:1)C(=O)N[C@H]1C2:C:C:C:C:C:2C[C@H]1O,1
480,FC(F)OC(Cl)C(F)(F)F,1
481,C=CCC1(C(C)C#CCC)C(=O)NC(=O)N(C)C1=O,1
482,COC(F)(F)C(Cl)Cl,1
483,CC1CCCC1,1
486,CN(C)CCOC(C)(C1:C:C:C:C:C:1)C1:C:C:C:C:N:1,1
487,CN(C(=O)CC1:C:C:C:C:C:1N)[C@@H](CN1CC[C@@H](O)C1)C1:C:C:C:C:C:1,0
488,CCN1:C:C(C(=O)O):C(=O):C2:C:C(F):C(N3CCNCC3):N:C:2:1,0
489,CN1CCN(C2:C(F):C:C3:C(=O):C(C(=O)O):C:N(CCF):C:3:C:2F)CC1,0
490,CC(=O)N1CCN(C(=O)CC2:C:C:C(Cl):C(Cl):C:2)[C@@H](CN2CCCC2)C1,1
491,O=C(CC1:C:C:C(Cl):C(Cl):C:1)N1CCC2:O:C:C:C:2[C@H]1CN1CCCC1,1
492,COC(=O)N1CCN(C(=O)CC2:C:C:C(Cl):C(Cl):C:2)[C@@H](CN2CCCC2)C1,1
493,O=C1CN=C(C2:C:C:C:C:N:2)C2:C:C(Br):C:C:C:2N1,1
494,CC(C)(C)C1:C:C:C(CN2CCN(C(C3:C:C:C:C:C:3)C3:C:C:C(Cl):C:C:3)CC2):C:C:1,1
495,CN(C)CCC1:C:[NH]:C2:C:C:C(O):C:C:1:2,1
496,CC(NC(C)(C)C)C(=O)C1:C:C:C:C(Cl):C:1,1
497,O=C(NCC1:C:C:C:C:C:1)OCCO,1
498,CCC(C)C1(CC)C(=O)NC(=O)NC1=O,1
499,CN1:C(=O):C2:C(:N:C:N:2C):N(C):C:1=O,1
500,C=C(C)[C@@H]1CCC(C)=CC1C1:C(O):C:C(CCCCC):C:C:1O,1
501,CCC(C)C(CC)C(=O)NC(N)=O,1
502,NC(=O)N1C2:C:C:C:C:C:2C=CC2:C:C:C:C:C:21,1
503,CSC1:C:C:C2:C(:C:1)N(CCC1CCCNC1)C1:C:C:C:C:C:1S2,1
505,CN1:C(=O):[NH]:C2:N:C:N(C):C:2:C:1=O,1
506,CCCCC,1
507,CCCO,1
508,CC(C)=O,1
509,CCOC(=O)N1CCN(C(=O)CC2:C:C:C(Cl):C(Cl):C:2)[C@@H](CN2CCCC2)C1,1
510,CCCOC(=O)N1CCN(C(=O)CC2:C:C:C(Cl):C(Cl):C:2)[C@@H](CN2CCCC2)C1,1
511,O=C(CC1:C:C:C(Cl):C(Cl):C:1)N1CCC2:O:C:C:C:2[C@H]1CN1CC[C@@H](O)C1,1
512,CC(=O)N1CCN(C(=O)CC2:C:C:C(Cl):C(Cl):C:2)[C@@H](CN2CC[C@@H](O)C2)C1,0
513,CC(=O)N1CCN(C(=O)CC2:C:C:C(C(F)(F)F):C:C:2)[C@@H](CN2CC[C@@H](O)C2)C1,0
514,CSC1:C:C:C(CC(=O)N2CCN(C(C)=O)C[C@@H]2CN2CC[C@@H](O)C2):C:C:1,0
515,CC(=O)N1CCN(C(=O)CC2:C:C(F):C:C(F):C:2)[C@@H](CN2CC[C@@H](O)C2)C1,0
516,COC1:C:C:C:C(CC(=O)N2CCN(C(C)=O)C[C@@H]2CN2CC[C@@H](O)C2):C:1,0
517,CC(=O)N1CCN(C(=O)CC2:C:C:C([N+](=O)[O-]):C:C:2)[C@@H](CN2CC[C@H](O)C2)C1,0
518,COC1:C:C:C(CC(=O)N2CCN(C(C)=O)C[C@@H]2CN2CC[C@@H](O)C2):C:C:1,0
519,CCC(=O)C1:C:C:C2:C(:C:1)N(CCCN1CCN(CCO)CC1)C1:C:C:C:C:C:1S2,1
520,CCCCNC1:C(C(=O)OCC):C:N:C2:C:1:C:N:N:2CC,1
521,NN1:C:N:C2:C:C3:C:C:C:C:C:3:C:C:2:C:1=O,1
522,OC(O)C(Cl)(Cl)Cl,1
523,CN=C1CN(O)C(C2:C:C:C:C:C:2)=C2:C:C(Cl):C:C:C:2=N1,1
524,CN(C)CCCN1C2:C:C:C:C:C:2SC2:C:C:C(Cl):C:C:21,1
525,CN(C)CC/C=C1/C2:C:C:C:C:C:2SC2:C:C:C(Cl):C:C:21,1
526,O=C1:[NH]:C2:C:C(Cl):C:C:C:2:O:1,1
527,C[N+](C)(C)CCO,1
528,CN1C(=O)CC(=O)N(C2:C:C:C:C:C:2)C2:C:C(Cl):C:C:C:21,1
532,O=C(O)CNC(=O)C1:C:C:C:C:C:1O,1
533,CN1CCCCC1CCN1C2:C:C:C:C:C:2SC2:C:C:C(S(C)(=O)=O):C:C:21,1
534,FC(Br)C(F)(F)F,1
535,CN1:C:N:C2:C:1:C(=O):[NH]:C(=O):N:2C,1
536,CCCC(C)C1(CC)C(=O)NC(=S)NC1=O,0
537,CC1:C:C:C:C:C:1,1
538,CC1:N:N:C2:N:1C1:C:C:C(Cl):C:C:1C(C1:C:C:C:C:C:1Cl)=NC2,1
539,CC(=O)N1CCN(C(=O)CC2:C:C:C:C([N+](=O)[O-]):C:2)[C@@H](CN2CC[C@H](O)C2)C1,0
540,CC(=O)N1CCN(C(=O)CC2:C:C:C:C:C:2)[C@@H](CN2CC[C@@H](O)C2)C1,0
541,CC(=O)N1CCN(C(=O)CC2:C:C:C([S@@](C)=O):C:C:2)[C@@H](CN2CC[C@H](O)C2)C1,0
542,CC(=O)N1CCN(C(=O)CC2:C:C:C(S(C)(=O)=O):C:C:2)[C@@H](CN2CC[C@H](O)C2)C1,0
543,CC(C)[C@@H](CN1CCCC1)N(C)C(=O)CC1:C:C:C(Cl):C(Cl):C:1,1
544,CN(C(=O)CC1:C:C:C(Cl):C(Cl):C:1)[C@@H](CN1CCCC1)C1:C:C:C:C:C:1,1
545,CC1:C:C(N/C(O)=C2\C(=O)C3:C:C:C:C:C:3S(=O)(=O)N2C):N:O:1,0
546,C=CCN1CC[C@]23CCCC[C@H]2[C@H]1CC1:C:C:C(O):C:C:13,1
547,CCN1:C:C(C(=O)O):C(=O):C2:C:C(F):C(N3CCNC(C)C3):C(F):C:2:1,0
549,CN(C)CCCN1C2:C:C:C:C:C:2CCC2:C:C:C(Cl):C:C:21,1
550,O=C1CN=C(C2:C:C:C:C:C:2Cl)C2:C:C([N+](=O)[O-]):C:C:C:2N1,1
551,OCCN1CCN(CC/C=C2/C3:C:C:C:C:C:3SC3:C:C:C(Cl):C:C:32)CC1,1
552,O=C1:[NH]:C2:C:C(Cl):C:C:C:2:N:1C1CCN(CCCC(C2:C:C:C(F):C:C:2)C2:C:C:C(F):C:C:2)CC1,1
553,COC(=O)[C@@H]1C2CCC(C[C@@H]1OC(=O)C1:C:C:C:C:C:1)N2C,1
554,COC1:C:C:C2:C3:C:1O[C@H]1[C@@H](O)C=C[C@H]4[C@@H](C2)N(C)CC[C@]314,1
555,CC1C2CC3:C:C:C(O):C:C:3C1(C)CCN2CC1CC1,1
556,FC(F)(F)C1:C:C:C2:C(:C:1)N(CCCN1CCN(C3CC3)CC1)C1:C:C:C:C:C:1S2,1
557,CN(C)CCO,1
558,CCOC(=O)C1(C2:C:C:C:C:C:2)CCN(C)CC1.[Cl-].[H+],1
559,ClC=C(Cl)Cl,1
560,ClC(Cl)Cl,1
563,NCCC1:N:C:C:S:1,1
564,NCCC1:N:C(C2:C:C:C:C:C:2):C:S:1,0
566,CC1:C:C:C:C(C):C:1,1
567,CCOC(=O)N1CCC(=C2C3:C:C:C(Cl):C:C:3CCC3:C:C:C:N:C:32)CC1,0
568,CC1:C:N:C(N/C(O)=C2/C(=O)C3:C:C:C:C:C:3S(=O)(=O)N2C):S:1,0
569,C=CCN1CC[C@]23C4:C5:C:C:C(O):C:4O[C@H]2[C@@H](O)C=C[C@H]3[C@H]1C5,1
570,O=C1CC[C@@]2(O)[C@H]3CC4:C:C:C(O):C5:C:4[C@@]2(CCN3CC2CC2)[C@H]1O5,1
571,CCN1:C:C(C(=O)O):C(=O):C2:C:C(F):C(N3CCNCC3):C:C:2:1,0
572,CCN1:C:C(C(=O)O):C(=O):C2:C:C(F):C(N3CCN(C)CC3):C:C:2:1,0
573,CN1/C(=C(/O)NC2:C:C:C:C:N:2)C(=O)C2:C:C:C:C:C:2S1(=O)=O,0
574,CS(=O)(=O)O.OC1:C:C:C2:[NH]:C:C(CCCCN3CC=C(C4:C:C:C:C:C:4)CC3):C:2:C:1,1
575,COC(=O)[C@H]1[C@H]2C[C@@H]3C4:[NH]:C5:C:C:C:C:C:5:C:4CCN3C[C@H]2C[C@@H](OC(=O)C2:C:C(OC):C(OC):C(OC):C:2)[C@@H]1OC,1
576,CNCCCN1C2:C:C:C:C:C:2CCC2:C:C:C:C:C:21,1
577,CN1C(=O)CN=C(C2:C:C:C:C:C:2)C2:C:C(Cl):C:C:C:21,1
578,COC1:C:C:C2:C3:C:1O[C@H]1[C@@H](O)CC[C@H]4[C@@H](C2)N(C)CC[C@]314,1
579,CN1CCC23C4:C5:C:C:C(O):C:4OC2C(O)CCC3C1C5,1
580,CN(C)CCOC(C1:C:C:C:C:C:1)C1:C:C:C:C:C:1,1
581,O=C1NC(=O)C(C2:C:C:C:C:C:2)(C2:C:C:C:C:C:2)N1,1
582,CC(CN1CCN(CCOCCO)CC1)CN1C2:C:C:C:C:C:2SC2:C:C:C:C:C:21,1
583,COC(=O)C1:C:C:C(C(=O)OC):C:C:1,1
584,CC1:C:C:C:C:C:1C,1
585,CC1:C:C:C(C):C:C:1,1
586,CC(C)O,1
588,CC[C@H](NC(=O)C1:C(C):C(C2:C:C:C:C:C:2):N:C2:C:C:C:C:C:1:2)C1:C:C:C:C:C:1,1
590,CC(C)NC1:C:C:C:N:C:1N1CCN(C(=O)C2:C:C3:C:C(NS(C)(=O)=O):C:C:C:3:[NH]:2)CC1,0
591,CC(C)(C)C1:C:C:C(C(=O)CCCN2CCC(OC(C3:C:C:C:C:C:3)C3:C:C:C:C:C:3)CC2):C:C:1,0
592,CN1CCN(CC(=O)N2C3:C:C:C:C:C:3C(=O)NC3:C:C:C:N:C:32)CC1,1
593,CCCNC(=O)C1:C:C:C2:C(:C:1)N([C@@H](C)CN1CCCC1)C1:C:C:C:C:C:1S2,1
594,CN1CCN(C2:C(F):C:C3:C(=O):C(C(=O)O):C:N4:C:3:C:2SCC4)CC1,0
595,CC(C)(C)NCC(O)C1:C:C:C(O):C(CO):C:1,0
596,CN1CCN(C(=O)CC2:C:C:C(Cl):C(Cl):C:2)[C@@H](CN2CCCC2)C1,1
597,O=C(CC1:C:C:C(Cl):C(Cl):C:1)N1CCN2:C:C:N:C:2[C@H]1CN1CCCC1,1
598,O=C1NC(=O)[C@@]2(CCN(C(=O)CC3:C:C:C(Cl):C(Cl):C:3)[C@@H](CN3CCCC3)C2)N1,0
599,O=C(CC1:C:C:C(Cl):C(Cl):C:1)N1CCN2:C:C:N:C:2[C@H]1CN1CC[C@@H](O)C1,0
600,O=C(CC1:C:C:C(Cl):C(Cl):C:1)N1CCN2:N:C:N:C:2[C@H]1CN1CCCC1,1
601,O=C(CC1:C:C:C(Cl):C(Cl):C:1)N1CCN(CCO)C[C@@H]1CN1CC[C@@H](O)C1,0
602,CN(C)CC/C=C1/C2:C:C:C:C:C:2COC2:C:C:C:C:C:21.[Cl-].[H+],1
603,CN(C)CCOC(C)(C1:C:C:C:C:C:1)C1:C:C:C:C:N:1.O=C(O)CCC(=O)O,1
604,O=C(CCCN1CC=C(N2:C(=O):[NH]:C3:C:C:C:C:C:3:2)CC1)C1:C:C:C(F):C:C:1,1
605,C/C=C(\CC)C(=O)NC(N)=O,1
606,CCC(C)(CC)OC(N)=O,1
607,ClC1:C:C:C2:C(:C:1)C(C1:C:C:C:C:C:1)=NCC1:N:N:C:N:12,1
608,CCC1:C:C:C:C:C:1N1:C(C):N:C2:C:C:C:C:C:2:C:1=O,1
609,CCOC(=O)C1:C:N:C2:C(:C:N:N:2CC):C:1NN=C(C)C,1
610,C#CC(O)(/C=C/Cl)CC,1
611,C#CC1(OC(N)=O)CCCCC1,1
615,S=C(NC1CCCCC1)N1CCC(C2:C:[NH]:C:N:2)CC1,1
616,CN1CC[C@@H]2C3:C:C(Cl):C:C:C:3OC3:C:C:C:C:C:3[C@H]2C1,1
617,O=C1CCCN1CCCCN1CCN(C2:C:C(C(F)(F)F):C:C(Cl):N:2)CC1,1
618,ClC1:C:C:C2:C(:C:1)[C@H]1CCNC[C@@H]1C1:C:C:C:C:C:1O2,1
619,O=C(CC1:C:C:C(Cl):C(Cl):C:1)N1CCC2:[NH]:C:N:C:2[C@H]1CN1CC[C@@H](O)C1,0
620,CC[C@H](NC(=O)C1:C(O):C(C2:C:C:C:C:C:2):N:C2:C:C:C:C:C:1:2)C1:C:C:C:C:C:1,1
621,CC[C@H](NC(=O)C1:C(OCCCN(C)C):C(C2:C:C:C:C:C:2):N:C2:C:C:C:C:C:1:2)C1:C:C:C:C:C:1,1
622,CC[C@H](NC(=O)C1:C(OCC(=O)O):C(C2:C:C:C:C:C:2):N:C2:C:C:C:C:C:1:2)C1:C:C:C:C:C:1,0
623,CC[C@H](NC(=O)C1:C(OCCCC(=O)O):C(C2:C:C:C:C:C:2):N:C2:C:C:C:C:C:1:2)C1:C:C:C:C:C:1,0
624,CC[C@H](NC(=O)C1:C(OCCNC(=O)CC2:C:C:C:C:C:2C(=O)O):C(C2:C:C:C:C:C:2):N:C2:C:C:C:C:C:1:2)C1:C:C:C:C:C:1,0
625,CC[C@H](NC(=O)C1:C(OCCNC(=O)CC2:C:C:C:C:N:2):C(C2:C:C:C:C:C:2):N:C2:C:C:C:C:C:1:2)C1:C:C:C:C:C:1,0
626,CC[C@H](NC(=O)C1:C(OCCNC(=O)[C@@H]2CCCN2):C(C2:C:C:C:C:C:2):N:C2:C:C:C:C:C:1:2)C1:C:C:C:C:C:1,0
627,CC[C@H](NC(=O)C1:C(CN2:C:C:N:C:2):C(C2:C:C:C:C:C:2):N:C2:C:C:C:C:C:1:2)C1:C:C:C:C:C:1,0
628,C[C@H]1CN(C2:C(F):C(N):C3:C(=O):C(C(=O)O):C:N(C4CC4):C:3:C:2F)C[C@@H](C)N1,0
629,CCC1(C)CC(=O)NC1=O,1
630,CCC1:C:C:C2:C(:C:1)N(CC(C)CN(C)C)C1:C:C:C:C:C:1S2,1
631,OCCN1CCN(CC/C=C2/C3:C:C:C:C:C:3SC3:C:C:C(C(F)(F)F):C:C:32)CC1,1
632,OCCN1CCN(CCCN2C3:C:C:C:C:C:3SC3:C:C:C(C(F)(F)F):C:C:32)CC1,1
633,CCN(CC)CCN1C(=O)CN=C(C2:C:C:C:C:C:2F)C2:C:C(Cl):C:C:C:21,1
634,COC1:C:C2:C3:C(:C:1O)C1(C=CC(=O)C=C1)CC3N(C)CC2,1
635,CCC1(C2:C:C:C:C:C:2)CCC(=O)NC1=O,1
636,O=C(CCCN1CCC(O)(C2:C:C:C(Cl):C:C:2)CC1)C1:C:C:C(F):C:C:1,1
637,CC1:[NH]:C:C:C2:C:1:[NH]:C1:C:C(=O):C:C:C:1:2,1
638,CC1:N:C:C:C2:C:1:[NH]:C1:C:C:C:C:C:1:2,1
639,O=[N+]([O-])C1:C:C:[NH]:C:1NCCSCC1:C:C:C:C:N:1,1
640,CC1:C:C(C(C)(C)SC(C)(C)CNC2:[NH]:C:C:C:2[N+](=O)[O-]):N:C(C):C:1C,1
641,CC1:O:C(C(C)(C)N(C(C)(C)N)C(C)(C)N):C(C):C:1C.C[NH+]O.[OH-],1
642,CC1:C:[NH+]:[O+]:C(C([NH])CC(C)C(C)(C)N(C(C)(C)C)C(C)(N)N):C:1[O-],1
643,CCNCC1:C(CSC):C:N:C(C):C:1O,1
644,CN1/C(=C(\O)NC2:C:C:C:C:N:2)C(=O)C2:S:C:C:C:2S1(=O)=O,0
645,CC(C)(C)C1:C:C:C(C(O)CCCN2CCC(C(O)(C3:C:C:C:C:C:3)C3:C:C:C:C:C:3)CC2):C:C:1,0
646,CN(C(=O)CC1:C:C:C(Cl):C(Cl):C:1)C1CCCC[C@H]1N1CCCC1,1
647,CC(=O)OC1:C:C:C2:C3:C:1O[C@H]1[C@@H](OC(C)=O)C=C[C@H]4[C@@H](C2)N(C)CC[C@]314,1
648,C#CCC1(OC(N)=O)CCCCC1,1
649,OCCN1CCCN(CCCN2C3:C:C:C:C:C:3SC3:C:C(C(F)(F)F):C:C:C:32)CC1.[Cl-].[Cl-].[H+].[H+],1
650,COC1:C:C:C2:C3:C:1O[C@H]1C(=O)CC[C@H]4[C@@H](C2)N(C)CC[C@]314,1
651,CCC(O)(COC(N)=O)C1:C:C:C:C:C:1,1
652,OCCOCCN1CCN(C(C2:C:C:C:C:C:2)C2:C:C:C(Cl):C:C:2)CC1,1
653,CN(C)CCCN1C2:C:C:C:C:C:2CCC2:C:C:C:C:C:21,1
654,CNC1(C2:C:C:C:C:C:2Cl)CCCCC1=O,1
655,O=C(O)C1:C:C(=O):C2:C:C:C:C:C:2:[NH]:1,1
663,CC1:C:C:C(CC2=CNC(NCCSCC3:C:C:C(CN(C)C):O:3)=NC2):C:N:1,0
664,CN(C)C1:C:C(C2:N:[NH]:C(N):N:2):C:C:N:1,0
665,CN1:C(=O):C2:N:C:[NH]:C:2:N(C):C:1=O,1
666,O=C(CCCN1CCC(C(=O)C2:C:C:C(F):C:C:2)CC1)C1:C:C:C(F):C:C:1,1
667,CN1CC[C@]23CCCC[C@H]2[C@H]1CC1:C:C:C(O):C:C:13,1
668,CCN(CC)CC(=O)NC1:C(C):C:C:C:C:1C,1
669,O=C1NC2:C:C:C(Cl):C:C:2C(C2:C:C:C:C:C:2Cl)=NC1O,1
670,CC(C)N1CCC(N(C(=O)CC2:C:C:C:C:C:2)C2:C:C:C(Cl):C:C:2)CC1,1
671,CN(C)CCOC(=O)COC1:C:C:C(Cl):C:C:1,1
672,CC1:N:C2:C:C:C:C:C:2:C(=O):N:1C1:C:C:C:C:C:1Cl,1
673,CN1CCN=C(C2:C:C:C:C:C:2)C2:C:C(Cl):C:C:C:21,1
674,CCCC(C)(COC(N)=O)COC(N)=O,1
675,COC1:C:C2:C(:C(CN[C@@H]3CCCN[C@H]3C3:C:C:C:C:C:3):C:1)OCC2,1
676,NCCN1:N:C:C2:C:C(Cl):C(Cl):C:C:2:1,1
677,NC1:N:C(NC2CC2):C2:N:C:N([C@H]3C=C[C@@H](CO)C3):C:2:N:1,1
679,NC1:N:C(=O):C2:N:C:N(COCCO):C:2:[NH]:1,1
680,CCCSC1:C:C:C2:N:C(NC(=O)OC):[NH]:C:2:C:1,1
681,NCCCNCCSP(=O)(O)O,0
682,COC1:C:C(CCN):C:C(OC):C:1OC,1
683,CN1CCCCC1CCN1C2:C:C:C:C:C:2SC2:C:C:C(S(C)=O):C:C:21,1
684,CN[C@@H](C)CC1:C:C:C:C:C:1,1
685,CC1:C:C:C:C:C:1N1:C(C):N:C2:C:C:C:C:C:2:C:1=O,1
686,COC1:C:C:C:C:C:1OCC(O)COC(N)=O,1
687,COC1:C:C:C2:C(:C:1)N(CCCN(C)C)C1:C:C:C:C:C:1S2,1
688,COC1:C:C:C2:C(:C:1)N(C[C@H](C)CN(C)C)C1:C:C:C:C:C:1S2,1
689,C#CC(C)(O)CC,1
690,COC(=O)C(C1:C:C:C:C:C:1)C1CCCCN1,1
691,CCC1(CC)C(=O)NCC(C)C1=O,1
692,NCC[C@H](O)C(=O)N[C@@H]1C[C@H](N)[C@@H](O[C@H]2O[C@H](CN)[C@@H](O)[C@H](O)[C@H]2O)[C@H](O)[C@H]1O[C@H]1O[C@H](CO)[C@@H](O)[C@H](N)[C@H]1O,1
693,NC1:C:C:C(C(=O)O):C(O):C:1,0
694,NC1:C:C:N([C@@H]2O[C@H](CO)[C@@H](O)[C@@H]2O):C(=O):N:1,1
695,CN(C)N/N=C1/N=CN=C1C(N)=O,1
696,COC1:C:C:C:C2:C:1C(=O)C1:C(O):C3:C(:C(O):C:1C2=O)C[C@@](O)(C(C)=O)C[C@@H]3O[C@H]1C[C@H](N)[C@H](O)[C@H](C)O1,0
697,CN(C)[C@@H]1C(=O)/C(=C(\N)O)C(=O)[C@@]2(O)C(=O)C3=C(O)C4:C(O):C:C:C(Cl):C:4[C@@H](O)[C@H]3C[C@@H]12,0
698,O=C1CC(=O)N(C2:C:C:C:C:C:2)C2:C:C(Cl):C:C:C:2N1,1
699,CNCCCN1C2:C:C:C:C:C:2SC2:C:C:C:C:C:21,1
700,C[C@@H](CN1CC(=O)NC(=O)C1)N1CC(=O)NC(=O)C1,0
701,CC1:N:C:C2:N:1C1:C:C:C(Cl):C:C:1C(C1:C:C:C:C:C:1F)=NC2.O=C(O)/C=C\C(=O)O,1
702,CC1:C:C:C(C2(O)CCN(CCCC(=O)C3:C:C:C(F):C:C:3)CC2):C:C:1,1
703,CN1CC[C@]23C4:C5:C:C:C(O):C:4O[C@H]2C(O)C=C[C@H]3[C@H]1C5,1
704,CN1CC=C(C2:C:C:C:C:C:2)CC1,1
705,C=CCN1CC[C@]23C4:C5:C:C:C(O):C:4O[C@H]2C(=O)CC[C@@]3(O)[C@H]1C5,1
706,CN1CCC[C@H]1C1:C:C:C:N:C:1,1
707,O=C1CN=C(C2:C:C:C:C:C:2)C2:C:C([N+](=O)[O-]):C:C:C:2N1,1
708,O=C1CN=C(C2:C:C:C:C:C:2)C2:C:C(Cl):C:C:C:2N1,1
709,CNCCC=C1C2:C:C:C:C:C:2CCC2:C:C:C:C:C:21,1
710,CC1:C:C:C:C:C:1C(OCCN(C)C)C1:C:C:C:C:C:1,1
711,COC1:C:C:C2:C(:C:1)[C@]13CCCC[C@@H]1[C@H](C2)N(C)CC3,1
712,CN1C[C@H](C(=O)N[C@]2(C)O[C@@]3(O)[C@@H]4CCCN4C(=O)[C@H](CC4:C:C:C:C:C:4)N3C2=O)C[C@@H]2C3:C:C:C:C4:[NH]:C:C(:C:3:4)C[C@H]21,0
713,CCN(CC)C(=S)SSC(=S)N(CC)CC,1
714,O=C1NC2:C:C:C(Cl):C:C:2[C@@](C#CC2CC2)(C(F)(F)F)O1,0
715,CCOC(=O)[C@H](CCC1:C:C:C:C:C:1)N[C@@H](C)C(=O)N1CCC[C@H]1C(=O)O,0
716,CC[C@@H](CO)NCCN[C@@H](CC)CO,0
717,CC[C@@]1(O)C[C@H](OC2CC(N(C)C)C(OC3CC(O)C(OC4CCC(=O)C(C)O4)C(C)O3)C(C)O2)C2:C(:C:C3:C(:C:2O)C(=O)C2:C(O):C:C:C:C:2C3=O)[C@H]1C(=O)OC,0
718,CC1(C)S[C@@H]2[C@H](NC(=O)CCC[C@@H](N)C(=O)O)C(=O)N2[C@H]1C(=O)O,0
719,CNCC(O)C1:C:C:C(O):C(O):C:1,0
720,COC1:C:C:C:C2:C:1C(=O)C1:C(O):C3:C(:C(O):C:1C2=O)CC(O)(C(=O)CO)CC3O,0
721,C=CCSCC(=O)NC1C(=O)N2C1SC(C)(C)C2C(=O)[O-].[Na+],0
722,CC1(C)S[C@@H]2[C@H](NC(=O)C34C[C@@H]5C[C@@H](CC(N)(C5)C3)C4)C(=O)N2[C@H]1C(=O)O,0
723,CC(C)(C)C(=O)OCOC(=O)C1N2C(=O)[C@@H](N=CN3CCCCCC3)[C@H]2SC1(C)C,0
724,CN(C)[C@@H]1C(=O)/C(=C(\N)O)C(=O)[C@@]2(O)C(=O)C3=C(O)C4:C(:C:C:C(N):C:4O)C[C@H]3C[C@@H]12,0
725,CC(=O)[C@]1(N)CC2:C(O):C3:C(:C(O):C:2[C@@H](O[C@H]2C[C@H](O)[C@H](O)CO2)C1)C(=O)C1:C:C:C:C:C:1C3=O.[Cl-].[H+],0
726,CC1(C)S[C@@H]2C(NC(=O)[C@H](NC(=O)C3:C:[NH]:C4:C:C:C:N:C:4:C:3=O)C3:C:C:C:C:C:3)C(=O)N2[C@H]1C(=O)O,0
727,CN(C)[C@@H]1C(=O)/C(=C(/O)NC(C(=O)O)N2CCN(CCO)CC2)C(=O)[C@@]2(O)C(=O)C3=C(O)C4:C(O):C:C:C:C:4[C@@](C)(O)[C@H]3C[C@@H]12,0
728,CN[C@@H]1[C@@H](O[C@H]2O[C@H](CO)[C@@H](N)[C@H](O)[C@H]2O)O[C@H]2C[C@@H](N)[C@H](O[C@@H]3[C@@H](N)C[C@@H](N)[C@H](O)[C@H]3O)O[C@@H]2[C@@H]1O,0
729,NCC[C@H](O)C(=O)N[C@@H]1C[C@H](N)[C@@H](O[C@H]2O[C@H](CN)CC[C@H]2N)[C@H](O)[C@H]1O[C@H]1O[C@H](CO)[C@@H](O)[C@H](N)[C@H]1O,0
730,CNC(=O)C[C@@H](N)C(=O)N[C@@H](C(=O)N[C@@H]1C(=O)N2[C@@H](C(=O)O)C(C)(C)S[C@H]12)C1:C:C:C(O):C:C:1,0
731,CO[C@H]1[C@@H](O)[C@H](N)[C@@H](O[C@H]2O[C@H](C(C)N)CC[C@H]2N)[C@H](O)[C@@H]1N(C)C(=O)CN,0
732,C[C@H]1[C@H](NC(=O)/C(=N\OC(C)(C)C(=O)O)C2:C:S:C([NH3+]):N:2)C(=O)N1S(=O)(=O)[O-],0
733,CCOC(=O)OC(C)OC(=O)[C@@H]1N2C(=O)[C@@H](N=CN3CCCCCC3)[C@H]2SC1(C)C,0
734,NCC1OC(OC2C(N)CC(N)C(OC3OC(CO)C(O)C(N)C3O)C2O)C(N)C(O)C1O,0
735,NC(CO)C(=O)NNCC1:C:C:C(O):C(O):C:1O,0
736,CC(C)COCC(CN(CC1:C:C:C:C:C:1)C1:C:C:C:C:C:1)N1CCCC1,0
737,CC[C@H]1OC(=O)[C@H](C)[C@@H](OC2CC(C)(OC)C(O)C(C)O2)C(C)[C@@H](OC2OC(C)CC(N(C)C)C2O)[C@](C)(O)C[C@@H](C)C(=O)[C@H](C)[C@@H](O)[C@H]1C,0
738,NCCC(O)CNC1CC(N)C(OC2OC(CN)C(O)C(O)C2O)C(O)C1OC1OC(CO)C(O)C(N)C1O,0
739,CC(C)(C)NCC(O)C1:C:C:C(O):C(NC(N)=O):C:1,0
740,CC1(C)S[C@@H]2[C@H](NC(=O)C(C(=O)OC3:C:C:C:C:C:3)C3:C:C:C:C:C:3)C(=O)N2[C@H]1C(=O)O,0
741,CC1(C)S[C@@H]2[C@H](NC(=O)C(C(=O)OC3:C:C:C4:C(:C:3)CCC4)C3:C:C:C:C:C:3)C(=O)N2[C@H]1C(=O)O,0
742,CC(=O)[C@]1(O)CC2:C(O):C3:C(:C(O):C:2C(OC2CC(N)C(O)C(C)O2)C1)C(=O)C1:C(O):C:C:C:C:1C3=O,0
743,NC(=O)OCC1[C@H](NC(=O)/C(=N\OCC(=O)O)C2:C:S:C(N):N:2)C(=O)N1S(=O)(=O)O,0
744,N[C@@H](C(=O)N[C@@H]1C(=O)N2C(C(=O)O)=C(Cl)CS[C@H]12)C1:C:C:C:C:C:1,0
745,CC1=C(C(=O)O)N2C(=O)[C@@H](NC(=O)[C@H](N)C3:C:C:C(O):C:C:3)[C@H]2SC1,0
746,CC1=C(C(=O)O)N2C(=O)[C@@H](NC(=O)[C@H](N)C3:C:C:C:C:C:3)[C@H]2SC1,0
747,CC(=O)OCC1=C(C(=O)O)N2C(=O)[C@@H](NC(=O)CC3:C:C:C:C:C:3)[C@H]2SC1,0
748,CC1:N:N:C(SCC2=C(C(=O)O)N3C(=O)[C@@H](NC(=O)C(N)C4:C:C:C(O):C:C:4)[C@H]3SC2):S:1,0
749,NC(C(=O)N[C@@H]1C(=O)N2C(C(=O)O)=C(CSC3:C:N:[NH]:N:3)CS[C@H]12)C1:C:C:C(O):C:C:1,0
750,CN1:N:N:N:C:1SCC1=C(C(=O)[O-])N2C(=O)[C@@H](NC(=O)CSC(F)(F)F)[C@H]2SC1.[Na+],0
751,CC1:N:N:C(SCC2=C(C(=O)O)N3C(=O)[C@@H](NC(=O)CN4:C:C(Cl):C(=O):C(Cl):C:4)[C@H]3SC2):S:1,0
752,CC1:N:N:C(SCC2=C(C(=O)O)N3C(=O)[C@@H](NC(=O)[C@H](O)C4:C:C:C:C:C:4)[C@H]3SC2):S:1,0
753,CC1:N:N:C(SCC2=C(C(=O)OCC3:O:C(=O):O:C:3C)N3C(=O)C(NC(=O)C(OC(=O)C(C)N)C4:C:C:C:C:C:4)C3SC2):S:1,0
754,CC/C=C(\C(=O)N[C@@H]1C(=O)N2C(C(=O)O)=C(COC(N)=O)CS[C@H]12)C1:C:S:C(N):N:1,0
755,COCC1=C(C(=O)O)N2C(=O)[C@@H](NC(=O)/C(=N\O)C3:C:S:C(N):N:3)[C@H]2SC1,0
756,C=CC1=C(C(=O)O)N2C(=O)[C@@H](NC(=O)/C(=N\O)C3:C:S:C(N):N:3)[C@H]2SC1,0
757,CO/N=C(\C(=O)NC1C(=O)N2C(C(=O)O)=C(/C=C\C3:S:C:N:C:3C)CS[C@H]12)C1:C:S:C(N):N:1,0
758,CC1=C(C(=O)O)N2C(=O)[C@@H](NC(=O)[C@H](N)C3:C:C:C(O):C(Cl):C:3)[C@H]2SC1,0
759,CO/N=C(\C(=O)N[C@@H]1C(=O)N2C(C(=O)O)=C(C)CS[C@H]12)C1:C:S:C(N):N:1,0
760,O=C(CC1:C:C:C:S:1)N[C@@H]1C(=O)N2C(C(=O)O)=C(CSC3:N:C:N:[NH]:3)CS[C@H]12,0
761,CN1:N:N:N:C:1SCC1=C(C(=O)O)N2C(=O)[C@@H](NC(=O)CS/C=C\C#N)[C@H]2SC1,0
762,C=CC1=C(C(=O)O)N2C(=O)[C@@H](NC(=O)/C(=N\OCC(=O)O)C3:C:S:C(N):N:3)[C@H]2SC1,0
763,CO/N=C(\C(=O)N[C@@H]1C(=O)N2C(C(=O)O)=C(CSC3:N:N:N:N:3C)CS[C@H]12)C1:C:S:C(N):N:1,0
764,CO[C@@]1(NC(=O)CSCC#N)C(=O)N2C(C(=O)O)=C(CSC3:N:N:N:N:3C)CS[C@@H]21,0
765,CO[C@@]1(NC(=O)CSC[C@@H](N)C(=O)O)C(=O)N2C(C(=O)O)=C(CSC3:N:N:N:N:3C)CS[C@@H]21,0
766,CO/N=C(/C(=O)N[C@@H]1C(=O)N2C(C(=O)O)=C(CSC3:N:C(C):C(CC(=O)O):S:3)CS[C@H]12)C1:C:S:C(N):N:1,0
767,O=C(O)C1=C(CSC2:N:N:N:N:2CS(=O)(=O)O)CS[C@@H]2[C@H](NC(=O)C(O)C3:C:C:C:C:C:3)C(=O)N12,0
768,NCC1:C:C:C:C:C:1CC(=O)N[C@@H]1C(=O)N2C(C(=O)O)=C(CSC3:N:N:N:N:3CC(=O)O)CS[C@H]12,0
769,CO[C@@]1(NC(=O)C2SC(=C(C(N)=O)C(=O)O)S2)C(=O)N2C(C(=O)O)=C(CSC3:N:N:N:N:3C)CS[C@@H]21,0
770,CN(C)CCN1:N:N:N:C:1SCC1=C(C(=O)O)N2C(=O)[C@@H](NC(=O)CC3:C:S:C(N):N:3)[C@H]2SC1,0
771,CC(=O)OCC1=C(C(=O)O)N2C(=O)[C@@H](NC(=O)C3:C(C4:C:C:C:C:C:4Cl):N:O:C:3C)[C@H]2SC1,0
772,CC1:C:C(=O):C(C(=O)N[C@@H](C(=O)NC2C(=O)N3C(C(=O)O)=C(CSC4:N:N:N:N:4C)CS[C@H]23)C2:C:C:C(O):C:C:2):C:[NH]:1,0
773,COCC1=C(C(=O)[O-])N2C(=O)[C@@H](NC(=O)/C(=N\OC)C3:C:S:C(N):N:3)[C@H]2SC1.[Na+],0
774,C/C=C/C1=C(C(=O)O)N2C(=O)[C@@H](NC(=O)[C@H](N)C3:C:C:C(O):C:C:3)[C@H]2SC1.O,0
775,CC1=C(C(=O)O)N2C(=O)[C@@H](NC(=O)CC3:C:C:C(C4=NCCCN4):C:C:3)[C@H]2SC1,0
776,COC1=C(C(=O)O)N2C(=O)C(NC(=O)C(N)C3C=CCC=C3)C2SC1,0
777,CC1=C(C(=O)O)N2C(=O)[C@@H](NC(=O)[C@H](N)C3:C:C:C:C(NS(C)(=O)=O):C:3)[C@H]2SC1,0
778,CO/N=C(\C(=O)N[C@@H]1C(=O)N2C(C(=O)O)=C(CN3:N:N:C(C):N:3)CS[C@H]12)C1:C:S:C(N):N:1,0
779,O=C(CN1:C:N:N:N:1)N[C@@H]1C(=O)N2C(C(=O)O)=C(CSC3:N:N:C:S:3)CS[C@H]12,0
780,NC1:N:C(/C(=C/CC(=O)O)C(=O)N[C@@H]2C(=O)N3C(C(=O)O)=CCS[C@H]23):C:S:1.O.O,0
781,CO/N=C(\C(=O)N[C@@H]1C(=O)N2C(C(=O)O)=C(CSC(=O)C3:C:C:C:O:3)CS[C@H]12)C1:C:S:C(N):N:1,0
782,CO/N=C(\C(=O)N[C@@H]1C(=O)N2C(C(=O)O)=C(/C=C/SC3:N:[NH]:C(=O):C(=O):N:3CC=O)CS[C@H]12)C1:C:S:C(N):N:1,0
783,CO/N=C(\C(=O)N[C@@H]1C(=O)N2C(C(=O)O)=C(COC(C)=O)CS(=O)[C@H]12)C1:C:S:C(N):N:1,0
784,CO/N=C(\C(=O)N[C@@H]1C(=O)N2C(C(=O)O)=CCS[C@H]12)C1:C:S:C(N):N:1,0
785,CO/N=C(\C(=O)N[C@@H]1C(=O)N2C(C(=O)O)=C(COC(C)=O)CS[C@H]12)C1:C:C:C:O:1,0
786,CO/N=C(\C(=O)N[C@@H]1C(=O)N2C(C(=O)OC(C)OC(C)=O)=C(COC(N)=O)CS[C@H]12)C1:C:C:C:O:1,0
787,COCCCC(=O)OC(C)OC(=O)C1=C(COC(N)=O)CS[C@@H]2[C@H](NC(=O)/C(=N\OC)C3:C:C:C:O:3)C(=O)N12,0
788,CO/N=C(\C(=O)N[C@@H]1C(=O)N2C(C(=O)O)=C(CSC3:C:N:N:S:3)CS[C@H]12)C1:C:S:C(N):N:1,0
789,CC(=O)OCC1=C(C(=O)[O-])N2C(=O)[C@H](NC(=O)CC#N)[C@@H]2SC1.[Na+],0
790,CC(=O)OCC1=C(C(=O)O)N2C(=O)[C@@H](NC(=O)[C@H](N)C3:C:C:C:C:C:3)[C@H]2SC1.O.O,0
791,CC(=O)OCC1=C(C(=O)O)N2C(=O)[C@@H](NC(=O)CCC[C@@H](N)C(=O)O)[C@H]2SC1,0
792,CC(=O)OCC1=C(C(=O)O)N2C(=O)[C@@H](NC(=O)CC3:C:C:C:S:3)[C@H]2SC1,0
793,CC(=O)C1=C(O)[C@@]2(O)C(=O)C3:C(:C(C):C4:C:C:C(C):C(O):C:4:C:3O)C[C@H]2[C@@H](N)C1=O,0
794,CC[C@H]1OC(=O)[C@H](C)[C@@H](O[C@H]2C[C@@](C)(OC)[C@@H](O)[C@H](C)O2)[C@H](C)[C@@H](O[C@@H]2O[C@H](C)C[C@H](N(C)C)[C@H]2O)[C@](C)(OC)C[C@@H](C)C(=O)[C@H](C)[C@@H](O)[C@]1(C)O,0
795,CCC[C@@H]1C[C@@H](C(=O)NC(C(C)Cl)[C@H]2O[C@H](SC)[C@H](O)[C@@H](O)[C@H]2O)N(C)C1,0
796,CCC[C@@H]1C[C@@H](C(=O)NC(C(C)Cl)[C@H]2O[C@H](SC)[C@H](OP(=O)(O)O)[C@@H](O)[C@H]2O)N(C)C1,0
797,COC(C(=O)N[C@@H]1C(=O)N2[C@@H](C(=O)O)C(C)(C)S[C@H]12)C1:C:C:C(Cl):C(Cl):C:1,0
798,CN(C)[C@@H]1C(=O)/C(=C(/O)NCO)C(=O)[C@@]2(O)C(=O)C3=C(O)C4:C(O):C:C:C(Cl):C:4[C@@](C)(O)[C@H]3C[C@@H]12,0
799,CC1(C)S[C@@H]2[C@H](NC(=O)C3(N)CCCCC3)C(=O)N2[C@H]1C(=O)O,0
800,CC=CCC(C)C(O)C1C(=O)NC(CC)C(=O)N(C)CC(=O)N(C)C(CC(C)C)C(=O)NC(C(C)C)C(=O)N(C)C(CC(C)C)C(=O)NC(C)C(=O)NC(C)C(=O)N(C)C(CC(C)C)C(=O)N(C)C(CC(C)C)C(=O)N(C)C(C(C)C)C(=O)N1C,0
801,CC1:C2:O:C3:C(C):C:C:C(C(=O)NC4C(=O)NC(C(C)C)C(=O)N5CCCC5C(=O)N(C)CC(=O)N(C)C(C(C)C)C(=O)OC4C):C:3:N:C2:C(C(=O)NC2C(=O)NC(C(C)C)C(=O)N3CCCC3C(=O)N(C)CC(=O)N(C)C(C(C)C)C(=O)OC2C):C(N):C:1=O,0
802,CN(C)[C@@H]1C(=O)/C(=C(\N)O)C(=O)[C@@]2(O)C(=O)C3=C(O)C4:C(O):C:C:C:C:4[C@@H](O)[C@H]3C[C@@H]12,0
803,CCOC(OCC)C(=O)OCC(=O)C1(O)CC2:C(O):C3:C(:C(O):C:2C(OC2CC(N)C(O)C(C)O2)C1)C(=O)C1:C(OC):C:C:C:C:1C3=O,0
804,NCC1CCC(N)C(OC2C(N)CC(N)C(OC3OC(CO)C(O)C(N)C3O)C2O)O1,0
805,CC1:O:N:C(C2:C(Cl):C:C:C:C:2Cl):C:1C(=O)N[C@@H]1C(=O)N2[C@@H](C(=O)O)C(C)(C)S[C@H]12,0
806,CN[C@@H]1[C@H](O[C@H]2[C@H](O[C@@H]3[C@@H](O)[C@H](O)[C@@H](N=C(N)N)[C@H](O)[C@H]3N=C(N)N)O[C@@H](C)[C@]2(O)CO)O[C@@H](CO)[C@H](O)[C@H]1O,0
807,COC1:C:C:C(C2:C:C(=O):C3:C(O):C:C(O[C@@H]4O[C@H](CO[C@@H]5O[C@@H](C)[C@H](O)[C@@H](O)[C@H]5O)[C@@H](O)[C@H](O)[C@H]4O):C:C:3:O:2):C:C:1O,0
808,CNCC(O)C1:C:C:C(OC(=O)C(C)(C)C):C(OC(=O)C(C)(C)C):C:1,0
809,CCC(=O)O[C@H]1[C@H](C)O[C@@H](O[C@@H]2C(C)C(=O)O[C@H](C)[C@H](C)[C@H](OC(=O)CC)[C@@H](C)C(=O)[C@]3(CO3)CC(C)[C@H](O[C@@H]3O[C@H](C)C[C@H](N(C)C)[C@H]3O)[C@H]2C)C[C@@H]1OC,0
810,OCCN(CCO)C1:N:C(N2CCCCC2):C2:N:C(N(CCO)CCO):N:C(N3CCCCC3):C:2:N:1,0
811,CC[C@H]1OC(=O)[C@H](C)[C@@H](O[C@H]2C[C@@](C)(OC)[C@@H](O)[C@H](C)O2)[C@H](C)[C@@H](O[C@@H]2O[C@H](C)C[C@H](N(C)C)[C@H]2O)[C@](C)(O)C[C@@H](C)[C@@H]2N[C@@H](COCCOC)O[C@H]([C@H]2C)[C@]1(C)O,0
812,CC(=O)O[C@@]12CO[C@@H]1C[C@H](O)[C@@]1(C)C(=O)[C@H](O)C3=C(C)[C@@H](OC(=O)[C@H](O)[C@@H](NC(=O)OC(C)(C)C)C4:C:C:C:C:C:4)C[C@@](O)([C@@H](OC(=O)C4:C:C:C:C:C:4)[C@@H]12)C3(C)C,0
813,C/C=C/C=C/C1OC(O)(C(CC)C(=O)NC/C=C/C=C(\C)C(OC)C(C)C2OC(/C=C/C=C/C=C(\C)C(=O)C3:C(O):N(C):C:C:C:3=O)C(O)C2O)C(O)C(OC2OC(C)C(OC3OC(C)C(OC)C(O)C3OC)C(OC)C2O)C1(C)C,0
814,CC[C@H]1CN2CCC3:C:C(OC):C(OC):C:C:3[C@@H]2C[C@@H]1C[C@H]1NCCC2:C:C(OC):C(OC):C:C:21.[Cl],0
815,CC1(C)S[C@@H]2[C@H](NC(=O)[C@H](N)C3=CCC=CC3)C(=O)N2[C@H]1C(=O)O,0
816,CCC(C)[C@H]1O[C@]2(CC[C@@H]1C)CC1C[C@@H](C/C=C(\C)[C@@H](O[C@H]3C[C@H](OC)[C@@H](OC4C[C@H](OC)[C@@H](O)[C@H](C)O4)[C@H](C)O3)[C@@H](C)/C=C/C=C3\CO[C@@H]4[C@H](O)C(C)=C[C@@H](C(=O)O1)[C@]34O)O2.CO[C@H]1CC(O[C@H]2[C@H](C)O[C@@H](O[C@@H]3/C(C)=C/C[C@@H]4CC(C[C@]5(CC[C@H](C)[C@@H](C(C)C)O5)O4)OC(=O)[C@@H]4C=C(C)[C@@H](O)[C@H]5OC/C(=C\C=C\[C@@H]3C)[C@@]45O)C[C@@H]2OC)O[C@@H](C)[C@@H]1O,0
817,COC1:C:C:C:C2:C:1C(=O)C1:C(O):C3:C(:C(O):C:1C2=O)C[C@](O)(C(=O)CO)C[C@H]3OC1CC(N)CC(C)O1,0
818,CN(CCN(C)CN/C(O)=C1\C(=O)[C@@H](N(C)C)[C@@H]2C[C@H]3C(=C(O)C4:C(O):C:C:C:C:4[C@@]3(C)O)C(=O)[C@]2(O)C1=O)CN/C(O)=C1\C(=O)[C@@H](N(C)C)[C@@H]2C[C@H]3C(=C(O)C4:C(O):C:C:C:C:4[C@@]3(C)O)C(=O)[C@]2(O)C1=O,0
819,CCNCC(O)C1:C:C:C:C(O):C:1,0
820,CCOC(=O)C1=C(C)NC(C)=C(C(=O)OC)C1C1:C:C:C:C(Cl):C:1Cl,0
821,CC1(C)S[C@@H]2[C@H](NC(=O)C(OC3:C:C:C:C:C:3)C3:C:C:C:C:C:3)C(=O)N2[C@H]1C(=O)O,0
822,CC(C)C1:C:C:C:C:C:1OCC1=NCCN1,0
823,CC(C)(C(=O)O)C1:C:C:C(C(O)CCCN2CCC(C(O)(C3:C:C:C:C:C:3)C3:C:C:C:C:C:3)CC2):C:C:1,0
824,CC(C)(OC1:C:C:C(Cl):C:C:1)C(=O)N[C@@H](C(=O)N[C@@H]1C(=O)N2[C@@H](C(=O)O)C(C)(C)S[C@H]12)C1:C:C:C:C:C:1,0
825,CO[C@@]1(NC(=O)CSC(F)(F)F)C(=O)N2C(C(=O)O)=C(CSC3:N:N:N:N:3CCO)CO[C@@H]21.[Na],0
826,CC[C@H]1OC(=O)[C@H](C)[C@@H](O[C@H]2C[C@@](C)(OC)[C@@H](O)[C@H](C)O2)[C@H](C)[C@@H](O[C@@H]2O[C@H](C)C[C@H](N(C)C)[C@H]2O)[C@](C)(O)C[C@](C)(F)C(=O)[C@H](C)[C@@H](O)[C@]1(C)O,0
827,C[C@@H](O)[C@H]1C(=O)N2C(C(=O)O)=C([C@H]3CCCO3)S[C@H]12,0
828,CC1(C)S[C@@H]2[C@H](NC(=O)[C@@H](N=CC3:C:C:C:O:3)C3:C:C:C(O):C:C:3)C(=O)N2[C@H]1C(=O)O,0
829,CC(C)CC(OC(=O)C1:C:C:C:O:1)C(=O)N[C@@H]1C(=O)N2[C@@H](C(=O)O)C(C)(C)S[C@H]12,0
830,CC(=O)O[C@H]1C[C@@]2(C)[C@@H](C[C@@H](O)[C@H]3[C@@]4(C)CC[C@@H](O)[C@@H](C)[C@@H]4CC[C@@]32C)/C1=C(\CCC=C(C)C)C(=O)O,0
831,CNC(C)C1CCC(N)C(OC2C(N)CC(N)C(OC3OCC(C)(O)C(NC)C3O)C2O)O1,0
832,CO/N=C(\C(=O)N[C@@H]1C(=O)N(OCC(=O)OCC(=O)OC(C)(C)C)[C@H]1C)C1:C:S:C(N):N:1,0
833,CC(C)CC1NC(=O)C(CCCN)NC(=O)C(C(C)C)NC(=O)C2CCCN2C(=O)C(CC2:C:C:C:C:C:2)NC(=O)C(CC(C)C)NC(=O)C(CCCN)NC(=O)C(C(C)C)NC(=O)C2CCCN2C(=O)C(CC2:C:C:C:C:C:2)NC1=O,0
834,CC1:C(F):C(N2CCNC(C)C2):C:C2:C:1:C(=O):C(C(=O)O):C:N:2C1CC1,0
835,CN(C)C1C(=O)/C(=C(/O)NCN2CCN(C(=N)N=C(N)N)CC2)C(=O)C2(O)C(=O)C3=C(O)C4:C(O):C:C:C:C:4C(C)(O)C3CC12,0
836,CC1(C)S[C@@H]2[C@H](N3C(=O)[C@@H](C4:C:C:C:C:C:4)NC3(C)C)C(=O)N2[C@H]1C(=O)O,0
837,CC(CC1:C:C:C:C:C:1)NO,0
838,CNC(C)C(O)C1:C:C:C(O):C:C:1,0
839,CC1:C:C(=O):O:C2:C:C(O):C:C:C:1:2,0
840,CC(=O)[C@]1(O)CC2:C(O):C3:C(:C(O):C:2[C@@H](O[C@H]2C[C@H](N)[C@H](O)[C@H](C)O2)C1)C(=O)C1:C:C:C:C:C:1C3=O,0
841,C[C@H](O)[C@H]1C(=O)N2C(C(=O)O)=C(SCCN=CN)C[C@H]12.O,0
842,CNC1C(O)C(OC2C(NC(=O)C(O)CN)CC(N)C(OC3OC(CN)C(O)C(O)C3O)C2O)OCC1(C)O,0
843,CC(C)(OC1:C:C:C:C:C:1)C(=O)N[C@@H]1C(=O)N2[C@@H](C(=O)O)C(C)(C)S[C@H]12,0
844,CO[C@@H]1[C@@H](O[C@@H]2O[C@H](C)[C@@H](O[C@H]3C[C@@](C)(O)[C@@H](OC(=O)CC(C)C)[C@H](C)O3)[C@H](N(C)C)[C@H]2O)[C@@H](CC=O)C[C@@H](C)[C@@H](O)/C=C/C=C/C[C@@H](C)OC(=O)C[C@H]1OC(C)=O,0
845,CC1:O:C(=O):O:C:1COC(=O)[C@@H]1N2C(=O)[C@@H](NC(=O)[C@H](N)C3:C:C:C:C:C:3)[C@H]2SC1(C)C,0
846,CNCC[C@@H](O)[C@@H]1C[C@H](SC2=C(C(=O)O)N3C(=O)[C@H]([C@@H](C)O)[C@H]3[C@H]2C)CN1,0
847,COC1:C:C:C:C2:C:1C(=O)C1:C(O):C3:C(:C(O):C:1C2=O)C[C@@](O)(C(=O)CO)C[C@@H]3O[C@H]1C[C@H](NC(=O)[C@@H](N)CC(C)C)[C@H](O)[C@H](C)O1,0
848,CC[C@H]1OC(=O)[C@H](C)[C@@H](OC2CC(C)(OC)C(O)C(C)O2)C(C)[C@@H](OC2OC(C)CC(N(C)C)C2O)[C@](C)(O)C[C@@H](C)/C(=N\OC)[C@H](C)[C@@H](O)[C@]1(C)O,0
849,CCCC1CC(C(=O)NC(C(C)O)C2OC(SC)C(O)C(O)C2O)N(C)C1,0
850,N[C@@H](C(=O)NC1C(=O)N2C(C(=O)O)=C(Cl)CCC12)C1:C:C:C:C:C:1.O,0
851,CCCCC1:N:C(Cl):C(CO):N:1CC1:C:C:C(C2:C:C:C:C:C:2C2:N:N:[NH]:N:2):C:C:1,0
852,CN(C)[C@@H]1C(=O)/C(=C(/N)O)C(=O)[C@@]2(O)C(=O)C3=C(O)C4:C(O):C:C:C(Cl):C:4[C@@](C)(O)[C@H]3C[C@@H]12.[Cl-].[H+],0
853,CC1(C)S[C@@H]2[C@H](N=CN3CCCCCC3)C(=O)N2[C@H]1C(=O)O,0
854,CC(CN(C)C)OC(C)(C1:C:C:C:C:C:1)C1:C:C:C(Cl):C:C:1,0
855,CC1OC(OC2CC(O)(C(=O)CO)CC3:C(O):C4:C(:C(O):C:32)C(=O)C2:C:C:C:C:C:2C4=O)CC(N)C1O,0
856,C[C@H](O)C1C(=O)N2C(C(=O)O)=C(S[C@@H]3CN[C@H](C(=O)N(C)C)C3)[C@H](C)C12.O.O.O,0
857,C=NC(C(=O)NC1C(=O)N2C1SC(C)(C)C2C(=O)O)C1:C:C:C:C:C:1,0
858,C=C1C2:C:C:C:C(O):C:2C(O)=C2C(=O)[C@]3(O)C(=O)/C(=C(/N)O)C(=O)[C@@H](N(C)C)[C@@H]3[C@@H](O)[C@H]12,0
859,CNC(C)C(=O)C1:C:C:C(OC):C:C:1,0
860,COC1:C:C:C:C(OC):C:1C(=O)N[C@@H]1C(=O)N2[C@@H](C(=O)O)C(C)(C)S[C@H]12,0
861,CC1(C)S[C@@H]2[C@H](NC(=O)[C@H](NC(=O)N3CCN(S(C)(=O)=O)C3=O)C3:C:C:C:C:C:3)C(=O)N2[C@H]1C(=O)O,0
862,COCC(=O)O[C@]1(CCN(C)CCCC2:N:C3:C:C:C:C:C:3:[NH]:2)CCC2:C:C(F):C:C:C:2[C@@H]1C(C)C,0
863,CCC(=O)OC1CC(=O)OC(C)C/C=C/C=C\C(O)C(C)CC(CC=O)C(O[C@@H]2O[C@H](C)[C@@H](O[C@H]3C[C@@](C)(O)[C@H](OC(=O)CC)[C@@H](C)O3)[C@H](N(C)C)[C@H]2O)C1OC,0
864,CCC1NC(=O)C(NC(=O)C2:N:C:C:C:C:2O)C(C)OC(=O)C(C2:C:C:C:C:C:2)NC(=O)C2CC(=O)CCN2C(=O)C(CC2:C:C:C(N(C)C):C:C:2)N(C)C(=O)C2CCCN2C1=O,0
865,CCCCCC1CNC(C(=O)NC(C(C)Cl)C2OC(SC)C(O)C(O)C2O)C1,0
866,CO[C@@]12[C@H](COC(N)=O)C3=C(C(=O)C(C)=C(N)C3=O)N1C[C@@H]1N[C@@H]12,0
867,CO[C@@]1(NC(=O)C(C(=O)O)C2:C:C:C(O):C:C:2)C(=O)N2C(C(=O)O)=C(CSC3:N:N:N:N:3C)CO[C@@H]21,0
868,NC[C@H]1O[C@H](O[C@@H]2[C@@H](N)C[C@@H](N)[C@H](O)[C@H]2O)[C@H](N)[C@@H](O)[C@@H]1O,0
869,CCN[C@@H]1C[C@H](N)[C@@H](O[C@H]2OC(CN)=CC[C@H]2N)[C@H](O)[C@H]1O[C@H]1OC[C@](C)(O)[C@H](NC)[C@H]1O,0
870,COC(=O)C1=C(C)NC(C)=C(C(=O)OCCN(C)CC2:C:C:C:C:C:2)C1C1:C:C:C:C([N+](=O)[O-]):C:1,0
871,COC(=O)C1=C(C)NC(C)=C(C(=O)OC)C1C1:C:C:C:C:C:1[N+](=O)[O-],0
872,CCOC(=O)C1=C(C)NC(C)=C(C(=O)OC)C1C1:C:C:C:C([N+](=O)[O-]):C:1,0
873,CN(C)[C@@H]1C(=O)/C(=C(\N)O)C(=O)[C@@]2(O)C(=O)C3=C(O)C4:C(O):C:C:C([N+](=O)[O-]):C:4C[C@H]3C[C@@H]12,0
874,CO[C@@H]1[C@@H](OC(N)=O)[C@@H](O)[C@H](OC2:C:C:C3:C(=O):C(NC(=O)C4:C:C:C(O):C(CC=C(C)C):C:4):C(O):O:C:3:C:2C)OC1(C)C,0
875,COC1CC(O[C@@H]2[C@@H](C)C(=O)O[C@H](C)[C@H](C)[C@H](O)[C@@H](C)C(=O)[C@@]3(CO3)C[C@H](C)[C@H](OC3OC(C)CC(N(C)C)C3O)[C@H]2C)OC(C)C1O,0
876,CC1(C)S[C@@H]2[C@H]([NH+]3C(=O)C(C4:C:C:C(O):C:C:4)NC3(C)C)C(=O)N2[C@H]1C(=O)O,0
877,CO/N=C(\C(=O)NC1C(=O)N(OCC(=O)O)[C@H]1C)C1:C:S:C(N):N:1,0
878,CC(=O)O[C@H]1C(=O)[C@@]2(C)C([C@H](OC(=O)C3:C:C:C:C:C:3)[C@]3(O)C[C@H](OC(=O)[C@H](O)[C@@H](NC(=O)C4:C:C:C:C:C:4)C4:C:C:C:C:C:4)C(C)=C1C3(C)C)[C@]1(OC(C)=O)CO[C@@H]1C[C@@H]2O,0
879,CN(C)[C@@H]1C(=O)/C(=C(/O)NCN2CCCC(C(=O)O)C2)C(=O)[C@@]2(O)C(=O)C3=C(O)C4:C(O):C:C:C:C:4[C@@](C)(O)[C@H]3C[C@@H]12,0
880,CC(=O)OCOC(=O)C1N2C(=O)C(NC(=O)CC3:C:C:C:C:C:3)C2SC1(C)C,0
881,CC1(C)SC2C(NC(=O)CC3:C:C:C:C:C:3)C(=O)N2C1C(=O)O.[Na],0
882,CN(C)[C@@H]1C(=O)/C(=C(/O)NCNC(C(=O)NC2C(=O)N3C2SC(C)(C)C3C(=O)O)C2:C:C:C:C:C:2)C(=O)[C@@]2(O)C(=O)C3=C(O)C4:C(O):C:C:C:C:4[C@@](C)(O)[C@H]3C[C@@H]12,0
883,CC(OC1:C:C:C:C:C:1)C(=O)NC1C(=O)N2C1SC(C)(C)C2C(=O)O,0
884,CN(C)C1C(=O)/C(=C(/O)NCN2CCN(CCO)CC2)C(=O)C2(O)C(=O)C3=C(O)C4:C(O):C:C:C:C:4C(C)(O)C3CC12,0
885,COC1:C:C:C:C2:C:1C(=O)C1:C(O):C3:C(:C(O):C:1C2=O)C[C@@](O)(C(=O)CO)C[C@@H]3O[C@H]1C[C@H](N)[C@H](O[C@H]2CCCCO2)[C@H](C)O1,0
886,CC1(C)SC2C(N(C(=N)C3:C:C:N:C:C:3)[C@H](C(=O)NC(=O)CN)C3:C:C:C:C:C:3)C(=O)N2C1C(=O)O,0
887,CC1(C)S[C@@H]2[C@H](NC(=O)[C@H](NC(=O)C3:C:C:C(C4:C:C:C(S(=O)(=O)N(CCO)CCO):C:C:4):[NH]:C:3=O)C3:C:C:C(O):C:C:3)C(=O)N2[C@H]1C(=O)[O-].[Na+],0
888,CC1(C)S[C@@H]2[C@H](NC(=O)[C@H](NC(=O)NC3:C:N:C(NC4:C:C:C(S(N)(=O)=O):C:C:4):[NH]:C:3=O)C3:C:C:C(O):C:C:3)C(=O)N2[C@H]1C(=O)O,0
889,CC(C)(C)C(=O)OCOC(=O)[C@@H]1N2C(=O)[C@@H](NC(=O)[C@H](N)C3:C:C:C:C:C:3)[C@H]2SC1(C)C,0
890,CNCC(O)C1:C:C:C:C(OC(=O)C(C)(C)C):C:1,0
891,CC1:C:N:N(C2:C(Cl):C:C:C:C:2Cl):C:1C(=O)N[C@@H]1C(=O)N2[C@@H](C(=O)O)C(C)(C)S[C@H]12,0
892,CC1NC(=O)C(NC(=O)C2:N:C:C:C:C:2O)C(C)OC(=O)C(C2:C:C:C:C:C:2)NC(=O)C2CC(=O)CCN2C(=O)C(CC2:C:C:C(N(C)C):C:C:2)N(C)C(=O)C2CCCN2C1=O,0
893,CCCNCC(O)COC1:C:C:C:C:C:1C(=O)CCC1:C:C:C:C:C:1,0
894,CCC(OC1:C:C:C:C:C:1)C(=O)NC1C(=O)N2C1SC(C)(C)C2C(=O)O,0
895,NCC1OC(OC2C(N)CC(NC(CO)CO)C(OC3OC(CO)C(O)C(N)C3O)C2O)C(N)C(O)C1O,0
896,CC1(C)S[C@@H]2[C@H](NC(=O)C3:N:C4:C:C:C:C:C:4:N:C:3C(=O)O)C(=O)N2[C@H]1C(=O)O,0
897,CO[C@H]1/C=C/O[C@@]2(C)OC3:C(C):C(O):C4:C(:C:3C2=O)C2=NC3(CCN(CC(C)C)CC3)NC2=C(NC(=O)/C(C)=C\C=C\[C@H](C)[C@H](O)[C@@H](C)[C@@H](O)[C@@H](C)[C@H](OC(C)=O)[C@@H]1C)C4=O,0
898,CCN(CC)C(C)=NN=CC1:C2:C(O):C3:C(O):C(C):C4:C(:C:3:C:1O)C(=O)C(C)(OC=CC(OC)C(C)C(OC(C)=O)C(C)C(O)C(C)C(O)C(C)C=CC=C(C)C(=O)N2)O4,0
899,CCN(CC)C1:N:C2:C(:S:1):C1:C(O):C3:C(O):C(C):C4:C(:C:3:2)C(=O)[C@@](C)(O/C=C/[C@H](OC)[C@@H](C)[C@@H](OC(C)=O)[C@H](C)[C@H](O)[C@H](C)[C@@H](O)[C@@H](C)/C=C/C=C(/C)C(=O)N1)O4,0
900,CCN(CC)C(=O)COC1:C:C2:C(O):C3:C(O):C(C):C4:C(:C:1:3)C(=O)[C@@](C)(O/C=C/[C@H](OC)[C@@H](C)[C@@H](OC(C)=O)[C@H](C)[C@H](O)[C@H](C)[C@@H](O)[C@@H](C)/C=C/C=C(/C)C(=O)N2)O4,0
901,COC1C=COC2(C)OC3:C(C):C(O):C4:C(O):C(:C(C=NN5CCN(C)CC5):C(O):C:4:C:3C2=O)NC(=O)C(C)=CC=CC(C)C(O)C(C)C(O)C(C)C(OC(C)=O)C1C,0
902,CO[C@H]1/C=C/O[C@@]2(C)OC3:C(C):C(O):C4:C(O):C(:C:C(O):C:4:C:3C2=O)NC(=O)/C(C)=C\C=C\[C@H](C)[C@H](O)[C@@H](C)[C@@H](O)[C@@H](C)[C@H](OC(C)=O)[C@@H]1C,0
903,CO[C@H]1/C=C/O[C@@]2(C)OC3:C(C):C(O):C4:C(:C:3C2=O)C(=O)/C(=C/NN2CCN(C3CCCC3)CC2)C(=C4O)NC(=O)/C(C)=C\C=C\[C@H](C)[C@H](O)[C@@H](C)[C@@H](O)[C@@H](C)[C@H](OC(C)=O)[C@@H]1C,0
904,CO[C@H]1/C=C/O[C@@]2(C)OC3:C(C):C(O):C4:C(O):C(:C5:C(:N:C6:C:C(C):C:C:N:6:5):C:4:C:3C2=O)NC(=O)/C(C)=C\C=C\[C@H](C)[C@H](O)[C@@H](C)[C@@H](O)[C@@H](C)[C@H](OC(C)=O)[C@@H]1C,0
905,C[C@@H](O)[C@H]1C(=O)N2C(C(=O)[O-])=C(COC(N)=O)S[C@H]12.[Na+],0
906,CC[C@@]1(O)C[C@H](O[C@H]2C[C@H](N(C)C)[C@H](O[C@H]3C[C@@H]4O[C@H]5CC(=O)[C@H](C)O[C@H]5O[C@@H]4[C@H](C)O3)[C@H](C)O2)C2:C(O):C3:C(:C(O):C:2[C@H]1O[C@H]1C[C@H](N(C)C)[C@H](O)[C@H](C)O1)C(=O)C1:C:C:C:C(O):C:1C3=O,0
907,CC1(C)S[C@@H]2[C@H](NC(=O)[C@H](NC(=O)CC3:C:C:C(C4=NCCCN4):C:C:3)C3:C:C:C:C:C:3)C(=O)N2[C@H]1C(=O)O,0
908,CC[C@H]1OC(=O)[C@H](C)[C@@H](O[C@H]2C[C@@](C)(OC)[C@@H](O)[C@H](C)O2)[C@H](C)[C@@H](O[C@@H]2O[C@H](C)C[C@H](N(C)C)[C@H]2O)[C@](C)(O)C[C@@H](C)/C(=N/OCOCCOC)[C@H](C)[C@@H](O)[C@]1(C)O,0
909,COC1CCCC2C1=C(C(=O)[O-])N1C(=O)C(C(C)O)C21,0
910,COCOC(=O)C1N2C(=O)C(N3C(=O)C(C4:C:C:C(O):C:C:4)NC3(C)C)C2SC1(C)C,0
911,COCOC(=O)[C@@H]1N2C(=O)[C@@H](N3C(=O)C(C4:C:C:C:C:C:4)NC3(C)C)[C@H]2SC1(C)C,0
912,CC(=O)OC1/C=C/C(C)=C/CC(O)/C=C/C(C)=C/C(NC(=O)C(C)=O)C2(C)C(=O)OC(C1)C(C)C2=O,0
913,CN[C@@H]1[C@@H](O)[C@@H](O[C@@H]2[C@@H](O)[C@H](O[C@H]3OC(CN)=CC[C@H]3N)[C@@H](N)C[C@H]2N)OC[C@]1(C)O,0
914,COC1C(O)CC(=O)OC(C)C/C=C/C=C/C(OC2CCC(N(C)C)C(C)O2)C(C)CC(CC=O)C1OC1OC(C)C(OC2CC(C)(O)C(O)C(C)O2)C(N(C)C)C1O,0
915,CC1(C)S[C@@H]2[C@H](NC(=O)C(C3:C:C:C:C:C:3)S(=O)(=O)O)C(=O)N2[C@H]1C(=O)O,0
916,C[C@@H](O)[C@H]1C(=O)N2C(C(=O)O)=C(SC3CCS(=O)C3)S[C@H]12,0
917,CC1(C)S[C@@H]2[C@H](NC(=O)[C@H](N)C3:C:C:C:C:C:3)C(=O)N2[C@H]1C(=O)O.CC1(C)[C@H](C(=O)O)N2C(=O)C[C@H]2S1(=O)=O,0
918,CC1(C)S[C@@H]2[C@H](NC(=O)[C@H](NS(=O)(=O)[O-])C3:C:C:C:C:C:3)C(=O)N2[C@H]1C(=O)[O-].[Na+].[Na+],0
919,C=CC[C@@H]1/C=C(\C)C[C@H](C)C[C@H](OC)[C@H]2O[C@@](O)(C(=O)C(=O)N3CCCC[C@H]3C(=O)O[C@H](/C(C)=C/[C@@H]3CC[C@@H](O)[C@H](OC)C3)[C@H](C)[C@@H](O)CC1=O)[C@H](C)C[C@@H]2OC,0
920,CC1(C)S[C@@H]2[C@H](NC(=O)[C@H](N)C3:C:C:C:C:C:3)C(=O)N2[C@H]1C(=O)OC1OC(=O)C2:C:C:C:C:C:21,0
921,C[C@]1(CN2:C:C:N:N:2)[C@H](C(=O)O)N2C(=O)C[C@H]2S1(=O)=O,0
922,CCCCCCCCCC(=O)N[C@H]1[C@H](OC2:C3:C:C4:C:C:2OC2:C:C:C(:C:C:2Cl)[C@@H](O[C@@H]2O[C@H](CO)[C@@H](O)[C@H](O)[C@H]2NC(C)=O)[C@@H]2NC(=O)[C@H](NC(=O)[C@@H]4NC(=O)[C@H]4NC(=O)[C@@H](CC5:C:C:C(:C(Cl):C:5)O3)NC(=O)[C@H](N)C3:C:C:C(O):C(:C:3)OC3:C:C(O):C:C4:C:3)C3:C:C:C(O):C(:C:3)C3:C(O[C@H]4O[C@H](CO)[C@@H](O)[C@H](O)[C@@H]4O):C:C(O):C:C:3[C@H](C(=O)O)NC2=O)O[C@H](CO)[C@@H](O)[C@@H]1O,0
923,CO[C@@]1(NC(=O)C(C(=O)O)C2:C:C:S:C:2)C(=O)N2[C@@H](C(=O)O)C(C)(C)S[C@@H]21,0
924,CN1:C(=O):C2:C(:N:C:N:2CCNCC(O)C2:C:C:C(O):C(O):C:2):N(C):C:1=O,0
925,CC1(C)SC2C(NC(=O)CSC3:C:C:C:C:C:3)C(=O)N2C1C(=O)O,0
926,CC1(C)[C@H](NC(=O)/C(=N\OCC(=O)O)C2:C:S:C(N):N:2)C(=O)N1OS(=O)(=O)O,0
927,CC(C)C(=O)OCC1:C:C:C:C(OC(=O)[C@@H]2N3C(=O)[C@@H](NC(=O)CC4:C:C:C:C:C:4)[C@H]3SC2(C)C):C:1,0
928,NC[C@H]1O[C@H](O[C@@H]2[C@@H](N)C[C@@H](N)[C@H](O[C@H]3O[C@H](CO)[C@@H](O)[C@H](N)[C@H]3O)[C@H]2O)[C@H](N)C[C@@H]1O,0
929,CC1:C:C:C(C(=O)C2:C:C(O):C(O):C([N+](=O)[O-]):C:2):C:C:1,0
930,CO[C@H]1C[C@H](O[C@@H]2[C@@H](C)C(=O)O[C@H](C)[C@H](C)[C@H](OC(C)=O)[C@@H](C)C(=O)[C@]3(CO3)C[C@H](C)[C@H](O[C@@H]3O[C@H](C)C[C@H](N(C)C)[C@H]3OC(C)=O)[C@H]2C)O[C@@H](C)[C@@H]1OC(C)=O,0
931,CCCC[C@@H]1CC(=O)[C@]2(O)O[C@@H]3[C@@H](NC)[C@@H](O)[C@@H](NC)[C@H](O)[C@H]3O[C@@H]2O1,0
932,CC1:C:C:C(C(C)C):C(OCC2=NCCN2):C:1,0
933,CC[C@]1(O)C[C@H]2CN(CCC3:C(:[NH]:C4:C:C:C:C:C:3:4)[C@@](C(=O)OC)(C3:C:C4:C(:C:C:3OC)N(C)[C@H]3[C@@](O)(C(N)=O)[C@H](O)[C@]5(CC)C=CCN6CC[C@]43[C@@H]65)C2)C1,0
934,C/C1=C/C(O)CC(=O)CC2:N:C(:C:O:2)C(=O)N2CCC=C2C(=O)OC(C(C)C)C(C)/C=C\C(=O)NC\C=C/1,0
935,[C-]#[N+]C(=C\C1:C:C:C(O):C:C:1)/C(=C/C1:C:C:C(O):C:C:1)[N+]#[C-],0
936,COC1:C:C:C:C2:C:1C(=O)C1:C(O):C3:C(:C(O):C:1C2=O)C[C@@](O)(/C(C)=N/NC(=O)C1:C:C:C:C:C:1)C[C@@H]3O[C@H]1C[C@H](N)[C@H](O)[C@H](C)O1.[Cl-].[H+],0
937,FC(F)(Cl)C(F)(F)Cl,1
938,C[C@H]1CCCC[C@@]1(C1:C:C:C:S:1)N1CCCCC1,1
939,CC(CC1:C:C:C:C:C:1)NCCN1:C:N:C2:C:1:C(=O):N(C):C(=O):N:2C.[Cl-].[H+],1
940,CC(=O)NCCCN1CCN(C2:C:C(Cl):C:C:C:2Cl)CC1,1
941,CC(=O)OC1CC[C@@]2(C)C([C@@H]1Br)[C@H](Br)C[C@@H]1[C@@H]2CC[C@@]2(C)[C@H]1CC[C@@H]2[C@H](C)CCCC(C)C,1
942,CCC(Br)(CC)C(=O)NC(=O)NC(C)=O,1
943,CC(=O)OCC(=O)OCC/C(SC(=O)C1:C:C:C:O:1)=C(/C)N(C=O)CC1:C:N:C(C):N:C:1N,1
944,CC(=O)NC(CCC(N)=O)C(=O)O,1
945,CC(=O)NCC1(C2:C:C:C:C:C:2)CCN(CCCC(=O)C2:C:C:C(F):C:C:2)CC1,1
946,CC(=O)NC1:C:C:C(OC(=O)C2:C:C:C:C:C:2O):C:C:1,1
948,CC(=O)OCC/C(SC(C)=O)=C(/C)N(C=O)CC1:C:N:C(C):N:C:1N,1
949,CC(=O)SCC(CC1:C:C:C:C:C:1)C(=O)NCC(=O)OCC1:C:C:C:C:C:1,1
950,CCC[C@@](C)(O)[C@H]1CC23C=CC1(OC)[C@H]1OC4:C(OC(C)=O):C:C:C5:C:4C12CCN(C)C3C5,1
951,CCC(OC(C)=O)C(CC(C)N(C)C)(C1:C:C:C:C:C:1)C1:C:C:C:C:C:1,1
952,CC(=O)OCC1=CO[C@@H](OC(=O)CC(C)C)[C@H]2C1=C[C@H](OC(=O)CC(C)(C)OC(C)=O)[C@]21CO1,1
953,C=CC1O[C@@H]2CC3C4CCC5=CC(=O)C=CC5(C)C4(F)C(O)CC3(C)[C@]2(C(=O)CO)O1,1
955,O=C(COC1:C:C:C(Cl):C:C:1)OCCNC12CC3CC(CC(C3)C1)C2,1
956,O=C(NCCN1CCN(C2:N:C:C:C:N:2)CC1)C12CC3CC(CC(C3)C1)C2,1
957,CC(N)C(=O)OC(C)(C)CC1:C:C:C(Cl):C:C:1,1
958,CCC(=O)OCC(=O)[C@@]1(OC(=O)CC)[C@H](C)C[C@H]2[C@H]3[C@H]([C@@H](O)C[C@@]21C)[C@@]1(C)C=CC(=O)C=C1C[C@H]3Cl,1
959,CCCN(CCC)C1CC2:C:C:C:C3:C:C(O):C:C(:C:2:3)C1,1
960,CC12CC(=O)[C@H]3C(CC[C@H]4C[C@H](O)CCC43C)[C@@H]1CCC2C(=O)CO,1
961,CC(=O)[C@H]1CC[C@H]2[C@@H]3CC[C@H]4C[C@H](O)CC[C@]4(C)[C@H]3C(=O)C[C@]12C,1
962,CC(=O)C12OC(C)(C)OC1CC1C3CCC4=CC(=O)CCC4(C)C3CCC12C,1
963,COC1(F)C(F)(F)C1(F)Cl,1
964,C=CCN1CCC23C4:C5:C:C:C(O):C:4OC2C2(OC)C=CC3(CC2[C@](C)(O)CCC)C1C5,1
965,C=CCN1C(=O)OC(C)C1=O,1
966,CNC[C@@H]1CN(C2:C:C:C(OCC3:C:C:C:C(Cl):C:3):C:C:2)C(=O)O1,1
967,CCCN(CCCCN1C(=O)CC2(CCCC2)CC1=O)C1COC2:C:C:C:C(OC):C:2C1.[Cl-].[H+],1
968,O=C1CCC2(CCC(=O)C3:C:C:C:C:C:32)C(=O)N1,1
969,CC(=O)NCCN1:C(C):C:C(C=O):C:1C,1
970,CC(CC#N)N(C)CC(=O)N(C)C1:C:C:C(Cl):C:C:1C(=O)C1:C:C:C:C:C:1F,1
971,CCC(=O)O[C@]1(C2:C:C:C:C:C:2)CCN(C)C[C@@H]1CC,1
972,CC[C@@H](O)C(C[C@@H](C)N(C)C)(C1:C:C:C:C:C:1)C1:C:C:C:C:C:1,1
973,C=CCN1CCCC1CNC(=O)C1:C:C(S(=O)(=O)NC):C(N):C:C:1OC,1
974,O=C(O)CN1C(=O)C2:C:C:C:C3:C:C:C:C(:C:2:3)C1=O,1
975,CCC1(CC)O[C@@H]2C[C@H]3C4CCC5=CC(=O)C=CC5(C)[C@@]4(F)[C@@H](O)CC3(C)[C@]2(C(=O)CO)O1,1
976,CC12C[C@H](O)[C@@]3(F)C(CCC4=CC(=O)C=CC43C)[C@@H]1C[C@H]1O[C@@](C)(C3:C:C:C:C:C:3)O[C@]12C(=O)CO,1
977,CC(=O)OCC(=O)[C@@]12OC3(CCCC3)O[C@@H]1C[C@H]1[C@@H]3CCC4=CC(=O)C=C[C@]4(C)[C@@]3(F)[C@@H](O)C[C@@]12C,1
978,CCC(=O)O[C@]1(C(=O)COC)[C@@H](C)C[C@H]2[C@@H]3CCC4=CC(=O)C=C[C@]4(C)[C@@]3(F)[C@@H](O)C[C@@]21C,1
979,CC1:C:C:C:C(C):C:1NC(=O)C1:C:C:C(N):C:C:1,1
980,CC(C)N1:C:C2:C3:C(:C:C:C:C:3:1)C1C[C@@H](C(=O)NC3CCCCC3)CN(C)C1C2,1
981,CC(CC1:C:C:C:C:C:1)NC(C#N)C1:C:C:C:C:C:1,1
982,O=C(O)CCCCCC[NH2+]C1C2:C:C:C:C:C:2CCC2:C:C:C:C:C:21.[Cl-],1
983,CCN1CCCC1CNC(=O)C1:C:C(S(=O)(=O)CC):C(N):C:C:1OC,1
984,C[N+](C)([O-])CCC=C1C2:C:C:C:C:C:2CCC2:C:C:C:C:C:21,1
985,CC(C)CCOC(CN1CCCC1)C1:C:C:C:C:C:1,1
986,CCNC(=O)N1CCN(CCCC(C2:C:C:C(F):C:C:2)C2:C:C:C(F):C:C:2)CC1,1
987,NC1:C:C:C:C(N2:C:C:C:C:C:2=O):C:1,1
988,CN(C)C1:C:N:C:C:N:1,1
989,CCC(C)(C)O,1
990,CCOC(=O)C1(C2:C:C:C:C:C:2)CCN(CCC2:C:C:C(N):C:C:2)CC1,1
991,COC1:C:C:C(C(=O)N2CCCC2=O):C:C:1,1
992,COC1:C:C2:O:C(=O):C(C):C(C):C:2:C:C:1OCCCN1CCN(C2:C:C:C:C:C:2OC)CC1,1
993,CCCNC(=O)C1:C:C:C2:C(:C:1)N([C@H](C)CN1CCCC1)C1:C:C:C:C:C:1S2,1
994,C=CCC1(C(C)C)C(=O)NC(=O)NC1=O,1
995,O=C1CCC2:C:C:C(OCCCCN3CCN(C4:C:C:C:C(Cl):C:4Cl)CC3):C:C:2N1,1
996,O=C1C(O)=C(O)OC1C(O)CO,1
998,CCN(CC)C1:C:C:C(NC(=O)C2:C:C:C:C:C:2N):C(C):C:1,1
999,CN1C2CCC1CC(OC(=O)C(C)(CO)C1:C:C:C:C:C:1)C2,1
1000,C[N+]1([O-])C2CCC1CC(OC(=O)C(CO)C1:C:C:C:C:C:1)C2,1
1001,CN(C(=O)CNC(=O)[C@@H](N)CCCCN)C1:C:C:C(Cl):C:C:1C(=O)C1:C:C:C:C:C:1,1
1002,O=C1:[NH]:C2:C:C(Cl):C:C:C:2:N:1C1CCN(CC2COC3:C:C:C:C:C:3O2)CC1,1
1003,NC1:C:C:C(S(=O)(=O)N2CC3CCC(CC3)C2):C:C:1,1
1004,O=C(CCCN1CCN2CCCC2C1)C1:C:C:C(F):C:C:1,1
1005,OC(C1:C:C:C:C:C:1)(C1:C:C:C:C:C:1)C1CCNCC1,1
1006,O=C1NCCN1C1CCN(CCC2COC3:C:C:C:C:C:3O2)CC1,1
1007,C1:C:C:C2:C(:C:1)CCN1CCNCC21,1
1008,C1:C:C:C2:C(:C:1):C:C1:N:2CCCNC1,1
1009,CN(CCC1:C:C2:C:C:C:C3:C:2:N:1C1:C:C:C:C:C:1CC3)CC1:C:C:C:C:C:1,1
1010,O=C1:[NH]:C2:C:C:C:C:C:2:C(=O):N:1CCN1C[C@H]2C[C@H](C3:C:C:C(F):C:C:3)[C@H]2C1,1
1011,CCN(CCO)CCN1:C(CC2:C:C:C:C:C:2):N:C2:C:1:C(=O):N(C):C(=O):N:2C,1
1012,CCC1(CC)C(=O)NC(=O)NC1=O,1
1013,CC1:N:C2:N(:N:1)C(N1CCN(C)CC1)=NC1:C:C:C:C:C:1C2,1
1014,O=C(CCCl)NCC1:C:C:C:C:C:1,1
1015,C[C@H]1C[C@H]2[C@@H]3CCC4=CC(=O)C=C[C@]4(C)[C@@]3(Cl)[C@@H](O)C[C@]2(C)[C@@]1(O)C(=O)CO,1
1016,COC[C@H]1CN(C2:C:C:C(OCC[C@@H](O)C(F)(F)F):C:C:2)C(=O)O1,1
1017,CCC1(C)CC(=O)NC(=O)C1,1
1018,C/C(=C(\CCOP(=O)(O)O)SC(=O)C1:C:C:C:C:C:1)N(C=O)CC1:C:N:C(C):N:C:1N,1
1019,CC(=O)NC1:C:C:C(OC(=O)C2:C:C:C:C:C:2OC(C)=O):C:C:1,1
1020,O=C1CNC(C2:C:C:C:C:C:2)=C2:C3:C(:S:C:2=N1)CCCC3,1
1021,C/C(=C(\CCOC(=O)C1:C:C:C:C:C:1)SC(=O)C1:C:C:C:C:C:1)N(C=O)CC1:C:N:C(C):N:C:1N,1
1022,C[N+](C)([O-])CC/C=C1/C2:C:C:C:C:C:2C=CC2:C(Cl):C:C:C:C:21,1
1023,C1:C:C:C(CN2:C:C(CCC3:C:C:N:C:C:3):C3:C:C:C:C:C:3:2):C:C:1.[Cl],1
1024,OCC1:C:C:C:C:C:1,1
1025,CN1CCC2:C:C(Cl):C(O):C:C:2[C@@H](C2:C:C(Br):C:C3:C:2OCC3)C1,1
1026,CCOC(=O)C[C@@H](O)C[C@@H](O)/C=C/C1=C(C2:C:C:C(F):C:C:2)C2:C:C:C:C:C:2OC12CCCC2,1
1027,C[C@H]1C[C@H]2[C@@H]3CCC4=CC(=O)C=C[C@]4(C)[C@@]3(F)[C@@H](O)C[C@]2(C)[C@@]1(OC(=O)C1:C:C:C:C:C:1)C(=O)CO,1
1028,CCCCC(=O)O[C@]1(C(=O)CO)[C@@H](C)C[C@H]2[C@@H]3CCC4=CC(=O)C=C[C@]4(C)[C@@]3(F)[C@@H](O)C[C@@]21C,1
1029,O=C1CC2(CCCC2)CC(=O)N1CCNCC1COC2:C:C:C:C:C:2O1,1
1030,O=C(O)CCCCC1SCC2NC(=O)NC21,1
1031,O=C1C[C@H]2SC(C3(O)CN4C(=O)C[C@H]4S3)CN12,1
1032,O=C(CCCN1CCN2CC3:[NH]:C4:C:C:C:C:C:4:C:3CC2C1)C1:C:C:C(F):C:C:1,1
1033,C/C(=C(/CCOC(=O)C1:C:C:C:C:C:1)SS/C(CCOC(=O)C1:C:C:C:C:C:1)=C(\C)N(C=O)CC1:C:N:C(C):N:C:1N)N(C=O)CC1:C:N:C(C):N:C:1N,1
1034,CC(=O)NCCC[C@H](NC(C)=O)C(=O)O,1
1035,CCN1CCN(C2:C:C(C3:C:C:C(F):C:C:3):C3:C(:N:2)CCCCCC3)CC1,1
1036,CC[C@]12CCN(CC3(O)CC3)[C@H](CC3:C:C:C(O):C:C:31)C2(C)C,1
1037,CC1(C)OC(=O)NC2:C:C:C(Br):C:C:21,1
1038,CC(C)C(Br)C(=O)NC(N)=O,1
1039,BrC(Br)Br,1
1040,CC1:C:C(Br):C:C(C(N)=O):C:1O,1
1041,O=C1CC(C2:C:C:C:C(Br):C:2)C(=O)N1,1
1042,CC1:N:N:C2:N:1C1:S:C(Br):C:C:1C(C1:C:C:C:C:C:1Cl)=NC2,1
1043,NC1:N:C(=O):C2:N:C:N(CC[C@@H](O)CO):C:2:[NH]:1,1
1044,CC(=O)NC1:C:C:C(OC(C)(C)C):C:C:1,1
1045,CC(C)(C)[C@]1(O)CCN2C[C@H]3C4:C:C:C:C:C:4CCC4:C:C:C:C(:C:43)[C@@H]2C1.[Cl-].[H+],1
1046,CCCC(=O)C1:C:C:C2:C(:C:1)N(CCCN1CCN(C)CC1)C1:C:C:C:C:C:1S2,1
1047,CCCCC(CC)CNC(=O)CC(C)O,1
1048,OC1:C:C:C2:C(:C:1)[C@@]13CCCC[C@@]1(O)[C@@H](C2)N(CC1CCC1)CC3,1
1049,C=CCN1C[C@H](C(=O)N(CCCN(C)C)C(=O)NCC)C[C@@H]2C3:C:C:C:C4:[NH]:C:C(:C:3:4)C[C@H]21,1
1050,CC(NCCN1:C:N:C2:C:1:C(=O):N(C):C(=O):N:2C)C(O)C1:C:C:C:C:C:1,1
1051,CN(C)C(=O)OC1N=C(C2:C:C:C:C:C:2)C2:C:C(Cl):C:C:C:2N(C)C1=O,1
1052,CC12CCC(CC1=O)C2(C)C,1
1053,CCCCC/C(=N/OCCN)C1:C:C:C(C):C(N):C:1,1
1054,CCCCSC1:C:C:C(C(SCCN(C)C)C2:C:C:C:C:C:2):C:C:1,1
1055,CCCCC1(CCOC(N)=O)C(=O)NC(=O)NC1=O,1
1056,CN1C(=O)CN(C(N)=O)C(C2:C:C:C:C:C:2)C2:C:C(Cl):C:C:C:21,1
1057,C#CC(OC(N)=O)C1:C:C:C:C:C:1,1
1058,O=C(O)C1CCN1C12CC3CC(CC(C3)C1)C2,1
1059,NC(=O)CN1CC2:C:C:C:C:C:2OC1=O,1
1060,CC(C)NC(=O)OC1CCN(CCCC(=O)C2:C:C:C(F):C:C:2)CC1,1
1062,NS(=O)(=O)C1:C:C:C(C(=O)O):C:C:1,1
1063,C[C@H](N)C(=O)C1:C:C:C:C:C:1,1
1064,O=C1CN(C(=O)CN2CC(C3:C:C:C(Cl):C:C:3)CC2=O)CCN1,1
1065,OC1OC(COCCOC(O)C(Cl)(Cl)Cl)C(OC2OC(COCCOCCOC(O)C(Cl)(Cl)Cl)CC(OC(O)C(Cl)(Cl)Cl)C2O)C(OCCOCCOC(O)C(Cl)(Cl)Cl)C1O,1
1066,COCC1:C(C(C)C):N:C(C(C)C):C(/C=C/[C@@H](O)C[C@@H](O)CC(=O)O):C:1C1:C:C:C(F):C:C:1,1
1067,CC1:C:C(C):C(=O):[NH]:N:1,1
1068,CC(=O)C1:C:C:C(C(O)C(CO)NC(=O)C(Cl)Cl):C:C:1,1
1069,CCOC(=O)OCC/C(SC(=O)OCC)=C(\C)N(C=O)CC1:C:N:C(C):N:C:1N,1
1070,OC[C@@H](O)[C@H]1OC2O[C@H](C(Cl)(Cl)Cl)O[C@@H]2[C@H]1O,1
1071,CC(CC(C)(C)O)OC(O)C(Cl)(Cl)Cl,1
1072,CN1C(=O)CCS(=O)(=O)C1C1:C:C:C(Cl):C:C:1,1
1074,O=C(O)C1:C:C(=O):C2:C:C:C:C:C:2:O:1,1
1075,CC(C)C(=O)OCC(=O)[C@@]12O[C@H](C3CCCCC3)O[C@@H]1C[C@H]1[C@@H]3CCC4=CC(=O)C=C[C@]4(C)[C@H]3[C@@H](O)C[C@@]12C,1
1076,ClC1:C:C:C:C:C:1C1=NCC2:N:N:C(C3CCCCC3):N:2C2:S:C(Br):C:C:21,1
1077,CC(=O)OCC(=O)[C@@]12OC(C)(C)O[C@@H]1C[C@H]1C3CC(C#N)=C4C=C(OCCCl)CCC4(C)[C@@]3(F)C(O)CC12C,1
1078,CC(C)N[C@H]1C2CCC(CC2)[C@]1(O)C1:C:C:C(Cl):C(Cl):C:1,1
1079,NNCC1CCCCC1,1
1080,CC(C)C(O)C1CCCCC1,1
1081,COCC1CN(C2:C:C:C(OCC3:C:C:C:C(C#N):C:3):C:C:2)C(=O)O1,1
1082,COC1:C:C(/C=C/C(=O)N2CCCCCCC2):C:C(OC):C:1OC,1
1083,N#CCCN1C(=O)C(O)N=C(C2:C:C:C:C:C:2F)C2:C:C(Cl):C:C:C:21,1
1084,CN(C(=O)CNC1CC1)C1:C:C:C(Cl):C:C:1C(=O)C1:C:C:C:C:C:1Cl,1
1085,CC1(C)O[C@@H]2C[C@H]3C4C[C@H](F)C5=CC(=O)C=C[C@]5(C)[C@@]4(F)[C@@H](O)C[C@]3(C)[C@]2(C(=O)COC(=O)C2CC2)O1,1
1086,CN1CCC2=C(CC1)C1:C:C(C#N):C:C:C:1SC1:C:C:C:C:C:12,1
1087,COC1:C:C(N):C(Cl):C:C:1C(=O)NC1CCN(CC2:C:C:C:C:C:2)CC1,1
1088,ClC1:C:C:C:C(Cl):C:1NC1=NCCO1,1
1089,C[C@H]1C[C@H]2[C@@H]3CCC4=CC(=O)C=C[C@]4(C)[C@@]3(F)C(=O)C[C@]2(C)[C@@]1(O)C(=O)CCl,1
1090,CCCC(=O)O[C@]1(C(=O)CCl)[C@@H](C)C[C@H]2[C@@H]3CCC4=CC(=O)C=C[C@]4(C)[C@@]3(F)C(=O)C[C@@]21C,1
1091,NC(=O)C1(N2CCCCC2)CCN(CCCN2C3:C:C:C:C:C:3CCC3:C:C:C(Cl):C:C:32)CC1,1
1092,C[C@@H]1CC2C3C[C@H](F)C4=CC(=O)C=CC4(C)[C@@]3(Cl)C(O)CC2(C)C1C(=O)CO,1
1093,CC(=O)OCC(=O)[C@H]1[C@H](C)C[C@H]2[C@@H]3C[C@H](F)C4=CC(=O)C=C[C@]4(C)C3(Cl)[C@@H](O)C[C@@]21C,1
1094,C[C@@H]1CC2C3C[C@H](F)C4=CC(=O)C=CC4(C)[C@@]3(Cl)C(O)CC2(C)C1C(=O)COC(=O)C(C)(C)C,1
1095,CN(C)CCCN1:C(=O):N(C2:C:C:C:C:C:2):C2:C:C(Cl):C:C:C:2:1,1
1096,CCN(CC)CCOC1(C2:C:C:C(Cl):C:C:2)CCCCC1,1
1097,O=C(CCCN1CCC(O)(C2:C:C:C(Cl):C(C(F)(F)F):C:2)CC1)C1:C:C:C(F):C:C:1,1
1099,O=C1:[NH]:C2:C:C:C:C:C:2:C(=O):N:1CCCN1CCN(C2:C:C:C:C(Cl):C:2)CC1,1
1100,C[C@]12C[C@H](O)[C@H]3[C@@H](C=C(Cl)C4=CC(=O)C=C[C@@]43C)[C@@H]1CC[C@]2(O)C(=O)CO,1
1101,O=C(OCC(Cl)(Cl)Cl)OCC(Cl)(Cl)Cl,1
1102,C#CCN(C)CCCOC1:C:C:C(Cl):C:C:1Cl,1
1103,O=C(CCCN1CCC(C(=O)C2:C:C:C(Cl):C:C:2)CC1)C1:C:C:C(F):C:C:1,1
1104,CN1CCN(C2CC3:C:C:C:C:C:3SC3:C:C:C(Cl):C:C:32)CC1,1
1105,CCC1:C:C2:C(:S:1)N(C)C(=O)CN=C2C1:C:C:C:C:C:1Cl,1
1106,CCC(=O)O[C@]1(C(=O)SCCl)[C@H](C)C[C@H]2C3C[C@H](F)C4=CC(=O)C=C[C@]4(C)[C@@]3(F)[C@@H](O)C[C@@]21C,1
1107,CNC(=O)CCN1CCN(CCC=C2C3:C:C:C:C:C:3SC3:C:C:C(Cl):C:C:32)CC1,1
1108,CCC12CCN(CC3CCC3)C(CC3:C:C:C(O):C:C:31)C2(C)C,1
1109,CC[C@H]1CC(=O)[C@@H]2OC3:C(OC):C:C:C4:C:3[C@@]23CCN(CC2CC2)C(C4)[C@H]13,1
1110,CC1CC2C3CC(F)(F)C4=CC(=O)C=C[C@]4(C)C3(F)C(O)CC2(C)C1(O)C(=O)CO,1
1111,CC12CCC(=O)C=C1CCC1C2CCC2(C)C1CCC2(O)C(=O)CO,1
1112,CC(=O)OCC(=O)[C@@]1(O)CC[C@H]2[C@@H]3CCC4=CC(=O)CC[C@]4(C)[C@H]3C(=O)C[C@@]21C,1
1113,CC1=C[C@H]2[C@@H]3C[C@@H](C)[C@](O)(C(=O)COC(=O)C4:C:C:C:C(S(=O)(=O)O):C:4)[C@@]3(C)C[C@H](O)[C@@H]2[C@@]2(C)CC3:C:N:N(C4:C:C:C:C:C:4):C:3C=C12,1
1114,CC(=O)OCC(=O)[C@@]1(O)[C@H](C)C[C@H]2[C@@H]3C=C(C)C4=CC5:C(:C:N:N:5C5:C:C:C:C:C:5)C[C@]4(C)[C@H]3[C@@H](O)C[C@@]21C,1
1115,CN1C(=O)CCC1C1:C:C:C:N:C:1,1
1116,CN(C)CC(=O)C=C1C2:C:C:C:C:C:2CCC2:C:C:C:C:C:21,1
1117,CC1CC(OC(=O)C2CCC(=O)N2)CC(C)(C)C1,1
1118,C/C=C/C(=O)N(CC)C(CC)C(=O)N(C)C,1
1119,O=C(NC1:C:C:C:C:C:1)OCC1(COC(=O)NC2:C:C:C:C:C:2)CCCC1,1
1120,CN(C)C1CCC2:[NH]:C3:C:C:C:C:C:3:C:2C1,1
1121,CCC1(C2=CCCCC2)C(=O)NC(=O)NC1=O,1
1122,CN(C)CCC=C1C2:C:C:C:C:C:2C=CC2:C:C:C:C:C:21,1
1123,CC(=O)[C@H]1CC[C@H]2[C@@H]3C[C@@H](O)C45CC4CC[C@]5(C)[C@H]3CC[C@]12C,1
1124,C/C(=C1/CCOC(=O)S1)N(C=O)CC1:C:N:C(C):N:C:1N,1
1125,NC(=O)C1C2:C:C:C:C:C:2CCC2:C:C:C:C:C:21,1
1126,COC12C=CC3(CC1C(C)(C)O)[C@@H]1CC4:C:C:C(O):C5:C:4[C@]3(CCN1CC1CC1)[C@@H]2O5,1
1127,CN(C)CCOC(=O)CCC1CCCCC1,1
1128,OC(C1:C:C:C:C:C:1)(C1:C:C:C:C:C:1)C1CC1C1:C:C:N:C:C:1,1
1129,O=C1NC(=O)C2(C3:C:C:C(Cl):C:C:3)CC12,1
1130,CN(C)CC(=O)N1C2:C:C:C:C:C:2SC2:C:C:C:C:C:21,1
1131,OC(C1=NCCN1)(C1:C:C:C(Cl):C:C:1)C1:C:C:C:C:N:1,1
1132,CCCCCCCCCCOC1:C(OC):C:C(C(N)=O):C:C:1OC,1
1133,CC1:C:C:C(CC2:C:C:C:C:C:2):C(N2CCNCC2):C:1,1
1134,O=C1CN(O)C(C2:C:C:C:C:C:2)=C2:C:C(Cl):C:C:C:2=N1,1
1135,CCCCN1:C(=O):C2:C(:N:C:N:2CC(C)=O):N(CCCC):C:1=O,1
1136,CC(=O)C1(O)CCC2C3CCC4=CC(=O)C=CC4(C)C3C(O)CC21C,1
1137,NC1:N:C:C2:N:C:N(COCCO):C:2:N:1,1
1138,CC(=O)[C@@]1(O)[C@H](O)C[C@H]2[C@@H]3CCC4=CC(=O)C=C[C@]4(C)[C@@]3(F)[C@@H](O)C[C@@]21C,1
1139,CC1(C)O[C@@H]2C[C@H]3C4CCC5=CC(=O)C=CC5(C)[C@H]4C(O)CC3(C)[C@]2(C(=O)CO)O1,1
1140,C[C@@H]1C[C@H]2[C@@H]3CCC4=CC(=O)C=C[C@]4(C)[C@@]3(F)[C@@H](O)C[C@]2(C)[C@H]1C(=O)CO,1
1141,CC1:C:C:C:C(CC2:C:N:C:[NH]:2):C:1C,1
1142,CC(=O)OCC(=O)[C@@]1(OC(=O)C2:C:C:C:O:2)[C@H](C)C[C@H]2[C@@H]3CCC4=CC(=O)C=C[C@]4(C)[C@@]3(F)[C@@H](O)C[C@@]21C,1
1143,C1:C:C:C([C@@H]2CN3CCSC3=N2):C:C:1,1
1144,C1:C:C:C(C2CN=C3NCCN32):C:C:1,1
1145,C1:C:C:C(C2(C3:C:C:C:C:C:3)OC[C@H]([C@@H]3CCCCN3)O2):C:C:1,1
1146,CC12CC(Cl)[C@@]3(Cl)C(CCC4=CC(=O)C=CC43C)C1CC[C@]2(O)C(=O)CO,1
1147,CC(=O)OCC(=O)[C@@]1(O)CCC2C3CCC4=CC(=O)C=CC4(C)[C@@]3(Cl)C(Cl)CC21C,1
1148,CCN(CC)CCNC(=O)C1:C:C(Cl):C:C(Cl):C:1OC,1
1149,CC(=O)O[C@H]1C[C@@H]2C(COC(=O)CC(C)C)=CO[C@@H](OC(=O)CC(C)C)[C@@H]2[C@@]12CO2,1
1150,CCCCOCC(CN1C(=O)N(CC(COCCCC)OC(N)=O)C(=O)C(CC)(C2:C:C:C:C:C:2)C1=O)OC(N)=O,1
1151,FC1:C:C:C(C(CCCN2CCN(CCNC3:C:C:C:C:C:3)CC2)C2:C:C:C(F):C:C:2):C:C:1,1
1152,C[C@@H]1CC2C3C[C@H](F)C4=CC(=O)C=CC4(C)[C@@]3(F)C(O)CC2(C)C1C(=O)CO,1
1153,C[C@@H]1C[C@H]2[C@@H]3C[C@H](F)C4=CC(=O)C=C[C@]4(C)[C@@]3(F)[C@@H](O)C[C@]2(C)[C@H]1C(=O)COC(=O)C(C)(C)C,1
1154,CN1CCC(C)(CN2C3:C:C:C:C:C:3SC3:C:C:C:C:C:32)C1,1
1155,CC1(C)OC(=O)NC1=O,1
1156,CN(C)CCN1:C:N:C2:C:1:C(=O):N(C):C(=O):N:2C,1
1157,CC(CC1:C:C:C:C:C:1)N(C)C,1
1158,O=C1CN2C(=O)CCC2N1,1
1159,CCCCCCCCCC1(C)OCC(COC(N)=O)O1,1
1160,CC(=O)NNC(=O)CC(O)(C1:C:C:C:C:C:1)C1:C:C:C:C:C:1,1
1161,CO[C@]12CC[C@@]3(C[C@@H]1C(C)(C)O)[C@H]1CC4:C:C:C(O):C5:C:4[C@@]3(CCN1CC1CC1)[C@H]2O5,1
1162,CCC1:C(OC):N:C2:N:C(C(=O)C3:C:C:C:C:C:3):C:N:2:C:1C,1
1163,CC12NC(CC3:C:C:C:C:C:31)C1:C:C:C:C:C:12,1
1164,CCCC(=O)O[C@]1(C(C)=O)CCC[C@H]2[C@@H]3CCC4=CC(=O)C=C[C@]4(C)[C@H]3[C@@H](O)C[C@@]21C,1
1165,COC1:C:C2:C(:C:C:1OC)C(=O)C(CC1CCN(CC3:C:C:C:C:C:3)CC1)C2.[Cl-].[H+],1
1166,O=C(NCCC1:C:C:C(O):C(O):C:1)C12CC3CC(CC(C3)C1)C2,1
1167,CCN1CC(CCN2CCOCC2)C(C2:C:C:C:C:C:2)(C2:C:C:C:C:C:2)C1=O,1
1168,COC1:C:C:C2:C(:C:1OC)[C@]13CCN(C)[C@H](C2)[C@]1(O)CC[C@@H](O)C3,1
1169,CNCCC(OC1:C:C:C:C2:C:C:C:C:C:1:2)C1:C:C:C:S:1,1
1170,O=C(C1:C:C:C(F):C:C:1)C1CCN(CCCN2C3:C:C:C:C:C:3SC3:C:C:C(C(F)(F)F):C:C:32)CC1,1
1171,O=C(CN1CCCC1=O)NNC(=O)CN1CCCC1=O,1
1172,CCC(=O)N(C1:C:C:C(Cl):C(Cl):C:1)[C@@H]1CCC[C@H]1N(C)C,1
1173,CC1=NN(C2:C:C:C:C:C:2)C(=O)C1,1
1174,CC1:N:C:C:N:1C(C)C1:C:C:C:C:C:1,1
1175,CCN(CC)C/C=C1/C2:C:C:C:C:C:2NC2:C:C(Cl):C:C:C:21,1
1176,CCS(=O)(=O)CCN1C(=O)CN=C(C2:C:C:C:C:C:2F)C2:C:C(Cl):C:C:C:21,1
1177,FC1:C:C:C(C2:C:C:C(CN3CCN(C4:C:C:C:C5:C:C:O:C:4:5)CC3):[NH]:2):C:C:1,1
1178,C1:C:C2:C(:C(N3CCNCC3):C:1)OCCO2,1
1179,CCC(CC)(CNC(=O)CCCO)C1:C:C:C:C(OC):C:1,1
1180,COC1:C:C:C:C:C:1N1CCN(CC(O)COC2:C:C(OC):C(OC):C(OC):C:2)CC1,1
1181,CCOC(=O)N(CC1:C:C:C:C:C:1)C1CC1,1
1182,OC1CCN(C2:C:C:C(C3:C:C:C(Cl):C:C:3Cl):N:N:2)CC1,1
1183,CCN(CC)C(=O)[C@@H]1[C@@H]2C=C[C@@H](C2)[C@H]1C(=O)N(CC)CC,1
1184,CC(=O)C1CCC2C3CC(C)C4=CC(=O)C=CC4(C)C3C(O)CC12C,1
1185,CC1OC2(CCCCC2OC2:C:C:C:C(Cl):C:2)NC1=O,1
1186,CCCCCCCNC(=O)OC1:C:C:C2:C(:C:1)[C@]1(C)CCN(C)[C@@H]1N2C,1
1187,CN1CCC2=C(CC1)C1:C:C:C:C:C:1N(C)C1:C:C:C:C:C:12,1
1188,CCN1CCCC1CNC(=O)C1:C:C(C(C)=O):C:C:C:1OC,1
1189,CCN(CC)CCN1:C:N:C2:C:1:C(=O):N(C):C(=O):N:2C,1
1190,CCNC1=NC2:C:C:C(Cl):C:C:2C(C2:C:C:C:C:C:2)S1,1
1191,CCOC1C2:C:C:C:C:C:2C(=O)N(C)C2:C:C:C:C:C:21,1
1192,CCCCNCC1COC2:C:C:C:C(OCC):C:2O1.[Cl-].[H+],1
1193,CCCl,1
1194,C=C,1
1195,CCC1(CC)C(=O)NC=C(C)C1=O,1
1196,CCNC1(C2:C:C:C:C:C:2)CCCCC1,1
1197,CCNC1=NC2:C:C:C(Cl):C:C:2C(C)(C2:C:C:C:C:C:2)O1.[Cl-].[H+],1
1198,CCC(C(N)=O)N1CCCC1=O,1
1199,CCN(CC)S(=O)(=O)N[C@H]1C[C@@H]2C3:C:C:C:C4:[NH]:C:C(:C:3:4)C[C@H]2N(C)C1,1
1200,O=C(O)/C=C/C(=O)O.OCCOCCOCCN1CCN(C(C2:C:C:C:C:C:2)C2:C:C:C(Cl):C:C:2)CC1,1
1201,CCC1:N:N(CCCN2CCN(C3:C:C:C:C(Cl):C:3)CC2):C(=O):N:1CC,1
1202,CCCC(C)(O)C1CC23C=CC1(OC)C1OC4:C(O):C:C:C5:C:4C12CCN(C)C3C5,1
1203,CCC1(C2:C:C:C:C:C:2)OCC(C2CCCCN2)O1,1
1204,CC(=O)OCC(CCN1:C:N:C2:C:N:C(N):N:C:2:1)COC(C)=O,1
1205,CN(C)CCCN1:C(=O):C2:C:C:C:C:C:2:C2:C:C:C:C:C:2:1,1
1206,CCC1:C(OC):N:C2:N:C(C3:N:O:C(C):N:3):C:N:2:C:1C,1
1207,O=C1CC[C@H](C(=O)N2CCCCC2)N1,1
1208,CCCCOCC(CN1C(=O)NC(=O)C(CC)(C2:C:C:C:C:C:2)C1=O)OC(N)=O,1
1209,NC(=O)OCC(COC(N)=O)C1:C:C:C:C:C:1,1
1210,COC1:C:C:C(OCC2CN(C)CCC2C2:C:C:C:C:C:2):C:C:1,1
1211,O=C(CCCN1CCN(C(=O)OC2CCCCC2)CC1)C1:C:C:C(F):C:C:1,1
1212,CCC(C(=O)OCCN1CCOC(C2:C:C:C:C:C:2)C1C)C1:C:C:C:C:C:1,1
1213,CCNC1C2CCC(C2)C1C1:C:C:C:C:C:1,1
1214,CCCCN/C(=C1/C=C(Cl)C=CC1=O)C1:C:C:C:C:C:1Cl,1
1215,C1:C:C:C(CC2NCCC3:C2:[NH]:C2:C:C:C:C:C:3:2):C:C:1,1
1216,CCC1C(=O)NC(=O)C1(C)C1:C:C:C:C:C:1,1
1217,ClC1:C:C:C(OCC2=NCCN2):C:C:1Cl,1
1218,CC1NC(=O)COC1C1:C:C:C:C:C:1,1
1219,CN1CC(=O)N=C1NC(=O)NC1:C:C:C:C(Cl):C:1,1
1220,CCNC1=NC(=O)C(C2:C:C:C:C:C:2)O1,1
1221,CC(C)(O)CC(C)(O)C1:C:C:C(Cl):C:C:1,1
1222,CN1:N:C(C2:C:C:C:N:C:2):N:C:1C1:C:C:C:C:C:1CO,1
1223,O=C(COC1:C:C:C(Cl):C:C:1)N1CCN(CC2:C:C:C3:C(:C:2)OCO3)CC1,1
1224,CC(C)(C)NCC(O)C1:C:C:C:C:C:1F,1
1225,CS(=O)(=O)C1:C:C:C([C@@H](O)[C@@H](CF)NC(=O)C(Cl)Cl):C:C:1,1
1226,CCN(CC)CCC(=O)N1C2:C:C:C:C:C:2SC2:C:C:C(C(F)(F)F):C:C:21,1
1227,CC(=O)OCC(=O)C12N=C(C)OC1CC1C3CCC4=CC(=O)C=CC4(C)[C@@]3(F)C(O)CC12C,1
1228,CCOC(=O)N(CCN(C)C)C1:C:C:C:C(C(F)(F)F):C:1,1
1229,COC1:C:C:C(S(N)(=O)=O):C:C:1C(=O)NCC1CCCN1CC1:C:C:C(F):C:C:1,1
1230,CC1(C)O[C@@H]2CC3C4C[C@H](F)C5=CC(=O)C=CC5(C)[C@@]4(Cl)C(Cl)CC3(C)[C@]2(C(=O)CO)O1,1
1231,C[C@]12C[C@H](O)[C@@]3(F)[C@@H](CCC4=CC(=O)CC[C@@]43C)[C@@H]1CC[C@]2(O)C(=O)CO,1
1232,CC(=O)OCC(=O)[C@@]1(O)CC[C@H]2[C@@H]3CCC4=CC(=O)CC[C@]4(C)[C@@]3(F)[C@@H](O)C[C@@]21C,1
1233,CC1:C:C2:C(:S:1)=NC1:C:C:C(F):C:C:1NC=2N1CCN(C)CC1,1
1234,COC(OC)C(=O)[C@@]12OC(C)(C)O[C@@H]1CC1C3C[C@H](F)C4=CC(=O)C=CC4(C)[C@@]3(F)C(O)CC12C,1
1235,CC(=O)OCC(=O)[C@@]12OC(C)(C)O[C@@H]1C[C@H]1[C@@H]3C[C@H](F)C4=CC(=O)C=C[C@]4(C)[C@@]3(F)[C@@H](O)C[C@@]12C,1
1236,CCCCOC(=O)C(=O)C1C(C)CC2C3CC(F)C4=CC(=O)C=CC4(C)C3C(O)CC21C,1
1237,CCCCCC(=O)OCC(=O)C1C(C)CC2C3CC(F)C4=CC(=O)C=CC4(C)C3C(O)CC21C,1
1238,CCS(=O)(=O)C1:C:C:C(F):C:C:1,1
1239,CC(=O)O[C@]1(C(C)=O)CC[C@H]2[C@@H]3C[C@H](C)C4=CC(=O)C=C[C@]4(C)[C@@]3(F)[C@@H](O)C[C@@]21C,1
1240,C[C@H]1C2:C:C:C:C:C:2[C@@H](CCCN(C)C)C2:C:C(C(F)(F)F):C:C:C:21,1
1241,CNCCC(OC1:C:C:C(C(F)(F)F):C:C:1)C1:C:C:C:C:C:1,1
1242,CCCCCCC(=O)OCCN1CCN(CCCN2C3:C:C:C:C:C:3SC3:C:C:C(C(F)(F)F):C:C:32)CC1,1
1243,OCCOC1CCN(CCCN2C3:C:C:C:C:C:3SC3:C:C:C(C(F)(F)F):C:C:32)CC1,1
1244,NC(=O)NCCN1CCN(C2:C:C:C:C(C(F)(F)F):C:2)CC1,1
1245,O=C1NCN(C2:C:C:C:C:C:2)C12CCN(CCCC(C1:C:C:C(F):C:C:1)C1:C:C:C(F):C:C:1)CC2,1
1246,O=C1CN2CCOC2(C2:C:C:C:C:C:2F)C2:C:C(Cl):C:C:C:2N1CCO,1
1247,CN1C(=O)C(O)N=C(C2:C:C:C:C:C:2F)C2:C:C(Cl):C:C:C:21,1
1248,CC1CC2C3CC(F)C4=CC(=O)C=CC4(C)C3(F)C(O)CC2(C)C1(O)C(=O)SCF,1
1249,CCC(=O)O[C@]1(C(=O)SCF)[C@H](C)C[C@H]2[C@@H]3C[C@H](F)C4=CC(=O)C=C[C@]4(C)[C@@]3(F)[C@@H](O)C[C@@]21C,1
1250,OCCN1CCN(CCCN2C3:C:C(C(F)(F)F):C:C:C:3SC3:S:C:C:C:32)CC1,1
1251,CCOC(=O)C1:C:N:C:N:1C(C)C1:C:C:C(F):C:C:1,1
1252,OC(CCCN1CCC2:C(:C3:C:C(F):C:C:C:3:N:2C2:C:C:C(F):C:C:2)C1)C1:C:C:C(F):C:C:1,1
1253,CC(C)N1:C(/C=C/[C@@H](O)C[C@H](O)CC(=O)O):C(C2:C:C:C(F):C:C:2):C2:C:C:C:C:C:2:1,1
1254,COCCCC/C(=N\OCCN)C1:C:C:C(C(F)(F)F):C:C:1.O=C(O)/C=C\C(=O)O,1
1255,CNC(=O)N1CC(OC2:C:C:C:C(C(F)(F)F):C:2)C1,1
1256,NC1:N:C(=O):C2:N:C(CNC3:C:C:C(C(=O)N[C@@H](CCC(=O)O)C(=O)O):C:C:3):C:N:C:2:[NH]:1,1
1257,CC(=O)OCC(=O)[C@@]12OC(C)(C)O[C@@H]1CC1C3CC(C=O)=C4C=C(OCCCl)CCC4(C)[C@@]3(F)C(O)CC12C,1
1258,CP(C)(=O)CN1C(=O)CN=C(C2:C:C:C:C:C:2)C2:C:C(Cl):C:C:C:21,1
1259,NNC(=O)CP(=O)(C1:C:C:C:C:C:1)C1:C:C:C:C:C:1,1
1260,C[C@@H]1O[C@@H]1P(=O)(O)O,1
1261,O=C1NC(C2:C:C:C:C:C:2)(C2:C:C:C:C:C:2)C(=O)N1COP(=O)(O)O,1
1262,CN1CCN(CCC(=O)N2C3:C:C:C:C:C:3SC3:C:C:C(C(F)(F)F):C:C:32)CC1,1
1263,O=C(CCN1CCN(CCO)CC1)N1C2:C:C:C:C:C:2SC2:C:C:C(C(F)(F)F):C:C:21,1
1264,O=C1OCCC1C1(O)CCN(CCCN2C3:C:C:C:C:C:3SC3:C:C:C(Cl):C:C:32)CC1,1
1265,C/C(=C(/CCO)SSCC1CCCO1)N(C=O)CC1:C:N:C(C):N:C:1N,1
1266,O=C1:[NH]:O:C2:C:1CCNC2,1
1267,CC(=O)[C@H]1CC[C@H]2[C@@H]3CC[C@H]4C[C@](C)(O)CC[C@]4(C)[C@H]3CC[C@]12C,1
1268,COCC1:C(C(=O)OC(C)C):N:C:C2:[NH]:C3:C:C:C:C(OC4:C:C:C(Cl):C:C:4):C:3:C:1:2,1
1269,CCC12CCN(CC3CC3)C(CC3:C:C:C(O):C:C:31)C2(C)C,1
1270,CC1(C)CC(=O)N(CCCCN2CCN(C3:N:C:C:C:N:3)CC2)C(=O)C1.[Cl-].[H+],1
1271,FC1:C:C:C2:[NH]:C3:C(:C:2:C:1)CN(CCCC1:C:C:C:N:C:1)CC3,1
1272,COC1:C:C2:C(:C:C:1OC)C(C1:C:C:C:C(Cl):C:1)=NN=C(C)C2,1
1273,CC1(C)O[C@@H]2C[C@H]3[C@@H]4CCC5=CC(=O)CC[C@]5(C)[C@@]4(F)[C@@H](O)C[C@]3(C)[C@]2(C(=O)CCl)O1,1
1274,C[C@@H]1C[C@H]2[C@@H]3C[C@H](F)C4=CC(=O)C=C[C@]4(C)C3(Cl)[C@@H](F)C[C@]2(C)[C@H]1C(=O)CO,1
1275,O=C(NCCN1CCC(N2:C(=O):[NH]:C3:C:C(Cl):C:C:C:3:2)CC1)C1:C:C:C(F):C:C:1,1
1276,CCCCCCCCCC(=O)OC1(C2:C:C:C(Cl):C:C:2)CCN(CCCC(=O)C2:C:C:C(F):C:C:2)CC1,1
1277,C[C@]12C=C(Br)C(=O)C=C1[C@H](F)C[C@H]1[C@@H]3CCC(O)(C(=O)CO)[C@@]3(C)C[C@H](O)C12F,1
1278,O=C1CN2CCOC2(C2:C:C:C:C:C:2F)C2:C:C(Br):C:C:C:2N1,1
1279,CCCCCC(N)C(O)(C1:C:C:C:C:C:1)C1:C:C:C:C:C:1,1
1280,OCCN1C=CN(CCCN2C3:C:C:C:C:C:3C=CC3:C:C:C:C:C:32)C=CC1,1
1281,CCC(C)(O)C1CC23C=CC1(OC)C1OC4:C(OC):C:C:C5:C:4C12CCN(CC1CC1)C3C5,1
1282,CC(C)(CO)[C@@H](O)C(=O)NCCCC(=O)O,1
1283,CCN(CC)CC(=O)OCC(=O)[C@@]1(O)CC[C@H]2[C@@H]3CCC4=CC(=O)CC[C@]4(C)[C@H]3[C@@H](O)C[C@@]21C,1
1284,CCC(=O)O[C@]1(C(=O)COC(C)=O)CC[C@H]2[C@@H]3CCC4=CC(=O)CC[C@]4(C)[C@H]3[C@@H](O)C[C@@]21C,1
1285,C[C@]12C[C@H](O)[C@H]3[C@@H](CCC4=CC(=O)CC[C@@]43C)[C@@H]1CC[C@]2(O)C(=O)COC(=O)CCC(=O)O.O,1
1286,CCCCC(=O)O[C@]1(C(=O)CO)CCC2C3CCC4=CC(=O)CCC4(C)C3C(O)CC21C,1
1287,CC12CCC(=O)C=C1CCC1C2C(O)CC2(C)C1CCC2(O)C(=O)COC(=O)CCC1CCCC1,1
1288,CN1CC[C@]23C4:C5:C:C:C(O):C:4O[C@H]2[C@@H](O)CC[C@@]3(O)[C@H]1C5,1
1289,COC1:C:C:C(CN2:C(C):C(CCN):C3:C:C(O):C:C:C:3:2):C:C:1,1
1290,CCC(Br)(C(N)=O)C(C)C,1
1291,O=C1CN=C(C2:C:C:C:C:C:2)C2:C:C(Cl):C:C:C:2N1CCOCC1CC1,1
1292,CC1:C:C:C:C(O[C@H]2CCNC[C@H]2O):C:1C,1
1293,O=C(/C=C/C1:C:C:C2:C(:C:1)OCO2)N1CCCCC1,1
1294,COC1:C:C(C(C)=O):C:C:C:1OCCCN1CCC(C2:N:O:C3:C:C(F):C:C:C:2:3)CC1,1
1295,CN1CCN(CCN2CCN(CCCN3C4:C:C:C:C:C:4SC4:C:C:C(Cl):C:C:43)CC2)C1=O,1
1296,CN(C)CCN1CCN(C2:C:C:C:C(Cl):C:2)C1=O,1
1297,C[N+](C)([O-])CCCN1C2:C:C:C:C:C:2CCC2:C:C:C:C:C:21,1
1298,CN[C@@H]1C[C@@H](C2:C:C:C(Cl):C(Cl):C:2)C2:C:C:C:C:C:21.[Cl-].[H+],1
1299,C1=CC2:C:C:C:C(OCC3CNCCO3):C:2C1,1
1301,CN(C)CCC1(C2:C:C:C:C:C:2)C=CC2:C:C:C:C:C:21,1
1302,CC(C)NNC(=O)COC1:C:C:C(Cl):C:C:1,1
1303,CSC1:C(Cl):N:C(NC(C)C):N:C:1N1CCN(C)CC1,1
1304,O=C1C2:C:C:C:C:C:2S(=O)(=O)N1CCCCN1CCN(C2:N:C:C:C:N:2)CC1.[Cl-].[H+],1
1305,CC1:C:C(C(=O)NNCC2:C:C:C:C:C:2):N:O:1,1
1306,CC12C=CC(=O)C=C1CCC1C3CCC(O)(C(=O)CO)C3(C)CC(O)C12F,1
1307,CC(=O)OCC(=O)[C@@]1(O)CC[C@H]2[C@@H]3CCC4=CC(=O)C=C[C@]4(C)[C@@]3(F)[C@@H](O)C[C@@]21C,1
1308,CCC[C@@H]1O[C@@H]2C[C@H]3[C@@H]4C[C@H](F)C5=CC(=O)C=C[C@]5(C)C4(F)[C@@H](O)C[C@]3(C)[C@]2(C(=O)O[C@H](C)OC(=O)OCC)O1,1
1309,C=C[C@@H]1CNCC[C@H]1CCCC1:C:C:N:C2:C:C:C(OC):C:C:1:2,1
1310,CC1[C@H]2C(=O)C3:C:C:C(O):C:C:3[C@]1(C)CCN2CC1CC1,1
1311,CC1=CC(=O)N2CC(=O)N(C)C3:C:C:C(Cl):C:C:3C2(C2:C:C:C:C:C:2)O1,1
1312,CCC(=O)C1(C2:C:C:C:C(O):C:2)CCN(C)CC1,1
1313,ClC1:C:N:N(CCCCN2CCN(C3:N:C:C:C:N:3)CC2):C:1,1
1314,O=C(CN1CCC23CCCCC2C1CC1:C:C:C(O):C:C:13)C1:C:C:C:C:C:1,1
1315,O=C1N(C2:C:C:C:C:C:2)C2:C:C:C:C:C:2C1(CC1:C:C:N:C:C:1)CC1:C:C:N:C:C:1,1
1316,CCN(CC)C(=O)N[C@H]1C=C2C3:C:C:C:C4:[NH]:C:C(:C:3:4)C[C@H]2N(C)C1,1
1317,CNCCC=C1C2:C:C:C:C:C:2C(C)(C)C2:C:C:C:C:C:21,1
1318,O=C1CCNC2:C:C:C(Cl):C:C:2N1C1:C:C:C:C:C:1,1
1319,CCC(=O)N(C1:C:C:C:C:C:1)[C@]1(C(=O)OC)CCN(CCC2:C:C:C:C:C:2)C[C@@H]1C,1
1320,CN(CCCN1C2:C:C:C:C:C:2CCC2:C:C:C:C:C:21)CC(=O)C1:C:C:C(Cl):C:C:1.[Cl-].[H+],1
1321,COC1:C:C:C(Cl):C2:C:1CCCC2N(C)C,1
1322,O=C1NC2:C:C:C(Cl):N:C:2C(C2:C:C:C:C:C:2Cl)=NC1O,1
1323,CN1CCN(/C=C2\N=C3CN=C(C4:C:C:C:C:C:4Cl)C4:C:C([N+](=O)[O-]):C:C:C:4N3C2=O)CC1,1
1325,CN1C(=O)C(O)N=C(C2:C:C:C:C:C:2Cl)C2:C:C(Cl):C:C:C:21,1
1326,FC(F)(F)C1:C:C:C:C(N2CCN(CCC3:N:N:C4:N:3C[C@H]3CCC[C@@H]43)CC2):C:1,1
1327,CN1CC[C@]23NC(=O)CC(C4:C:C(Cl):C:C:C:4O2)C3C1,1
1328,CN(C(=O)CNC(=O)CN)C1:C:C:C(Cl):C:C:1C(=O)C1:C:C:C:C:C:1Cl.O,1
1329,COC1=CC(=O)OC1C(O)C1:C:C:C:C:C:1Cl,1
1330,CCOC(=O)OC1(C(=O)OCCl)CCC2C3CCC4=CC(=O)C=CC4(C)C3C(O)CC21C,1
1331,CN1CCN(C2=NC3:C:C:C:C:C:3OC3:C:C:C(Cl):C:C:32)CC1,1
1332,CN1C2:C:C(F):C:C:C:2C(C2:C:C:C:C:C:2)=NCC1CNC(=O)C1:C:C:O:C:1,1
1333,OC1(C2:C:C:C(Cl):C:C:2)C2:C:C:C:C:C:2C2=NCCN21,1
1334,CN1CCN(CC(=O)[C@@]2(O)CC[C@H]3[C@@H]4CCC5=CC(=O)C=C[C@]5(C)[C@H]4[C@@H](O)C[C@@]32C)CC1,1
1335,CC(NN)C1:C:C:C:C:C:1,1
1336,CCC(C)C(C)(COC(N)=O)COC(N)=O,1
1337,C[C@@H]1N=C(C2:C:C:C:C:C:2Cl)C2:C:C([N+](=O)[O-]):C:C:C:2NC1=O,1
1338,CNC(=O)NC(O)C(Cl)(Cl)Cl,1
1339,C[C@@H]1CC2C3CCC4=CC(=O)C=CC4(C)[C@@]3(Cl)C(Cl)CC2(C)[C@@]1(O)C(=O)CO,1
1340,CC(=O)[C@H]1CC[C@H]2[C@@H]3C[C@H](C)C4=CC(=O)CC[C@]4(C)[C@H]3[C@@H](O)C[C@]12C,1
1341,CCN(CC)CCNC(=O)COC1:C:C:C(OC):C:C:1.[Cl-].[H+],1
1342,CN(C)CCC=C1C2:C:C:C:C:C:2C(C)(C)C2:C:C:C:C:C:21,1
1343,CC1CCN(CCCC(=O)C2:C:C:C(F):C:C:2)CC1,1
1344,CC12CC3CC(C)(C1)CC(N)(C3)C2,1
1345,COC1:C:C:C:C:C:1OCC1CNC(=O)O1,1
1346,COC1:C:C:C2:C(:C:1)C(O)(CCCN(C)C)C1:C:C:C:C:C:1S2,1
1348,CN1C[C@@H](NS(=O)(=O)N(C)C)C[C@@H]2C3:C:C:C:C4:C:3:C(:C:N:4C)C[C@H]21,1
1349,CC(=O)NC1:C:C:C:C(O):C:1,1
1350,CC(C)(O)C(C)(O)C1:C:C:C:C(Cl):C:1,1
1351,CN(C)CCN(CC1:C:C:C:S:1)C1:C:C:C:C:N:1,1
1352,CCC1(CC)C(=O)NC(=O)N(C)C1=O,1
1353,CCCC(C)C1(CCSC)C(=O)NC(=S)NC1=O,1
1354,CC1=CCC2C3CC4:C:C:C(O):C5:C:4C2(CCN3C)C1O5,1
1355,CO[C@H]1CC[C@H]2[C@H]3CC4:C:C:C(O):C5:C:4[C@@]2(CCN3C)[C@H]1O5,1
1356,CCC(=O)O[C@]1(C(=O)COC(C)=O)CC[C@H]2[C@@H]3C[C@H](C)C4=CC(=O)C=C[C@]4(C)[C@H]3[C@@H](O)C[C@@]21C,1
1357,CC1:C:C:C2:C(:C:1)C(N1CCN(C)CC1)=NC1:C:C:C:C:C:1S2,1
1358,COC1:C:C(C(=O)OCCN2CCN(CCCN3C4:C:C:C:C:C:4SC4:C:C:C(Cl):C:C:43)CC2):C:C(OC):C:1OC,1
1359,CS(=O)(=O)C1:C:C:C2:C(:C:1)N(CCCN1CCC(C(N)=O)CC1)C1:C:C:C:C:C:1S2,1
1360,CN1CC[C@]23C4:C5:C:C:C(O):C:4O[C@@]2(C)C(=O)CC[C@H]3[C@H]1C5,1
1361,COC(=O)C1C2CC3C4:[NH]:C5:C:C(OC):C:C:C:5:C:4CCN3CC2CC(OC)C1OC,1
1362,COC1:C:C:C2:C(:C:1)C(N1CCN(C)CC1)=CC1:C:C:C:C:C:1O2,1
1363,COC1:C:C:C2:C(:C:1):C1:C3:N:2CCN(C)C3=NCC1,1
1364,CC[C@H](C)C(=O)O[C@H]1CCC=C2C=C[C@H](C)[C@H](CC[C@@H]3C[C@@H](O)CC(=O)O3)[C@H]21,1
1365,CC1COC2(C3:C:C:C:C:C:3Cl)C3:C:C(Cl):C:C:C:3NC(=O)CN12,1
1366,CNC1:N:C(Cl):C(SC):C(N2CCN(C)CC2):N:1,1
1368,NC1=NC(C(F)(F)F)(C(F)(F)F)NC1(C(F)(F)F)C(F)(F)F,1
1369,CCCCCNCC(N)=O,1
1370,CO/N=C/C1=CCCN(C)C1,1
1371,CC1:C:C(C2:C:C:C:C:C:2):N:N:C:1NCCN1CCOCC1,1
1372,CCO[C@H]1C[C@@]2(C)[C@@H](CC[C@H]3[C@@H]4CC[C@H](C(C)=O)[C@@]4(C)C[C@@H](N(C)C)[C@@H]32)C[C@@H]1O,1
1373,CN1[C@H]2CC[C@@H]1CC(NC(=O)C1:C:N(C3CCCCC3):C3:C:C:C:C:C:3:C:1=O)C2,1
1375,NC(=O)CS(=O)C(C1:C:C:C:C:C:1)C1:C:C:C:C:C:1,1
1376,C[C@@H]1C[C@H]2[C@@H]3CCC4=CC(=O)C=C[C@]4(C)[C@@]3(Cl)[C@@H](O)C[C@]2(C)[C@@]1(O)C(=O)CCl,1
1377,CNCCCN1C2:C:C:C:C:C:2C(C)(C)C2:C:C:C:C:C:21,1
1378,CC1(C2:C:C:C:C:C:2)CC(=O)N(CN2CCOCC2)C1=O,1
1379,O=C1NC2CCCCN2C12CCN(CCCN1C3:C:C:C:C:C:3CCC3:C:C:C(Cl):C:C:31)CC2,1
1380,COCN1C(=O)CN=C(C2:C:C:C:C:C:2)C2:C:C([N+](=O)[O-]):C:C:C:21,1
1381,CNC(=O)O[C@H]1OC(=O)[C@]2(C)[C@@H]3C=C[C@@H](C3)[C@H]12,1
1382,CC1=CC(=C2C=CC(=O)C=C2)NN=C1NCCN1CCOCC1,1
1383,CCCCCCCCCCCCCC(=O)O[C@H]1C=C[C@H]2[C@H]3CC4:C:C:C(OCC5:C:C:C:C:C:5):C5:C:4[C@@]2(CCN3C)[C@H]1O5,1
1384,CCCCCC(C)C(C)C1:C:C(OC(=O)CCCN2CCCCCC2):C2:C(:C:1)OC(C)(C)C1=C2CC(C)CC1,1
1385,CCCCCCC(C)(C)C1:C:C(O):C2:C(:C:1)OC(C)(C)[C@@H]1CCC(=O)C[C@@H]21,1
1386,O=C(CN1:C:C:N:C:1)C1:C:C:C2:C:C:C:C:C:2:C:1,1
1387,C[C@]12C[C@H](O)[C@@]3(F)[C@@H](CCC4=CC(=O)C=C[C@@]43C)[C@@H]1C[C@H]1CC3:C:C:C:C:C:3C[C@]12C(=O)CO.O,1
1388,OC1:C:C:C2:C3:C:1OC1C(O)CCC4(O)C(C2)N(CC2CCC2)CCC314,1
1389,C=C1CC[C@@]2(O)[C@H]3CC4:C:C:C(O):C5:C:4[C@@]2(CCN3CC2CC2)[C@H]1O5,1
1390,CC(C)=CCN1CC[C@]23C4:C5:C:C:C(O):C:4O[C@H]2C(=O)CC[C@@]3(O)[C@H]1C5,1
1391,CN=C(CC1:C:C:C2:C:C:C:C:C:2:C:1)[NH2+]C.[Cl-],1
1392,C1=C(CC2=NCNC2)CCC2:C:C:C:C:C:21,1
1393,CC(OC1:C:C:C:C2:C:C:C:C:C:1:2)/C(N)=N/O,1
1394,CCC1:N:N(CCCN2CCN(C3:C:C:C:C(Cl):C:3)CC2):C(=O):N:1CCOC1:C:C:C:C:C:1.[Cl-].[H+],1
1395,CC1:C:C:C:C(C):C:1NC(=O)CN1CCCC1=O,1
1396,O=C1:[NH]:C2:C:C:C:C:C:2:N:1C1CCN(CCCC2:N:O:C3:C:C(F):C:C:C:2:3)CC1,1
1397,O=C(CCNNC(=O)C1:C:C:N:C:C:1)NCC1:C:C:C:C:C:1,1
1398,CC(CCN1CCN(C2:C:C:C(F):C:C:2)CC1)NC(=O)C1:C:C:C:N:C:1,1
1399,C/C=C\C1O[C@]2(C(=O)COC(=O)C3:C:C:N:C:C:3)CC[C@@]3(O1)[C@@H]1CCC4=CC(=O)CC[C@]4(C)[C@H]1[C@@H](O)C[C@]23C,1
1400,CN1CC[C@]23C4:C5:C:C:C(OC(=O)C6:C:C:C:N:C:6):C:4O[C@H]2[C@@H](OC(=O)C2:C:C:C:N:C:2)C=C[C@H]3[C@H]1C5,1
1401,O=C(C1:C:C:C:N:C:1)N1CCOCC1,1
1402,NC(=O)C1:C:C:C:N:C:1,1
1403,CCN(CC)C(=O)C1:C:C:C:N:C:1,1
1404,CN1C(=O)CN=C(C2:C:C:C:C:C:2)C2:C:C([N+](=O)[O-]):C:C:C:21,1
1405,CCC(C)C(C)(COC(N)=O)COC(=O)NC(C)C,1
1406,CNCCC(OC1:C:C:C:C:C:1OC)C1:C:C:C:C:C:1,1
1407,N=C(N)C1:C:C:C(C2:C:C:C:C:C:2[N+](=O)[O-]):O:1,1
1408,C#C[C@]1(O)CC[C@H]2C3CCC4=CC5:C(:C:N:N:5C5:C:C:C(F):C:C:5)CC4(C)[C@H]3CCC21C,1
1409,CNC/C=C(/C1:C:C:C(Br):C:C:1)C1:C:C:C:N:C:1,1
1410,CN1CC2:C(N):C:C:C:C:2C(C2:C:C:C:C:C:2)C1,1
1411,CCCCCCCCCNC1:N:C:N:C2:[NH]:C:C:C:1:2,1
1412,FCC(F)(F)F,1
1413,OC1:C:C:C2:C(:C:1)C13CCCCC1C(C2)NCC3,1
1414,OC1:C:C:C2:C3:C:1OC1C(O)C=CC4C(C2)NCCC341,1
1415,O=C1CN=C(C2=CCCCC2)C2:C:C(Cl):C:C:C:2N1,1
1416,COC1:C:C:C2:C(:C:1OC)C(=O)O[C@@H]2[C@H]1C2:C(:C:C3:C(:C:2OC)OCO3)CCN1C,1
1417,CN(C)CCON=C1C2:C:C:C:C:C:2CCC2:C:C:C:C:C:21,1
1418,ClC1:C:C:C2:C(:C:1)/C(=C/C1CN3CCC1CC3)C1:C:C:C:C:C:1S2,1
1419,CC1:N:C2:C(C):C:C:C:N:2:C(=O):C:1CCN1CCC(C2:N:O:C3:C:C(F):C:C:C:2:3)CC1,1
1420,O=C(C1:C:C:C:C:N:1)C1:C:N:N2:C(C3:C:C:N:C:C:3):C:C:N:C:1:2,1
1421,CCCCCCC(C)NN,1
1422,CNCCC=C1C2:C:C:C:C:C:2C2CC2C2:C:C:C:C:C:21,1
1423,O=C(CN1CC[C@H](C2:C:C:C(F):C:C:2)[C@@H](COC2:C:C:C3:C(:C:2)OCO3)C1)C1:C:C:C(F):C:C:1,1
1424,CC(C)N1CCOC(C2:C:C:C(C(F)(F)F):C:C:2)C1,1
1425,NC(=O)N1C2:C:C:C:C:C:2CC(=O)C2:C:C:C:C:C:21,1
1426,CC(CC1:C:C:C:C:C:1)[N+](C)([O-])CC1:C:C:C:C:C:1,1
1427,NC(=O)CN1CC(O)CC1=O,1
1428,COC(=O)[C@@]1(O)CC[C@H]2C3CCC(=O)C4C(=O)C=CC4(C)[C@H]3C(O)CC21C,1
1429,NC(CC1:C:[NH]:C2:C:C:C(O):C:C:1:2)C(=O)O,1
1430,CN(C)C(=O)COC1C2:C:C:C:C:C:2CCC2:C:C:C:C:C:21,1
1431,CC(C)CCC(=O)CC1C2:C:C:C:C:C:2C(=O)N1C1:C:C:C2:C:C:C(Cl):N:C:2:N:1,1
1432,CC(C)N1:C(=O):C2:C(C3:N:O:C(C4CC4):N:3):N:C:N:2:C2:C:C:C:C:C:2:1,1
1433,COC1:C:C:C(N2C[C@H](CN3CCC(O)(C4:C:C:C5:C(:C:4)OCO5)CC3)OC2=O):C:C:1,1
1434,NC1:C:C(OCC2CC2):C(C(=O)NC2CN3CCC2CC3):C:C:1Cl,1
1435,O=C(NC(=O)C1:C:C:C:C:C:1)NC1CCN(CC2:C:C:C3:C:C:C:C:C:3:C:2)CC1,1
1436,CC1OC(C)OC(C)O1,1
1437,CC(=O)OCC(=O)[C@@]1(O)[C@H](C)C[C@H]2[C@@H]3C[C@H](F)C4=CC(=O)C=C[C@]4(C)[C@H]3[C@@H](O)C[C@@]21C,1
1438,C#CCN(C)CC1:C:C:C:C:C:1,1
1439,FC1:C:C:C([C@@H]2CCNC[C@H]2COC2:C:C:C3:C(:C:2)OCO3):C:C:1,1
1440,O=C(CC1C2:C:C:C:C:C:2C(=O)N1C1:C:C:C2:C:C:C(Cl):N:C:2:N:1)N1CCC2(CC1)OCCO2,1
1441,OC1(C2:C:C:C(Cl):C(C(F)(F)F):C:2)CCN(CCCC(C2:C:C:C(F):C:C:2)C2:C:C:C(F):C:C:2)CC1,1
1442,CC(OC(N)=O)C(C)C(C)OC(N)=O,1
1443,CCCCCN[C@@]12C=CC(=O)[C@@H]3OC4:C(O):C:C:C5:C:4[C@@]31CCN(C)[C@@H]2C5,1
1444,OCC1(CO)COC(C(Cl)(Cl)Cl)OC1,1
1445,CN1CCN(C2=NC3:C:C:C:C:C:3SC3:N:C:C:N:32)CC1,1
1446,C1:C:C:C(C2:N:C(N3CCNCC3):C:C3:C:C:C:C:C:2:3):C:C:1,1
1447,O=C1[C@H]2CCCC[C@H]2C(=O)N1CCCCN1CCN(C2:N:S:C3:C:C:C:C:C:2:3)CC1,1
1449,OC(OCC(COC(O)C(Cl)(Cl)Cl)(COC(O)C(Cl)(Cl)Cl)COC(O)C(Cl)(Cl)Cl)C(Cl)(Cl)Cl,1
1450,NC(=O)NC(=O)CC1:C:C:C:C:C:1,1
1451,CC1C2CC3:C:C:C(O):C:C:3C1(C)CCN2CCC1:C:C:C:C:C:1,1
1452,CCC(C(=O)NC(N)=O)C1:C:C:C:C:C:1,1
1453,CC1NCCOC1C1:C:C:C:C:C:1,1
1454,CC(COC1:C:C:C:C:C:1)NN,1
1455,CN1C(=O)CC(C2:C:C:C:C:C:2)C1=O,1
1456,O=C([O-])C1:C:C:C:C:C:1OC1:C:C:C:C:C:1,1
1458,CCC1(CC)C(=O)NC(=O)N(C2:C:C:C:C:C:2)C1=O,1
1459,O=C(C1:C:C:C:C:N:1)N1CCN(CC2:C:C:C:C:C:2)CC1,1
1460,CCC[C@]1(C2:C:C:C:C(O):C:2)CCN(C)C[C@@H]1C,1
1461,CC(=O)NC1:C:C:C(OC(=O)[C@@H]2CCC(=O)N2):C:C:1,1
1462,C1:C:C:C(C2:C:C(CCC3CCNCC3):C3:C:C:C:C:C:3:N:2):C:C:1,1
1463,CC(=O)C1:C:C:C2:C(:C:1)N(CCCN1CCC(CCO)CC1)C1:C:C:C:C:C:1S2,1
1464,O=C(OCCN1CCCCC1)C(O)(C1:C:C:C:C:C:1)C1:C:C:C:C:C:1,1
1465,CN1CCN(C2:C:C3:C(:N:N:2)OC2:C:C:C:C:C:2N3C)CC1,1
1466,CCCCCCCCCCCCCCCC(=O)OCCC1CCN(CCCN2C3:C:C:C:C:C:3SC3:C:C:C(S(=O)(=O)N(C)C):C:C:32)CC1,1
1467,CCC1:C(C):[NH]:C2:C:1C(=O)[C@@H]1CN(C)CC[C@H]1C2,1
1468,NC(=O)CN1CCCC1=O,1
1469,CN(C)CCC1(C)OCCC2=C1C1:C:C:C:C:C:1C2,1
1470,CC1:C:C:C:C:C:1N1:C(/C=C/C2:C:C:C:C:N:2):N:C2:C:C:C:C:C:2:C:1=O,1
1471,N#CC(CCN1CCC(C(N)=O)(N2CCCCC2)CC1)(C1:C:C:C:C:C:1)C1:C:C:C:C:C:1,1
1472,CC1:C:C:C2:C(:C:1):C1:C3:N:2CCNC3CCC1.[Cl-].[H+],1
1473,CC(C)(C)C(=O)NCCCC(=O)O,1
1474,CC(C)(C)C(=O)OC1N=C(C2:C:C:C:C:C:2)C2:C:C(Cl):C:C:C:2NC1=O,1
1475,CC(C)N(CCNC(=O)CN1CCCC1=O)C(C)C,1
1476,O=C1NC(=O)C(CC2CCCCN2)(C2:C:C:C:C:C:2)C(=O)N1,1
1477,CCOC(=O)O[C@]1(C(=O)COC(=O)CC)CC[C@H]2[C@@H]3CCC4=CC(=O)C=C[C@]4(C)[C@H]3[C@@H](O)C[C@@]21C,1
1478,CCN(CC)CC(=O)OCC(=O)C1(O)CCC2C3CCC4=CC(=O)C=CC4(C)C3C(O)CC21C,1
1479,CCCCCCCCCCCCCCCCCC(=O)OCC(=O)OCC(=O)[C@@]1(O)CC[C@H]2[C@@H]3CCC4=CC(=O)C=C[C@]4(C)[C@H]3[C@@H](O)C[C@@]21C,1
1480,CC(C)(C)CC(=O)OCC(=O)[C@@]1(O)CC[C@H]2[C@@H]3CCC4=CC(=O)C=C[C@]4(C)[C@H]3[C@@H](O)C[C@@]21C,1
1481,C=C1CC2C3CCC4=CC(=O)C=CC4(C)C3C(O)CC2(C)C1(O)C(=O)CO,1
1482,CC(C)C[C@H](CN)CC(=O)O,1
1483,CC(=O)C1CCC2C3CC=C4CC(OC(=O)CCC(=O)O)CCC4(C)C3CCC12C,1
1484,CCN1CCC(=C(C2:C:C:C:C:C:2)C2:C:C:C:C:C:2)C1.[Cl-].[H+],1
1485,CNNCC1:C:C:C(C(=O)NC(C)C):C:C:1,1
1486,CCC(OC(N)=O)C1CCCCC1,1
1487,O=C1CN=C(C2:C:C:C:C:C:2F)C2:C:C(Cl):C:C:C:2N1CC(O)CO,1
1488,NC(=O)CCCN/C(=C1\C=C(F)C=CC1=O)C1:C:C:C(Cl):C:C:1,1
1489,CCCC(CC1:C:C:C:C:C:1)N1CCCC1,1
1490,CC(C)C1(C(C)C)OCC(CO)O1,1
1491,CCN(CC)CC(=O)OC1:C:C:C(NC(C)=O):C:C:1,1
1492,[CH2-][CH-]C,1
1493,CC(CN1C(=O)C2:C:C:C:N:C:2NC2:C:C:C:C:C:21)N(C)C,1
1495,CCC(=O)C1(N2CCCCC2)CCN(CCCC(=O)C2:C:C:C(F):C:C:2)CC1,1
1496,CN(C)CCC=C1C2:C:C:C:C:C:2SC2:C:C:C:C:C:21,1
1497,C=CCC1(CC(C)O)C(=O)NC(=O)NC1=O,1
1498,OC1:C:C:C2:C(:C:1)C13CCN(CC4CC4)C(C2)C1CCOC3,1
1499,CC(O)CN1:C:N:C2:C:1:C(=O):N(C):C(=O):N:2C,1
1500,CN(C)CCC1:C:[NH]:C2:C:C:C:C(OP(=O)(O)O):C:1:2,1
1501,C1:C:C:C2:O:C(C3:C:C:N:C:C:3):C:C:2:C:1,1
1502,CC1:N:C:C(CSSCC2:C:N:C(C):C(O):C:2CO):C(CO):C:1O,1
1503,OCCOCCN1CCN(C2=NC3:C:C:C:C:C:3SC3:C:C:C:C:C:32)CC1,1
1504,CN1CC[C@@]2(C)C3:C:C(OC(=O)N4CCC5:C:C:C:C:C:5C4):C:C:C:3N(C)[C@@H]12,1
1505,CCCN1CC(NS(=O)(=O)N(CC)CC)CC2CC3:C(O):C:C:C:C:3CC21,1
1506,CN(C)CCOC1(CC2:C:C:C:C:C:2)CC2CCC1(C)C2(C)C,1
1507,C#CCN[C@@H]1CCC2:C:C:C:C:C:21,1
1508,O=C1COC(N2CCN=C(C3:C:C:C:C:C:3Cl)C3:C:C(Cl):C:C:C:32)=N1,1
1509,CC(CC1:C:C:C:C:C:1)(NC(=O)CN)C1:C:C:C:C:C:1,1
1510,CCC(=O)N(C1:C:C:C:C:C:1)C1(C(=O)OC)CCN(CCC(=O)OC)CC1,1
1511,CCC(=O)C1(O)CCC2C3CCC4=CC(=O)CCC4(C)C3C(O)CC21C,1
1512,CCOC(=O)NC1:C:C:C(NCC2:C:C:C(F):C:C:2):C:C:1N,1
1513,CN1[C@H]2CC[C@@H]1CC(NC(=O)N1CC(C)(C)C3:C:C:C:C:C:31)C2,1
1514,CN(C)C(=O)C1:N:C(CNC(=O)CN):N(C2:C:C:C(Cl):C:C:2C(=O)C2:C:C:C:C:C:2Cl):N:1,1
1515,CC1CN(CCCN2:C3:C:C:C:C:C:3:C3:C:C:C:C:C:3:2)CC(C)N1,1
1516,CCC(=O)[C@@]1(C)[C@H](C)C[C@H]2[C@@H]3CCC4=CC(=O)C=C[C@]4(C)[C@H]3[C@@H](O)C[C@@]21C,1
1517,CCN1:N:C(C):C2:C:1C(C1:C:C:C:C:C:1)=NCC(=O)N2,1
1518,CCN(C)C(=O)OC1:C:C:C:C([C@H](C)N(C)C):C:1,1
1519,NC(=O)C1:C:C:C(F):C2:C:1C[C@@H](N(C1CCC1)C1CCC1)CO2,1
1520,CC(C)OCC(COC(C)C)OCN1:C:N:C2:C:N:C(N):N:C:2:1,1
1521,O=C1CCN=C2CC(C3:C:C:C:C:C:3)CN12,1
1522,CCC[C@@H]1O[C@@H]2C[C@H]3[C@@H]4C[C@H](F)C5=CC(=O)CC[C@]5(C)[C@@]4(F)[C@@H](O)C[C@]3(C)[C@]2(C(=O)CO)O1,1
1523,O=C1CCC(C(=O)NC2CC2C2:C:C:C:C:C:2)N1,1
1524,COC1:C:C:C(C2CNC(=O)C2):C:C:1OC1CCCC1,1
1525,CN1C[C@H](CN2CC(=O)NC(=O)C2)C=C2C3:C:C:C:C4:[NH]:C:C(:C:3:4)C[C@H]21,1
1526,FC1:C:C:C:C(Br):C:1NC1=NCCN1,1
1528,CN1C(=O)CC2(CCN(CCCC(=O)C3:C:C:C(F):C:C:3)CC2)C1=O,1
1529,CON=C(C#N)C1CN2CCC1CC2,1
1530,OCC1:C:C:C:C:C:1O[C@@H]1O[C@H](CO)[C@@H](O)[C@H](O)[C@H]1O,1
1531,NC(=O)C1:C:C:C:C:C:1O,1
1532,O=C(OC1:C:C:C:C:C:1C(=O)O)C1:C:C:C:C:C:1O,1
1533,CCCCCCN1CCC(C(=O)N(C)CC)(C2:C:C:C:C:C:2)CC1,1
1534,CCCC(=O)N(C)CC1:C(C2:C:C:C(Cl):C:C:2):N:C2:C:C:C:C:N:1:2,1
1535,N#CC1:C:C:C2:C(:C:1)C1=C(CCN(CC3CCCC3)CC1)C1:C:C:C:C:C:1O2,1
1536,C#CCN(C)[C@H](C)CC1:C:C:C:C:C:1,1
1537,COCCN1CC[C@]23C4:C5:C:C:C(O):C:4O[C@H]2C(=O)CC[C@@]3(O)[C@H]1C5,1
1538,O=C1NCCN1CCN1CCC(C2:C:N(C3:C:C:C(F):C:C:3):C3:C:C:C(Cl):C:C:2:3)CC1,1
1539,CN1CCC2=C(C1)C1:C:C:C:C:C:1CC1:C:C:C:C:C:12,1
1540,C1:C:N:C:C(CC2(CC3:C:C:N:C:C:3)C3:C:C:C:N:C:3C3:N:C:C:C:C:32):C:1.O,1
1541,CC(C)CC(N(C)C)C1(C2:C:C:C(Cl):C:C:2)CCC1,1
1542,CN1CCN(C2:C:C:C:C:C:2CC2:C:C:C:C:C:2)CC1,1
1543,CCC(C)(C)C(=O)O[C@H]1C[C@@H](C)C=C2C=C[C@H](C)[C@H](CC[C@@H]3C[C@@H](O)CC(=O)O3)[C@H]21,1
1544,CC1:C:C(NC(=O)C2:C(C):C:C:C:C:2C):N:O:1,1
1545,O=C(CCCN1CCC2(CC1)C(=O)NCN2C1:C:C:C:C:C:1)C1:C:C:C(F):C:C:1,1
1546,CN(C(=O)CC1:C:C:C(Cl):C(Cl):C:1)[C@H]1CC[C@@]2(CCCO2)C[C@@H]1N1CCCC1,1
1547,O=C1NCN(C2:C:C:C:C:C:2)C12CCN(CCCOC1:C:C:C(F):C:C:1)CC2,1
1548,C/C(=C/CCN1CCC2(CC1)C(=O)NCN2C1:C:C:C:C:C:1)C1:C:C:C(F):C:C:1,1
1549,CN(C)CC1COC2(O1)C1:C:C:C:C:C:1COC1:C:C:C:C:C:12,1
1550,CCN(CC)C(=O)N1CCN(CCCC2:N:C3:C(:C(=O):N(C):C(=O):N:3C):N:2C)CC1,1
1551,CC(C)(C)C(O)/C=C/C1:C:C:C2:C(:C:1)OCO2,1
1552,NS(=O)(=O)C1:C:C:C(N2C(=O)CC(C3:C:C:C:C:C:3)C2=O):C(Cl):C:1,1
1554,CCS(=O)(=O)C(C)(C)S(=O)(=O)CC,1
1555,COC1:C:C:C(S(N)(=O)=O):C:C:1C(=O)NCC1CCCN1C,1
1556,NS(=O)(=O)C1:C:C:C(N2CCCCS2(=O)=O):C:C:1,1
1557,CCN1CCCC1CNC(=O)C1:C:C(S(=O)(=O)CC):C:C:C:1OC,1
1558,CSCC[C@H](NC(C)=O)C(=O)OC1:C:C:C(NC(C)=O):C:C:1,1
1559,O=C1CCC(=O)N1CC1CCC2CN(C3:N:C:C:C:N:3)CCN2C1,1
1560,CCC(=O)N1CCN(C(=O)OC2C3=C(SCCS3)C(=O)N2C2:C:C:C3:C:C:C(Cl):N:C:3:N:2)CC1,1
1561,CN1CCN(C(=O)OC2C3=C(SCCS3)C(=O)N2C2:C:C:C3:C:C:C(Cl):N:C:3:N:2)CC1,1
1562,CN1:N:C(C2:C:C:C:C(F):C:2):N(C):C:1=S,1
1563,O=C1CCC(N2C(=O)C3C4CCC(C4)C3C2=O)C(=O)N1,1
1564,CNCCCC1(C2:C:C:C:C:C:2)OC(C)(C)C2:C:C:C:C:C:21,1
1565,CNCCCC1(C2:C:C:C:C:C:2)SC(C)(C)C2:C:C:C:C:C:21,1
1566,CC(C)NS(=O)(=O)CCN1C(=O)C2:C:C:C:C:C:2C1=O,1
1567,CN1:C(=O):C2:C(:N:C:N:2CCN2CCC(C3:C:[NH]:C4:C:C:C:C:C:3:4)CC2):N(C):C:1=O,1
1568,CNC1CCC(C2:C:C:C:C:C:2)C2:C:C:C:C:C:21,1
1570,COC1:C:C:C(C(O)CN2CCN(C(C3:C:C:C:C:C:3)C3:C:C:C:C:C:3)CC2):C:C:1OC,1
1571,CN(C)CCCN1C2:C:C:C:C:C:2C(C2:C:C:C:C:C:2)=NC2:C:C:C:N:C:21,1
1572,CCN1:C2:C(:C3:C:C:C:C:C:3:1)CCSC2(C)CCN(C)C,1
1573,O=C(O)CC(O)(CC(=O)O)C(=O)O.O=C1[C@H]2[C@@H]3CC[C@@H](C3)[C@H]2C(=O)N1CCCCN1CCN(C2:N:C:C:C:N:2)CC1,1
1574,COC1:N:C2:N:C(C3:N:O:C(C):N:3):C:N:2:C2:C:1CCCC2,1
1575,CC1:N:C(C):C2:C(:N:1)N(CC1:C:C:C(C3:C:C:C:C:C:3C3:N:N:[NH]:N:3):C:C:1)C(=O)CC2,1
1576,CCCCCCSC1:N:S:N:C:1C1=CCCN(C)C1,1
1577,OCCN1CCN([C@@H]2C[C@@H](C3:C:C:C(F):C:C:3)C3:C:C:C(C(F)(F)F):C:C:32)CC1,1
1578,OCCN1CCN(CCCC2C3:C:C:C(F):C:C:3SC3:C:C:C(C(F)(F)F):C:C:32)CC1,1
1579,O=C1NCCNC1C1:C:C:C:S:1,1
1580,CCCN1CC=C(C2:C:[NH]:C3:C:C:C(Cl):C:C:2:3)CC1,1
1581,CCN(CC)C(=O)N[C@H]1C[C@@H]2C3:C:C:C:C4:[NH]:C:C(:C:3:4)C[C@H]2N(C)C1,1
1582,CCCC(CC)C1(CC)C(=O)NC(=O)NC1=O,1
1584,O=C1NC(=O)C2(CCC3:C:C:C:C:C:3C2)N1,1
1585,O=C1CCC(N2C(=O)C3:C:C:C:C:C:3C2=O)C(=O)N1,1
1586,COC1:C:C:C2:C3:C:1OC1C(OC(C)=O)=CCC4C(C2)N(C)CCC314,1
1587,C=CCC1(C2C=CCCC2)C(=O)NC(=S)NC1=O,1
1588,C=CCC1(C(C)CCC)C(=O)NC(=S)NC1=O,1
1589,CN(C)CCN1C(=O)CC(C2:C:C:C:C:C:2)SC2:C:C:C:C:C:21,1
1590,CC(=O)OCCN1CCN(CCCN2C3:C:C:C:C:C:3SC3:C:C:C(Cl):C:C:32)CC1,1
1591,CN1CCN(CCCN2C3:C:C:C:C:C:3SC3:C:C:C(S(=O)(=O)N(C)C):C:C:32)CC1,1
1592,CN(C)C1=NC(=O)C(C2:C:C:C:C:C:2)O1,1
1593,CC1:C:C:S:C:1C(=CCCN1CCC[C@@H](C(=O)O)C1)C1:S:C:C:C:1C,1
1594,CN1C2:C:C:C:C:C:2C(NCCCCCCC(=O)O)C2:C:C:C(Cl):C:C:2S1(=O)=O,1
1595,CC1:C:S:C2:C:C:C3:[NH]:C4:C(:C:3:C:1:2)CN(C)CC4,1
1596,S=C1NCCC(COC2:C:C:C:C:C:2)O1,1
1597,CCOC(=O)C1(C2:C:C:C:C:C:2)CCC=CC1N(C)C.[Cl-].[H+],1
1598,CN1CCN2C3:C:C(F):C:C:C:3C(C3:C:C:C:S:3)=NCC2C1,1
1599,O=C(CCCN1CCC(N2:C(=S):[NH]:C3:C:C:C:C:C:3:2)CC1)C1:C:C:C(F):C:C:1,1
1600,N=C1SCCN1C1:C:C:C(Cl):C:C:1N,1
1601,CSC(=O)C1(OC(C)=O)[C@@H](C)C[C@H]2[C@@H]3CCC4=CC(=O)C=C[C@]4(C)C3(F)[C@@H](O)C[C@@]21C,1
1602,CCS(=O)(=O)CCN1:C([N+](=O)[O-]):C:N:C:1C,1
1603,CN1CC(CSC2:C:C:C:C:N:2)C=C2C3:C:C:C:C4:[NH]:C:C(:C:3:4)CC21,1
1604,CCCSC1:C:C:C:C:C:1N1CCN(CCCCN2:C(=O):[NH]:C3:C:C:C:C:C:3:C:2=O)CC1,1
1605,O=C1CC2(CCCC2)CC(=O)N1CCCCN1CCN(C2:N:S:C3:C:C:C:C:C:2:3)CC1,1
1606,CCS[C@]1(SC)CC[C@H]2[C@@H]3CCC4=CC(=O)C=C[C@]4(C)[C@@]3(F)[C@@H](O)C[C@@]21C,1
1607,COC1:C:C2:C(:C:C:1OC)S(=O)(=O)OC(C(=O)NC(C)CC(C)(C)N(C)C)C2,1
1608,CC(CC1:C:C:C:C:C:1)NCCC1C2:C:C:C:C:C:2SC2:C:C:C:C:C:21,1
1609,C[C@]12C[C@H](O)[C@H]3[C@@H](CCC4=CC(=O)CC[C@@]43C)[C@@H]1CC[C@]2(O)C(=O)CS,1
1610,CC(C)(C)C(=O)SCC(=O)[C@@]1(O)CC[C@H]2[C@@H]3CCC4=CC(=O)CC[C@]4(C)[C@H]3[C@@H](O)C[C@@]21C,1
1611,CNCCOC(C1:C:C:C:C:C:1)C1:C:C:C:C:C:1C,1
1612,CCC1C(C)=NN=C(C2:C:C:C(OC):C(OC):C:2)C2:C:C(OC):C(OC):C:C:21,1
1613,CC1:C:C:C:C:C:1OCC(COC(O)C(Cl)(Cl)Cl)OC(O)C(Cl)(Cl)Cl,1
1614,CC1:C:C:C:C(N2CCN(CCC3:C:C(C):[NH]:N:3)CC2):C:1,1
1615,CCC1(O)CCN2CCC3:C:C:C(C):C:C:3C2C1,1
1616,CC1:C:C:C(S(=O)(=O)CCN2C(=O)CN=C(C3:C:C:C:C:C:3Cl)C3:C:C(Cl):C:C:C:32):C:C:1,1
1617,CCCCCC(=O)CC[C@]1(C)[C@@H]2CC3:C:C:C(O):C:C:3[C@@]1(C)CCN2C,1
1618,CC1(C)O[C@@H]2CO[C@@]3(COS(N)(=O)=O)OC(C)(C)O[C@H]3[C@@H]2O1,1
1619,CCCCNC1:C(C(=O)OCC):C(C):N:C2:C:1:C:N:N:2CC,1
1620,CC1(C)O[C@@H]2CC3C4C[C@H](F)C5=CC(=O)C=CC5(C)[C@@]4(Cl)[C@@H](Cl)CC3(C)[C@]2(C(=O)CF)O1,1
1621,COC1:C:C:C:C([C@@]2(O)CCCC[C@@H]2CN(C)C):C:1.[Cl-].[H+],1
1622,CC1OC2:C:C:C:C:C:2CC1N(C)C,1
1623,CCC(=O)N(C1:C:C:C:C:C:1F)C1(C2:C:C:C:C:C:2)CCN(CCN2:N:N:N(CC):C:2=O)CC1.[Cl-].[H+],1
1624,CC(CNC(=O)C1:C:C:C:C:C:1)C(=O)OCC(=O)[C@@]12OC(C)(C)O[C@@H]1C[C@H]1[C@@H]3CCC4=CC(=O)C=C[C@]4(C)[C@@]3(F)[C@@H](O)C[C@@]12C,1
1625,CC1(C)O[C@@H]2C[C@H]3[C@@H]4CCC5=CC(=O)C=C[C@]5(C)[C@@]4(F)[C@@H](O)C[C@]3(C)[C@]2(C(=O)COC(=O)C2:C:C3:C:C:C:C:C:3:O:2)O1,1
1626,OC(Br)(Br)CBr,1
1627,CCN(CC)C(=O)CNC(=O)C1:C:C(OC):C(OC):C(OC):C:1,1
1628,O=C1N(C(O)C(Cl)(Cl)Cl)CNC1(C1:C:C:C:C:C:1)C1:C:C:C:C:C:1,1
1629,O=P(O)(O)OCC(Cl)(Cl)Cl,1
1630,CC1(C)O[C@@H]2C[C@H]3C4C[C@H](F)C5=CC(=O)C=CC5(C)[C@@]4(Cl)[C@@H](Cl)CC3(C)[C@]2(C(=O)CCl)O1,1
1632,N/C(N=O)=C1\NNC2:C:C:C:C:C:2N(CC2:C:C:C:C:C:2)C1=O,1
1633,COC1:C:C(C(=O)N2CCCCCCC2):C:C(OC):C:1OC,1
1634,N[C@@H](CC1:C:[NH]:C2:C:C:C:C:C:1:2)C(=O)O,1
1635,C=CCONC1=NC2:C:C:C(Cl):C:C:2C(C2:C:C:C:C:C:2Cl)=NC1,1
1636,CCCCN1C(=O)C2C(=O)N(CCCCN3CCN(C4:C:C:C:C:C:4OC)CC3)C(=O)C(C1=O)C2(C)C,1
1637,CCOC(N)=O,1
1638,CC(C)[C@H](N)C(=O)OCCOCN1:C:N:C2:C(=O):N:C(N):[NH]:C:2:1,1
1639,CCCC(CCC)(CCC)C(N)=O,1
1640,CC(C)[C@H](N)C(=O)OCC(CO)OCN1:C:N:C2:C(=O):N:C(N):[NH]:C:2:1,1
1641,CCCC(CCC)C(=O)OCOC(=O)C(C)(C)C,1
1642,CC(=O)OCC1=CO[C@@H](OC(=O)CC(C)C)[C@H]2C1=C[C@H](OC(=O)CC(C)C)[C@]21CO1,1
1643,NC1:C2:C(:N:C3:C:C:C:C:C:1:3)CCCC2O,1
1644,COC1:C:C:C(C(CN(C)C)C2(O)CCCCC2):C:C:1,1
1645,C=CCN1CCCC1CNC(=O)C1:C:C(S(N)(=O)=O):C:C(OC):C:1OC,1
1646,C=CC(N)CCC(=O)O,1
1647,CCOC1:C:C:C:C:C:1OCC1CNCCO1,1
1649,CC1:C(C):C2:C(:C(C):C:1O)CC[C@@](C)(CCC[C@H](C)CCC[C@H](C)CCCC(C)C)O2,1
1650,FC(F)(F)C1:C:C:C:C(C2=CCN(CCC3:C:C:C4:C:C:C:C:C:4:C:3)CC2):C:1,1
1651,OCCCN1CCN(CCCC2C3:C:C:C:C:C:3SC3:C:C:C(Cl):C:C:32)CC1,1
1652,C=C1C[C@H](C)[C@H]2[C@H]3CC4:C:C:C(O):C:C:4[C@@]2(CCN3CC2CCC2)C1,1
1653,CC1:C:C:C:C(C):C:1NC1=NCCCS1,1
1654,CC(C)C(CCCCCC(=O)O)NCC1:C:C:C(F):C:C:1,1
1655,O=C1[C@H]2[C@H]3C=C[C@H]([C@@H]4C=C[C@@H]43)[C@H]2C(=O)N1CCCCN1CCN(C2:N:C:C:C:N:2)CC1,1
1656,CC1(C)CN(CCN2CCN(C3:C:C:C:C(Cl):C:3)C2=O)C1,1
1657,O=C1CC2:C:C(CCN3CCN(C4:N:S:C5:C:C:C:C:C:4:5)CC3):C(Cl):C:C:2N1,1
1658,CC1:N:N(C):C2:C:1C(C1:C:C:C:C:C:1F)=NCC(=O)N2C,1
1659,COC1:C:C:C:C:C:1N1CCN(CCC2:O:C(=O):[NH]:C:2C2:C:C:C(F):C:C:2)CC1,1
1660,CC(C1:N:O:C2:C:C:C(Cl):C:C:1:2)N1:C:C:N:C:1,1
1661,CN1CCN(C(=O)OC2C3:N:C:C:N:C:3C(=O)N2C2:C:C:C(Cl):C:N:2)CC1,1
1662,CN(C)CCOC1=CC2:C:C:C:C:C:2SC2:C:C:C(Cl):C:C:21,1
1663,CCN[C@H](CC1:C:C:C:C:C:1)[C@H]1CCCO1,1
1664,CC(=O)C1:C:C:C2:C(:C:1)N(CC(C)N(C)C)C1:C:C:C:C:C:1S2,1
1665,CN(C)CC1:N:N:C2:N:1C1:C:C:C(Cl):C:C:1C(C1:C:C:C:C:C:1)=NC2,1
1666,C=CCN1C(=O)C(CC(C)C)NC1=S,1
1667,C[C@@H]1C[C@H]2[C@H]3[C@H]([C@@H](O)C[C@]2(C)[C@@]1(O)C(=O)CO)[C@@]1(C)C=CC(=O)C=C1C[C@H]3Cl,1
1668,C=CCC(N)CC1:C:C:C:C:C:1,1
1669,CC(=O)[C@@]1(O)[C@H](O)C[C@H]2[C@@H]3CCC4=CC(=O)CC[C@]4(C)[C@H]3CC[C@@]21C,1
1670,CC(CN(C)C)CN1C2:C:C:C:C:C:2SC2:C:C:C:C:C:21,1
1671,CCOC(=O)C1:[NH]:C2:C:C(OC):C(OC):C:C:2:C:1CCN1CCN(C2:C:C:C:C:C:2)CC1,1
1672,CCC(=O)OC1(C2:C:C:C:C:C:2)CCN(C)CC1C,1
1673,CCCN(CCC)C(=O)CC1:C(C2:C:C:C(Cl):C:C:2):N:C2:C:C:C(Cl):C:N:1:2,1
1674,CCCC(=O)O[C@]1(C(=O)COC(C)=O)CC[C@H]2[C@@H]3C[C@H](C)C4=CC(=O)CC[C@]4(C)[C@H]3[C@@H](O)C[C@@]21C,1
1675,CNCCCC1(C)C(=O)N(C2:C:C:C:C:C:2)C2:C:C:C:C:C:21,1
1676,CCN1:C:C(C(=O)O):C(=O):C2:C:C:C(CC3:C:C:C:C:C:3):N:C:2:1,1
1677,CC1:C:C(N(C)C):C:C:C:1C[C@H](C)N.O=C(O)[C@H](O)[C@@H](O)C(=O)O,1
1678,CCC1(C2:C:C:C(N):C:C:2)CCC(=O)NC1=O,1
1679,CN(C)CC(CN1C2:C:C:C:C:C:2SC2:C:C:C:C:C:21)N(C)C,1
1680,CN(C)C(=O)C1(C2:C:C:C(Cl):C:C:2)CCN(CCCC(=O)C2:C:C:C(F):C:C:2)CC1,1
1681,ClC1:C:C:C2:C(:C:1)C(N1CCNCC1)=NC1:C:C:C:C:C:1O2,1
1682,COC1:C:C:C:C:C:1N1CCN(CCCC(O)C2:C:C:C(F):C:C:2)CC1,1
1683,CN1CCN2C3:C:C:C:C:C:3CN3:C:C:C:C:3C2C1.O=C(O)/C=C\C(=O)O,1
1684,CCOC(=O)N1CCC(=O)N(C2:C:C:C:C:C:2)C2:C:C(Cl):C:C:C:21,1
1685,CN(C(=O)C(C1:C:C:C:C:C:1)C1:C:C:C:C:C:1)[C@H](CN1CC[C@H](O)C1)C1:C:C:C:C:C:1,1
1686,CC1:C(C):C2:C:C:C(OCC3:N:N:C(C(C)C):S:3):C:C:2:O:C:1=O,1
1688,N#CC1:C:C(C2:C:C:C:C:C:2):N:N:C:1NCCN1CCOCC1,1
1689,CCC(=O)OCC(=O)[C@@]1(OC(=O)CC)[C@@H](C)C[C@H]2[C@@H]3CCC4=CC(=O)C=C[C@]4(C)[C@@]3(Cl)[C@@H](O)C[C@@]21C,1
1690,O=C(C1:C:C2:C:C:C:C:C:2:O:1)N1CCN(CC2:C:C:C:C:C:2)CC1,1
1691,CC1:C:C:C:C2:C:1OC1:C:C:C:C:C:1[C@@]1(O)CCN(C)C[C@@H]21,1
1692,CC(NNC(=O)C1:C:C:C:C:C:1)C1:C:C:C:C:C:1,1
1693,CCC1(C2:C:C:C:C:C:2)C(=O)NC(=O)N(C(=O)C2:C:C:C:C:C:2)C1=O,1
1694,O=C(OC1CN2CCC1CC2)C1:C:C:C:C:C:1,1
1695,CNCC12CCC(C3:C:C:C:C:C:31)C1:C:C:C:C:C:12,1
1696,CC(CC1:C:C:C:C:C:1)N(C)CC1:C:C:C:C:C:1,1
1697,CCCN(C1:C:C:N:C:C:1)N1:C:C:C2:C:C:C:C:C:2:1.[Cl-].[H+],1
1698,CCC(O)C(CC(C)N(C)C)(C1:C:C:C:C:C:1)C1:C:C:C:C:C:1,1
1699,CC(=O)OCC(=O)[C@@]1(OC(=O)C(C)C)[C@@H](C)C[C@H]2[C@@H]3CCC4=CC(=O)C=C[C@]4(C)[C@@]3(F)[C@@H](O)C[C@@]21C,1
1700,CC(=O)OCC(=O)[C@@]1(O)[C@@H](C)C[C@H]2[C@@H]3CCC4=CC(=O)C=C[C@]4(C)[C@@]3(F)[C@@H](O)C[C@@]21C,1
1701,CCC(=O)OCC(=O)[C@@]1(OC(=O)CC)[C@@H](C)C[C@H]2[C@@H]3CCC4=CC(=O)C=C[C@]4(C)[C@@]3(F)[C@@H](O)C[C@@]21C,1
1702,CNCCCCOC1:C:C:C:C:C:1CC1:C:C:C:C:C:1.[Cl-].[H+],1
1703,CN(C)CCN(C)N1:C:C(C2:C:C:C:C:C:2):C2:C:C:C:C:C:2:1,1
1704,C=CCC1(CC(=C)Br)C(=O)NC(=O)NC1=O,1
1705,CCN1:N:N:N(CCN2CC[C@H](N(C(=O)COC)C3:C:C:C:C:C:3F)[C@H](C)C2):C:1=O,1
1706,COC1:C:C(Br):C2:O:C(C3CCNCC3):C:C:2:C:1,1
1707,CN(C)C(=O)CCNC1:C:C:C(Br):C:C:1,1
1708,CN(C)CCOC(C1:C:C:C:C:C:1)C1:C:C:C(Br):C:C:1,1
1709,CCN(CC)CCNC(=O)C1:C:C(Br):C(N):C:C:1OC,1
1710,CCCCCCCCCC(=O)OC1(C2:C:C:C(Br):C:C:2)CCN(CCCC(=O)C2:C:C:C(F):C:C:2)CC1,1
1711,CCCC1O[C@@H]2C[C@H]3[C@@H]4CCC5=CC(=O)C=C[C@]5(C)[C@H]4[C@@H](O)C[C@]3(C)[C@]2(C(=O)CO)O1,1
1712,CC(C)(C)N1CCC(C2:C:C:C:C:C:2)(C2:C:C:C:C:C:2)CC1,1
1713,CN(C)CCOC(C1:C:C:C:C:C:1)C1:C:C:C:C:C:1C(C)(C)C,1
1714,O=C1CC2(CCCC2)CC(=O)N1CCCCN1CCN(C2:N:C:C:C:N:2)CC1,1
1715,C=CCC1(CC(C)C)C(=O)NC(=O)NC1=O,1
1716,CCCCNCC1COC2:C:C:C:C:C:2O1,1
1717,CC(CC1C2:C:C:C:C:C:2CCC2:C:C:C:C:C:21)CN(C)C,1
1718,CCOC(=O)NNC(C)C1:C:C:C:C:C:1,1
1719,CCOC(=O)NC(O)C(Cl)(Cl)Cl,1
1720,CCC(Br)(CC)C(=O)NC(N)=O,1
1721,CCC(=O)N(C1:C:C:C:C:C:1)C1(C(=O)OC)CCN(CCC2:C:C:C:C:C:2)CC1,1
1722,NC(=O)C1(N2CCCCC2)CCN(CCCN2C3:C:C:C:C:C:3CCC3:C:C:C:C:C:32)CC1,1
1723,FC1:C:C:C2:[NH]:C3:C(:C:2:C:1)CN(CCC1:C:C:N:C:C:1)CC3,1
1724,CN(C)C(C)(CO)CC1:C:C:C(Cl):C(Cl):C:1.[Cl-].[H+],1
1725,CN1CCN(C(C2:C:C:C:C:C:2)C2:C:C:C(Cl):C:C:2)CC1,1
1726,CCCC(O)Cl,1
1727,CC(=O)OCC(=O)[C@@]1(O)CC[C@H]2[C@@H]3C[C@H](Cl)C4=CC(=O)C=C[C@]4(C)[C@H]3C(=O)C[C@@]21C,1
1728,COC(=O)[C@H]1[C@H]2C[C@@H]3C4:[NH]:C5:C:C:C(Cl):C:C:5:C:4CCN3C[C@H]2C[C@@H](OC(=O)C2:C:C(OC):C(OC):C(OC):C:2)[C@@H]1OC,1
1729,NC(=O)OCC(O)COC1:C:C:C(Cl):C:C:1,1
1730,CN(C)CCOC(C)(C1:C:C:C:C:C:1)C1:C:C:C(Cl):C:C:1,1
1731,O=C1NC(CCCl)OC2:C:C:C:C:C:21,1
1732,CN(C)CCCN1C2:C:C:C:C:C:2CCC2:C:C:C(C#N):C:C:21,1
1733,OC1(C2:C:C:C:C(Cl):C:2)C2=NCCCN2C2:C:C:C:C:C:21,1
1734,CNC1CCN2C3:C:C:C:C:C:3CCC3:C:C:C:C1:C:32,1
1735,CN(C)CCC=C1C2:C:C:C:C:C:2COC2:C:C:C:C:C:21,1
1736,COC1:C:C:C([C@H](O)CN2CCN(C3:C:C:C:C:C:C:3=O)CC2):C:C:1OC,1
1737,CN(C/C=C/C1:C:C:C:C:C:1)CCOC(C1:C:C:C:C:C:1)C1:C:C:C:C:C:1,1
1738,CCOC1:C:C(N):C([N+](=O)[O-]):C:C:1C(=O)NC1CCN(CC2CC=CCC2)CC1,1
1739,O=C1CCC(C2:C:C:C:C:C:2)(C2CCN(C/C=C/C3:C:C:C:C:C:3)CC2)C(=O)N1,1
1740,CCNC(=O)/C=C/C1:C:C:C:C(Br):C:1,1
1741,COC1:C:C(/C=C/C(N)=O):C:C(OC):C:1OC,1
1742,O=C(CCCN1CCN(C2:C:C3:C:C:C:C:C:3:C:N:2)CC1)C1:C:C:C(F):C:C:1,1
1743,CN(C)CCCC1(C2:C:C:C(F):C:C:2)OCC2:C:C(C#N):C:C:C:21,1
1744,NC(=O)C1C2:C:C:C:C:C:2C=CC2:C:C:C:C:C:21,1
1745,CN1C(=O)CN2CCC3:C:C:C:C:C:3C2C2:C:C(Cl):C:C:C:21,1
1746,CN(C)CC(O)C(C1:C:C:C:C:C:1)C1:C:C:C(Cl):C:C:1,1
1747,CC1:N:C:C2:N:1C1:C:C:C(Cl):C:C:1C(C1:C:C:C:C:C:1Cl)=NC2,1
1748,CC1CC2C3CCC4=CC(=O)C=CC4(C)[C@@]3(F)C(O)CC2(C)[C@@]1(O)C(=O)CCl,1
1749,CCC(=O)O[C@]1(C(=O)CCl)[C@@H](C)C[C@H]2[C@@H]3CCC4=CC(=O)C=C[C@]4(C)[C@@]3(F)[C@@H](O)C[C@@]21C,1
1750,CCN(CC)CCNC(=O)COC1:C:C:C(Cl):C:C:1,1
1751,CN(C)CCCC1C2:C:C:C:C:C:2NC2:C:C:C(Cl):C:C:21,1
1752,CN1CCC(=C2C3:C:C:C:C:C:3OC3:C:C:C(Cl):C:C:32)CC1,1
1753,CN1CCN(C2=NC3:C:C:C:C:C:3SC3:C:C:C(Cl):C:C:32)CC1,1
1754,COCCCC/C(=N\OCCN)C1:C:C:C(Cl):C:C:1,1
1755,O=C1CN2CCOC2(C2:C:C:C:C:C:2Cl)C2:C:C(Cl):C:C:C:2N1,1
1756,OCCN1CCN(CCCN2C3:C:C:C:C:C:3SC3:C:C(Cl):C:N:C:32)CC1,1
1757,CC(=O)OCC(=O)C1(O)C(C)CC2C3CC(F)(F)C4=CC(=O)C=CC4(C)C3(F)C(O)CC21C,1
1758,C/C=C/C(=O)N(CCC)C(CC)C(=O)N(C)C,1
1759,CC(CN(C)C)CN1C2:C:C:C:C:C:2SC2:C:C:C(C#N):C:C:21,1
1760,O=C1N=C(NC2CC2)OC1C1:C:C:C:C:C:1,1
1761,NC1CCCC1C1:C:C:C:C:C:1,1
1762,ON1CC(=NCC2CC2)N=C2:C:C:C(Cl):C:C:2=C1C1:C:C:C:C:C:1,1
1763,CN1CCCC2:C:C:C:C(OCC3CNCCO3):C:21,1
1764,CNCCCC1(C)CN(C2:C:C:C:C:C:2)C2:C:C:C:C:C:21,1
1765,CN(C)CC1=CC2:C:C:C:C:C:2SC2:C:C:C:C:C:21,1
1766,CN1CCC(=C2C3:C:C:C:C:C:3C(O)C3:C:C:C:C:C:32)CC1,1
1767,CN(C)[C@@H](CCOC1:C:C:C:C2:C:C:C:C:C:1:2)C1:C:C:C:C:C:1,1
1768,CCC(=O)O[C@](CC1:C:C:C:C:C:1)(C1:C:C:C:C:C:1)[C@H](C)CN(C)C.[Cl-].[H+],1
1769,CC1=NC2:C:C:C:C:C:2CC(C2:C:C:C:C:C:2)N1C,1
1770,O=C(C1:C:C:C(F):C:C:1)C1CCN(CCCN2:C(=O):[NH]:C3:C:C:C:C:C:3:2)CC1,1
1771,CC(=O)OCC(=O)[C@@]12N=C(C)O[C@@H]1C[C@H]1[C@@H]3CCC4=CC(=O)C=C[C@]4(C)[C@H]3[C@@H](O)C[C@@]12C,1
1772,CN1C[C@@H](CC#N)CC2C3:C:C:C:C4:[NH]:C:C(:C:3:4)C[C@H]21,1
1773,O=C1CN=C(C2:C:C:C:C:C:2Cl)C2:C:C(Cl):C:C:C:2N1,1
1774,CNCCON=C1:C2:C:C:C:C:C:2:C:C:C2:C:C:C:C:C:1:2,1
1775,OC(CN1:C:C:N:C:1)C1:C:C:C(CCC2:C:C:C:C:C:2):C:C:1,1
1776,CN(C)CCCN1C2:C:C:C:C:C:2C=CC2:C:C:C:C:C:21,1
1777,FC(F)OC(F)C(F)(F)F,1
1778,CN1CCC23C4:C5:C:C:C(O):C:4OC2CCCC3C1C5,1
1779,CC(C)[C@@]1(O)CCN2C[C@@H]3C4:C:C:C:C:C:4CCC4:C:C:C:C(:C:43)[C@H]2C1,1
1780,CC(CN1CCOCC1)C(C(=O)N1CCCC1)(C1:C:C:C:C:C:1)C1:C:C:C:C:C:1,1
1781,CN1CC[C@@]23CCCC[C@@H]2[C@@H]1CC1:C:C:C(O):C:C:13,1
1782,NC(=O)N1CC(OC2:C:C:C:C(C(F)(F)F):C:2)C1,1
1783,CC12CCCCCC(CC3:C:C:C(O):C:C:31)C2N,1
1784,C=CCN1CCC23C4:C5:C:C:C(OC(C)=O):C:4OC2C(OC(C)=O)C=CC3C1C5,1
1785,CN(C)CCN1C(=O)C2:C:C:C:C:C:2N(C)C2:C:C:C:C:C:21,1
1786,CC1:C:C:C2:C(:C:1)C1CN(C)CCC1N2,1
1787,CN1C(=O)CCS(=O)(=O)C1C1:C:C:C(Cl):C(Cl):C:1,1
1788,COC1:C:C:C2:C(:C:1)CN(C)CC2C1:C:C:C(Cl):C(Cl):C:1,1
1789,CCN(CC)CCN1C2:C:C:C:C:C:2SC2:C:C:C:C:C:21,1
1790,ClC1:C:C:C(C(OCCN2CCOCC2)C2:C:C:C:C:C:2):C:C:1,1
1791,CC(=O)OCC(=O)[C@@]1(OC(C)=O)[C@@H](C)C[C@H]2[C@@H]3C[C@H](F)C4=CC(=O)C=C[C@]4(C)[C@@]3(F)[C@@H](O)C[C@@]21C,1
1792,CCCC(=O)O[C@]1(C(=O)COC(C)=O)CC[C@H]2[C@@H]3C[C@H](F)C4=CC(=O)C=C[C@]4(C)[C@@]3(F)[C@@H](O)C[C@@]21C,1
1793,CC1:C:C:C2:C(:C:1)[C@]13CCCC[C@@H]1[C@H](C2)N(C)CC3,1
1794,COC1:C:C:C2:C(:C:1)/C(=C/CCN(C)C)C1:C:C:C:C:C:1O2,1
1795,C[C@@H]1C[C@H]2[C@@H]3CCC4=CC(=O)C=C[C@]4(C)[C@@]3(F)[C@@H](O)C[C@]2(C)[C@@]1(C)C(=O)CO,1
1796,CN(C)CCCN1C2:C:C:C:C:C:2C(C)(C)C2:C:C:C:C:C:21,1
1797,C=C(C)CNCC(=O)N(C)C1:C:C:C(Cl):C:C:1C(=O)C1:C:C:C:C:C:1,1
1798,NC(=O)CN1C(=O)C(C2:C:C:C:C:C:2)C2:C:C:C:C:C:21,1
1799,CN(C)CC/C=C1/C2:C:C:C:C:C:2CSC2:C:C:C:C:C:21.[Cl-].[H+],1
1800,O=C1C(O)N=C(C2:C:C:C:C:C:2F)C2:C:C(Cl):C:C:C:2N1CCO,1
1801,O=C1NCNC1(C1:C:C:C:C:C:1)C1:C:C:C:C:C:1,1
1802,CC(=O)[C@@]1(O)[C@@H](C)C[C@H]2[C@@H]3CCC4=CC(=O)C=C[C@]4(C)[C@@]3(F)[C@@H](O)C[C@@]21C,1
1803,CC1(C)O[C@@H]2C[C@H]3C4CCC5CC(=O)CCC5(C)[C@@]4(F)[C@@H](O)CC3(C)[C@]2(C(=O)CO)O1,1
1804,CN(C(=O)CN(CCO)CCO)C1:C:C:C(Cl):C:C:1C(=O)C1:C:C:C:C:C:1Cl,1
1805,CN1:C:C(CCN2CCN(C3:C:C:C:C:C:3Cl)CC2):C:N:1,1
1806,C=C1C2:C:C:C:C:C:2CN(CCCN(C)C)C2:C:C:C:C:C:21,1
1807,O=C(NCCCN1CCOCC1)C1:C:C:C(Cl):C:C:1,1
1808,CN1CCC2(C)CC(CC3:C:C:C(O):C:C:32)C1,1
1809,CCC1(C2:C:C:C:C:C:2)C(=O)N(COC)C(=O)N(COC)C1=O,1
1810,CCN1C(=O)NC(C2:C:C:C:C:C:2)C1=O,1
1811,CCOC(=O)C1N=C(C2:C:C:C:C:C:2F)C2:C:C(Cl):C:C:C:2NC1=O,1
1812,CCC1:C:C2:C(:S:1)N1:C(C):N:N:C:1CN=C2C1:C:C:C:C:C:1Cl,1
1813,CNC1CCC2:N:C:S:C:2C1,1
1814,CCC(N)CC1:C:[NH]:C2:C:C:C:C:C:1:2,1
1815,O=C(CCCl)NCCC1:C:C:C:C:C:1,1
1816,O=C1C=CC=C/C1=C1/NN=CO1,1
1817,CN(C)CCCN1:C:C(C2:C:C:C:C:C:2):C(C2:C:C:C:C:C:2):N:1,1
1818,FC1:C:C:C:C:C:1C1=NCCN(CC(F)(F)F)C2:C:C:C(Cl):C:C:21,1
1819,COC1:C:C:C:C:C:1N1CCN(CCCC(=O)C2:C:C:C(F):C:C:2)CC1,1
1820,CN(C)C1CCC2:[NH]:C3:C(F):C:C(F):C:C:3:C:2C1,1
1821,C#CC1(OCC(O)CN2CCN(C3:C:C:C(F):C:C:3)CC2)CCCCC1,1
1822,CN1C(=O)CN=C(C2:C:C:C:C:C:2F)C2:C:C(Cl):C:C:C:21,1
1823,C[C@@H]1C[C@H]2[C@@H]3C[C@H](F)C4=CC(=O)C=C[C@]4(C)[C@@]3(F)[C@@H](O)C[C@]2(C)[C@@]1(O)C(=O)CO,1
1824,C[C@@H]1C[C@H]2C3C[C@H](F)C4=CC(=O)C=CC4(C)[C@@]3(F)[C@@H](O)CC2(C)[C@@]1(O)C(=O)COC(=O)C(C)(C)C,1
1825,CC1(C)O[C@@H]2CC3[C@@H]4C[C@H](F)C5=CC(=O)C=CC5(C)[C@H]4[C@@H](O)C[C@]3(C)[C@]2(C(=O)CO)O1.CC1(C)O[C@@H]2CC3[C@@H]4C[C@H](F)C5=CC(=O)C=CC5(C)[C@H]4[C@@H](O)C[C@]3(C)[C@]2(C(=O)CO)O1.O,1
1826,CC(=O)OCC(=O)[C@@]12OC(C)(C)O[C@@H]1CC1C3C[C@H](F)C4=CC(=O)C=CC4(C)[C@H]3C(O)CC12C,1
1827,C[C@]12C[C@H](O)[C@@]3(F)[C@@H](C[C@H](F)C4=CC(=O)C=C[C@@]43C)[C@@H]1C[C@@H](O)[C@]2(O)C(=O)CO,1
1828,CC1(C)O[C@@H]2C[C@H]3[C@@H]4C[C@H](F)C5=CC(=O)C=C[C@]5(C)[C@@]4(F)[C@@H](O)C[C@]3(C)[C@]2(C(=O)CO)O1,1
1829,CCCCOC(=O)C(=O)[C@H]1[C@H](C)C[C@H]2[C@@H]3C[C@H](F)C4=CC(=O)C=C[C@]4(C)[C@H]3[C@@H](O)C[C@@]21C,1
1830,C[C@@H]1C[C@H]2[C@@H]3C[C@H](F)C4=CC(=O)C=C[C@]4(C)[C@H]3[C@@H](O)C[C@]2(C)[C@H]1C(=O)CO,1
1831,CC(=O)[C@@]1(O)CC[C@H]2[C@@H]3C[C@H](C)C4=CC(=O)C=C[C@]4(C)[C@@]3(F)[C@@H](O)C[C@@]21C,1
1832,CN1CCN(C2=NC3:C:C(F):C:C:C:3CC3:C:C:C:C:C:32)CC1,1
1833,CC(=O)O[C@@H](C)C(=O)[C@@]1(O)CC[C@H]2[C@@H]3CCC4=CC(=O)C=C[C@]4(C)[C@@]3(F)[C@@H](O)C[C@@]21C,1
1834,C=C1C[C@H]2[C@@H]3CCC4=CC(=O)C=C[C@]4(C)[C@@]3(F)C(O)C[C@]2(C)[C@@]1(O)C(=O)CO,1
1835,C[C@]12C[C@H](O)[C@H]3[C@@H](C[C@H](F)C4=CC(=O)C=C[C@@]43C)[C@@H]1CC[C@]2(O)C(=O)CO,1
1836,CCCCC(=O)O[C@]1(C(=O)CO)CCC2C3CC(F)C4=CC(=O)C=CC4(C)C3C(O)CC21C,1
1837,CNCCSC1=CC2:C:C(F):C:C:C:2OC2:C:C:C:C:C:21,1
1838,CC1(C)O[C@@H]2C[C@H]3[C@@H]4C[C@H](F)C5=CC(=O)CC[C@]5(C)[C@H]4[C@@H](O)C[C@]3(C)[C@]2(C(=O)CO)O1,1
1839,O=C(CCCN1CCC2(CC1)C(=O)NCN2C1:C:C:C(F):C:C:1)C1:C:C:C(F):C:C:1,1
1840,O=C1CN=C(C2:C:C:C:C:C:2F)C2:C:C(Cl):C:C:C:2N1CC1CC1,1
1841,CC(CC1:C:C:C:C:C:1)N(C)CC1:C:C:C:O:1,1
1842,COC1:C:C:C2:C3:C:1O[C@H]1C[C@@H](O)C=C[C@@]31CCN(C)C2,1
1843,CN(C)CCC(C1:C:C:C:C:C:1)C1CCCCC1,1
1844,N=C(N)NCCCOC1:C:C:C:C:C:1,1
1845,O=C1CN=C(C2:C:C:C:C:C:2)C2:C:C(Cl):C:C:C:2N1CC(F)(F)F,1
1846,C[C@@H]1CC2[C@@H]3C[C@H](F)C4=CC(=O)C(Cl)=C[C@]4(C)[C@@]3(F)[C@@H](O)C[C@]2(C)[C@@]1(O)C(=O)CO,1
1847,CCC1(C2=CCCCCC2)C(=O)NC(=O)NC1=O,1
1848,CN1CCC(OC2C3:C:C:C:C:C:3CCC3:C:C:C:C:C:32)CC1,1
1849,CN1CCCN(C(C2:C:C:C:C:C:2)C2:C:C:C(Cl):C:C:2)CC1,1
1850,OCCN1CCCN(CCCN2C3:C:C:C:C:C:3SC3:C:C:C(C(F)(F)F):C:C:32)CC1,1
1851,CC(=O)OCC(=O)[C@@]1(O)CC[C@H]2[C@@H]3CCC4=CC(=O)CC[C@]4(C)[C@H]3[C@@H](O)C[C@@]21C,1
1852,CCCC(=O)O[C@]1(C(=O)COC(=O)CC)CC[C@H]2[C@@H]3CCC4=CC(=O)CC[C@]4(C)[C@H]3[C@@H](O)C[C@@]21C,1
1853,CCCC(=O)O[C@]1(C(=O)CO)CC[C@H]2[C@@H]3CCC4=CC(=O)CC[C@]4(C)[C@H]3[C@@H](O)C[C@@]21C,1
1854,CN1CC[C@]23C4:C5:C:C:C(O):C:4O[C@H]2C(=O)CC[C@H]3[C@H]1C5,1
1855,CCOC(=O)C1(C2:C:C:C:C(O):C:2)CCN(C)CC1,1
1856,CCCC(=O)O[C@]1(C(=O)COC(C)=O)[C@H](C)C[C@H]2[C@@H]3CCC4=CC(=O)C=C[C@]4(C)[C@@]3(Cl)[C@@H](O)C[C@@]21C,1
1857,CCC1(C2:C:C:C:C:C:2)NCC(=O)NC1=O,1
1858,C1:C:C:C2:C(CCC3CCNCC3):C:[NH]:C:2:C:1,1
1859,CN(C)CC#CC=C1C2:C:C:C:C:C:2C=CC2:C:C:C:C:C:21,1
1860,CN(C)CCCN1:C2:C(:C3:C:C:C:C:C:3:1)CCCCCC2,1
1861,CC(C)NNC(=O)C1:C:C:N:C:C:1,1
1862,CCC(=O)C(C1:C:C:C:C:C:1)(C1:C:C:C:C:C:1)C(C)CN(C)C,1
1863,C=C1CC2C3C=CC4=CC(=O)CCC4(C)C3C(O)CC2(C)[C@@]1(O)C(=O)CO,1
1864,CCN(CC)C(C)CN1C2:C:C:C:C:C:2SC2:C:C:C:C:C:21,1
1865,CN(C)CCCN1C2:C:C:C:C:C:2CC(=O)C2:C:C:C:C:C:21,1
1866,O=C1CC[C@H]2[C@H]3CC4:C:C:C:C(O):C:4[C@@]2(CCN3CC2CC2)C1,1
1869,CNC[C@H](O)CC12CCC(C3:C:C:C:C:C:31)C1:C:C:C:C:C:12,1
1870,CCO[C@H]1CCN(C(=O)C2:C:C(C3:C:C:C:C:C:3):C(=O):N3:C:2C2:C:C(Cl):C:C:C:2CC3)C1,1
1871,C1:C:C:C2:C:C(COC3CCNCC3):C:C:C:2:C:1,1
1872,CN1C(CC(=O)C2:C:C:C:C:C:2)CCCC1CC(O)C1:C:C:C:C:C:1,1
1873,OC1CCN(C2:C:C:C(C3:C:C:C:C:C:3Cl):N:N:2)CC1,1
1874,ClC1:C:C:C(N2CCN(C/C=C/C3:C:C:C:C:C:3)CC2):N:N:1,1
1875,Cl/C(=C\N1:C:N:C:N:1)C1:C:C:C(Cl):C:C:1Cl,1
1876,CN1C[C@@H]2[C@@H](CC3:C:C:C(Cl):C:C:3[C@H]2C2:C:C:C:C:C:2)C1,1
1877,CN1CCC2=C(CC1)C1:C:C:C:C:C:1OC1:C:C:C:C:C:12,1
1878,CC(C)OC1:C:C:C:C:C:1N1CCN(CC2:C:C:C:C(C(=O)N3CCCCC3):C:2)CC1.O=C(O)CCC(=O)O,1
1879,CN(C)CC(OC1:C:C:C:C:C:1)OC1:C:C:C:C:C:1,1
1880,COC1:C:C:C(CCN2CCN(C3:C:C:C:C(Cl):C:3)CC2):C:C:1OC,1
1881,CN1C(=O)CN=C(C2=CCCCC2)C2:C:C([N+](=O)[O-]):C:C:C:21,1
1882,CCC1(C2:C:C:C:C:C:2)NC(=O)N(C)C1=O,1
1883,CCC1(C2:C:C:C:C:C:2)C(=O)NC(=O)N(C)C1=O,1
1884,CC1:C:C(CCN2CCN(C3:C:C:C:C(Cl):C:3)CC2):N:[NH]:1,1
1885,C[C@H]1C[C@H]2[C@@H]3CCC4=CC(=O)C=C[C@]4(C)[C@H]3C(=O)C[C@]2(C)[C@@]1(O)C(=O)CO,1
1886,COCC1CN=C(C2:C:C:C:C:C:2Cl)C2:C:C(Br):C:C:C:2N1C,1
1887,CC(C(=O)C1:C:C:C:C:C:1)N(C)C,1
1888,CNC1CC2:C:C:C:C:C:2N(C)C2:C:C:C:C:C:21,1
1889,CC1:C:C(C):C:C(OCC2CNC(=O)O2):C:1,1
1890,CC1C2CC3:C:C:C(O):C:C:3C1(C)CCN2C,1
1891,CCC1(C2:C:C:C:C:C:2)C(=O)NC(=O)N1C,1
1893,CC1(C)NC(=O)C(/C=C/C2:C:C:C:C:C:2)O1,1
1894,CSC1:C:C:C2:C(:C:1)N(CC(C)CN(C)C)C1:C:C:C:C:C:1S2,1
1895,CN1C(=O)CC(C)(C2:C:C:C:C:C:2)C1=O,1
1897,CC(=O)OCC(=O)[C@@]1(O)CC[C@H]2[C@@H]3C[C@H](C)C4=CC(=O)C=C[C@]4(C)[C@H]3[C@@H](O)C[C@@]21C,1
1898,C[C@H]1C[C@H]2[C@@H]3CC[C@](O)(C(=O)COC(=O)CCC(=O)O)[C@@]3(C)C[C@H](O)[C@@H]2[C@@]2(C)C=CC(=O)C=C12,1
1899,CSC1:C:C:C2:C(:C:1)C(N1CCN(C)CC1)CC1:C:C:C:C:C:1S2,1
1900,COC(=O)C1:C:N:C:N:1C(C)C1:C:C:C:C:C:1,1
1901,CNCCCN1CC2:C:C:C:C:C:2CC2:C:C:C:C:C:21,1
1903,O=C(C1:C:C:C(F):C:C:1)C1CCN(CCCN2:C(=O):[NH]:C3:C:C(Cl):C:C:C:3:2)CC1,1
1904,COC1:C:C2:[NH]:C(C):C(CCN3CCN(C4:C:C:C:C:C:4OC)CC3):C:2:C:C:1OC,1
1905,CCN(CC)C(=O)[C@]1(C2:C:C:C:C:C:2)C[C@@H]1CN.[Cl-].[H+],1
1906,COC1:C:C:C2:C(C3CCN(CCCC(=O)C4:C:C:C(F):C:C:4)CC3):C(C):[NH]:C:2:C:1,1
1907,O=C(C1:C:C:C:O:1)N(C1:C:N:C:C:N:1)C1CCN(CCC2:C:C:C:C:C:2)CC1,1
1908,CC1:N:C:C:N:C:1N1CCCCC1,1
1909,NC/C(=C/F)CCC1:C:C:C(F):C:C:1,1
1910,CCC1:C(C):[NH]:C2:C:1C(=O)C(CN1CCOCC1)CC2,1
1911,CN(C)CC[C@]1(C2:C:C:C:C:C:2)CCC2:C:C:C:C:C:2C1=O,1
1912,C1:C:C:C(C2CCN(CC3CCCC4:C3:C:C:C3:C:4OCO3)C2):C:C:1,1
1913,CC1CN(C)CC2CC3:C(:C:C:C4:C:C:C:C:C:3:4)OC12O,1
1914,C=CCC1(CC(C)(C)C)C(=O)NC(=O)NC1=O,1
1915,NCC1CC(=O)N(CC2:C:C:C:C:C:2)C1,1
1916,CN1CCOC(C2:C:C:C:C:C:2)C2:C:C:C:C:C:2C1,1
1917,CNC1:C:C(OC):C(C(=O)N[C@@H]2CCN(CC3:C:C:C:C:C:3)[C@@H]2C):C:C:1Cl,1
1918,COC1:C:C2:C(:C:C:1OC)C(C1:C:C:C(N):C:C:1)=NN=C(C)C2,1
1919,COC1:C:C:C2:C3:C:1OC1C(OC(=O)C4:C:C:C:N:C:4)CCC4C(C2)N(C)CCC341,1
1920,O=C(CCCN1CC2CCC(CC2)C1)C1:C:C:C(F):C:C:1,1
1921,COC1:C:C:C2:C3:C:1OC1C(O)C=CC4C(C2)NCCC341,1
1922,CCC(=O)C(CCN(C)C)(C1:C:C:C:C:C:1)C1:C:C:C:C:C:1,1
1923,COCC(=O)N(C1:C:C:C:C:C:1F)C1CCN(CCC2:C:C:C:C:C:2)CC1,1
1924,CC(=O)O.CN1CCC2:C:C(Cl):C(O):C:C:2[C@@H](C2:C:C:C:C3:C:2OCC3)C1,1
1925,CC1:C:C2:C(:S:1)=NC1:C:C:C:C:C:1NC=2N1CCN(C)CC1,1
1926,OCCN1CCN(CCCN2C3:C:C:C:C:C:3C=CC3:C:C:C:C:C:32)CC1,1
1927,NC(=O)C1CCCCO1,1
1928,C[C@@H]1CN2CC(=O)NC3:C:C:C(Cl):C:C:3[C@]2(C2:C:C:C:C:C:2)O1,1
1929,OC1:C:C:C2:C(:C:1)[C@@]13CCCC[C@@]1(O)[C@@H](C2)N(CC1CC1)CC3,1
1930,CC(CN(C)C)CN1C2:C:C:C:C:C:2S(=O)(=O)C2:C:C:C:C:C:21,1
1931,COC1:C:C2:[NH]:C(C):C(CCN3CCN(C4:C:C:C:C:C:4)CC3):C:2:C:C:1OC,1
1932,COC1:C:C:C2:C(:C:1)N(CCC1CCCCN1C)C1:C:C:C:C:C:1S2,1
1934,CCC1(C)OC(=O)N(C)C1=O,1
1935,C[C@@H]1C[C@H]2[C@@H]3C[C@H](F)C4=CC(=O)C=C[C@]4(C)[C@H]3[C@@H](O)C[C@]2(C)[C@@]1(O)C(=O)CO,1
1936,CCC(=O)NC1:C:C:C(O):C:C:1,1
1937,NC(=O)CN1C(=O)COC2:C:C:C:C:C:21,1
1938,NC1:N:C(=O):C2:N:C:N(CCC(CO)CO):C:2:[NH]:1,1
1939,CC(C)CCNCC1COC2:C:C:C:C:C:2O1,1
1940,C1CCC2:N:N:N:N:2CC1,1
1941,N#CC1:C:C:C2:C(:C:1)N(CCCN1CCC(O)CC1)C1:C:C:C:C:C:1S2,1
1942,COC1:C:C:C2:C(:C:1)N(CC(C)CN1CCC(O)CC1)C1:C:C:C:C:C:1S2,1
1943,OC(CN1CCCCC1)C1:C:C(C2:C:C:C:C:C:2):O:N:1,1
1944,CC(=O)OC(C1:C:C:C:C:C:1)C1CCCCN1,1
1945,CC(C)(O)C(C)(O)C1:C:C:C(Cl):C:C:1,1
1946,C[C@H]1[C@H](C2:C:C:C:C:C:2)OCCN1C,1
1947,NNCCC1:C:C:C:C:C:1.[Cl],1
1948,CC(CC1:C:C:C:C:C:1)NN,1
1949,OC1:C:C:C2:C(:C:1)C13CCCCC1C(C2)N(CCC1:C:C:C:C:C:1)CC3,1
1950,CN1CCC(=C2C3:C:C:C:C:C:3SC3:C:C:C:C:C:32)CC1,1
1951,CCOC(=O)C1(C2:C:C:C:C:C:2)CCN(CCCNC2:C:C:C:C:C:2)CC1,1
1952,C#CCN1C(=O)CN=C(C2:C:C:C:C:C:2)C2:C:C(Cl):C:C:C:21,1
1953,CN(C)S(=O)(=O)C1:C:C:C2:C(:C:1)N(CCCN1CCC(CCO)CC1)C1:C:C:C:C:C:1S2,1
1954,OC(C1:C:C:C:C:C:1)(C1:C:C:C:C:C:1)C1CCCCN1,1
1955,C1:C:N:C(N2CCN(CC3:C:C:C4:C(:C:3)OCO4)CC2):N:C:1,1
1956,CN1CCC(=C2C3:C:C:C:C:C:3CCC3:S:C:C:C:32)CC1,1
1958,CC(=O)OCC(=O)[C@@]1(O)CC[C@H]2[C@@H]3CCC4=CC(=O)C=C[C@]4(C)[C@H]3[C@@H](O)C[C@@]21C,1
1959,C[C@]12C[C@H](O)[C@H]3[C@@H](CCC4=CC(=O)C=C[C@@]43C)[C@@H]1CC[C@]2(O)C(=O)COC(=O)CCC(=O)[O-].[Na+],1
1960,CCCCC(=O)OC1(C(=O)CO)CCC2C3CCC4=CC(=O)C=CC4(C)C3C(O)CC21C,1
1961,CC1:C2:C(:C:N:1C)NC(=O)CN=C2C1:C:C:C:C:C:1,1
1962,COC1:C:C:C(C#N):C:C:1C(=O)NCCN1CCC(C(=O)C2:C:C:C(F):C:C:2)CC1,1
1963,CCC(=O)OCC(=O)[C@@]12OC(C)(C)O[C@@H]1CC1C3C[C@H](F)C4=CC(=O)C=CC4(C)[C@@]3(F)C(O)CC12C,1
1964,CCCNC(=O)N1CC(C2:C:C:C:C:C:2)OC1=O,1
1966,CCCOC(=O)C1:C:N:C:N:1C(C)C1:C:C:C:C:C:1,1
1967,CCCN1CCCC1CNC(=O)C1:C:C(S(N)(=O)=O):C:C:C:1OC,1
1968,CN(C)CCCN1C2:C:C:C:C:C:2SC2:C:C:C:N:C:21,1
1969,CCC1(CC)C(=O)C=CNC1=O,1
1970,CCCC(C(=O)C1:C:C:C(C):C:C:1)N1CCCC1,1
1971,C1:C:C:C2:C(:C:1)CCC1:C:C:C:C:C:1N2C1CN2CCC1CC2,1
1972,CC1:C:C:C:C(Cl):C:1NC(=O)/C=C1\SCC(=O)N1C,1
1973,CC1:[NH]:N:C2:C:1N(C1:C:C:C:C:C:1)C(=O)CC(=O)N2C,1
1974,CCOC1:C:C:C:C:C:1O[C@@H](C1:C:C:C:C:C:1)[C@@H]1CNCCO1,1
1975,CCN1CCC[C@H]1CNC(=O)C1:C(OC):C:C:C(Br):C:1OC,1
1976,O=C1C2:C:C:C:C:C:2S(=O)(=O)N1CCCN1CCN(C2:N:C:C:C:N:2)CC1,1
1977,CN1CCN(C2=CC3:C:C(Cl):C:C:C:3/C(=C\C#N)C3:C:C:C:C:C:32)CC1,1
1978,NC1:N:C2:C:C:C(OC(F)(F)F):C:C:2:S:1.[Cl-].[H+],1
1979,COC(F)(F)C(F)Br,1
1980,COC1:C:C(C(=O)/C=C/N2CC=CC2):C:C(OC):C:1OC,1
1981,O=C1CCC2CCC(=O)N12,1
1982,CC1:C:C:C:C(/C=N/N2CCN(C(C3:C:C:C:C:C:3)C3:C:C:C:C:C:3)CC2):N:1,1
1983,NC(=O)C1:C:N(CC2:C(F):C:C:C:C:2F):N:N:1,1
1984,CN(C1:N:C2:C:C:C:C:C:2:S:1)C1CCN(CC(O)COC2:C:C:C(F):C:C:2)CC1,1
1985,NCCC(OC1:C:C:C(C(F)(F)F):C:C:1)C1:C:C:C:C:C:1,1
1986,CC1:N:C2:N(:C(=O):C:1CCN1CCC(C(=O)C3:C:C:C(F):C:C:3)CC1)CCS2,1
1987,CN1CCN(C2:N:C:C(C3:C:C(Cl):C:C(Cl):C:3Cl):C(N):N:2)CC1,1
1988,ClC1:C:C:C([C@@H]2[C@H]3CC[C@@H](C3)C23CCC(N2CCOCC2)=N3):C:C:1,1
1989,O=C1NCN(C2:C:C:C:C:C:2)C12CCN(CC1COC3:C:C:C:C:C:3O1)CC2,1
1990,CN1C(=S)CN=C(C2:C:C:C:C:C:2)C2:C:C(Cl):C:C:C:21,1
1991,CCC(C)(S(=O)(=O)CC)S(=O)(=O)CC,1
1992,CCN1CCCC1CNC(=O)C1:C:C(S(N)(=O)=O):C:C:C:1OC,1
1993,O=C1NCCCC1N1C(=O)C2:C:C:C:C:C:2S1(=O)=O,1
1994,C1:C:C:C2:C(:C:1)CCC1:C:C:C:C3:C:1C2CN1CCCCC31,1
1995,C=CCC1(C(C)CC)C(=O)NC(=O)NC1=O,1
1996,CN1CCN(C2=NC3:C:S:C:C:3/C(=C/C#N)C3:C:S:C:C:32)CC1,1
1997,C1:C:S:C(CC2:C:C:C:C:C:2OCC2CNCCO2):C:1.O=C(O)/C=C\C(=O)O,1
1998,CN1C(=O)CN=C(C2=CCCCC2)C2:C:C(Cl):C:C:C:21,1
1999,CCCC(CC)C1(CC)C(=O)NC(=S)NC1=O,1
2000,CCN(CC)CCNC(=O)C1:C:C(S(C)(=O)=O):C:C:C:1OC,1
2001,CCC(=O)O[C@]1(C(=O)SC)[C@H](C)CC2C3C[C@H](F)C4=CC(=O)C=CC4(C)[C@@]3(F)[C@@H](O)C[C@@]21C,1
2002,CN(C)CCCN1C2:C:C:C:C:C:2C=CC2:S:C:C:C:21,1
2003,CCN1CCC2:[NH]:C3:C:C(F):C4:S:C:C(C):C:4:C:3:C:2C1,1
2004,CCNC1(C2:C:C:C:S:2)CCCCC1=O,1
2005,CSC(=O)C1(O)C(C)CC2C3CCC4=CC(=O)C=CC4(C)C3(F)C(O)CC21C,1
2006,CCCC1(C)COB(C2:C:C:C(C):C:C:2)OC1,1
2007,CC1:C:C:C:C(N2CC(CO)OC2=O):C:1,1
2008,CNCC[C@@H](OC1:C:C:C:C:C:1C)C1:C:C:C:C:C:1,1
2009,CC1:C:C:C:C:C:1N1CCN(CCCOC2:C:C:C:C:N:2)CC1,1
2010,COC1:C:C2:C(:C:C:1OC)[C@@H](C1:C:C:C:C:C:1)CN(C)CC2,1
2011,CC1(C)O[C@@H]2C[C@H]3[C@@H]4CCC5=CC(=O)C=C[C@]5(C)[C@@]4(F)[C@@H](O)C[C@]3(C)[C@]2(C(=O)CO)O1,1
2012,CC(=O)OCC(=O)[C@@]1(O)[C@H](OC(C)=O)C[C@H]2[C@@H]3CCC4=CC(=O)C=C[C@]4(C)[C@@]3(F)[C@@H](O)C[C@@]21C,1
2013,CC(C)(C)CC(=O)OCC(=O)[C@@]12OC(C)(C)O[C@@H]1C[C@H]1[C@@H]3CCC4=CC(=O)C=C[C@]4(C)[C@@]3(F)[C@@H](O)C[C@@]12C,1
2014,O=C(NC1:C:C:C(O):C:C:1)C(Cl)(Cl)Cl,1
2015,CN1C(=O)CC(=O)N(C2:C:C:C:C:C:2)C2:C:C(C(F)(F)F):C:C:C:21,1
2016,CC(CN(C)C)CN1C2:C:C:C:C:C:2SC2:C:C:C(C(F)(F)F):C:C:21,1
2018,CN1C(=O)OC(C)(C)C1=O,1
2019,COC1:C:C:C:C(C(=O)NC2C[C@@H]3CC[C@H](C2)N3CC2:C:C:C:C:C:2):C:1OC,1
2020,CN1C2:C:C:C:C:C:2C(C2:C:C:C:C:C:2Cl)=NCC1(Cl)CO,1
2021,CC1CC2C3CC(F)C4=CC(=O)C=CC4(C)C3(F)C(O)CC2(C)C1(O)C(=O)CCl,1
2022,C=CCC(CC)(CC)C(N)=O,1
2023,CCC(C)C(CC)C(N)=O,1
2024,CO[C@@H]1O[C@H]2O[C@]3(CN4CCCCC4)[C@@H](O)C[C@@H]([C@H]13)[C@H]2C,1
2025,CCCC(CCC)C(N)=O,1
2026,CC/C=C(\C)C1(CC)C(=O)NC(=O)NC1=O,1
2027,C=CC1(C(C)CCC)C(=O)NC(=O)NC1=O,1
2028,C=CC1CNCCC1CCCC1:C:C:N:C2:C:C:C(OC):C:C:1:2,1
2029,CCCCCCOC1:N:S:N:C:1C1=CCCN(C)C1,1
2030,CCN(C(C)=O)C1:C:C:C:C(C2:C:C:N:C3:C(C#N):C:N:N:2:3):C:1,1
2032,CC1:N:N(C):C2:C:1N(C1:C:C:C:C:C:1)C(=O)CC(=O)N2C,1
2033,CC1=C2C(C3:C:C:C:C(Cl):C:3)=NCCN=C2N(C)N1,1
2034,[N-]=[N+]=O,1
2035,O=C1:[NH]:C2:C:C(Cl):C(Cl):C([N+](=O)[O-]):C:2:[NH]:C:1=O,1
2036,C[S+](CC[C@H](N)C(=O)[O-])C[C@H]1O[C@@H](N2:C:N:C3:C(N):N:C:N:C:3:2)[C@H](O)[C@@H]1O,1
2037,CC(CC1:C:C:C:C:C:1)N1:C:C([N-]C(=O)NC2:C:C:C:C:C:2):[O+]:N:1,1
2038,CCC1:C(C):[N+]([NH-]):C(C2:C:C:C(OC):C(OC):C:2):C2:C:C(OC):C(OC):C:C:1:2,1
2039,[N-]=[N+]=NCC(=O)N[C@H](CO)[C@H](O)C1:C:C:C([N+](=O)[O-]):C:C:1,1
