drug,target
CC(C)NCC(O)COC1:C:C:C:C2:C:C:C:C:C:1:2.[Cl],1
CC(C)(C)OC(=O)CCCC1:C:C:C(N(CCCl)CCCl):C:C:1,1
CC1COC2:C(N3CCN(C)CC3):C(F):C:C3:C(=O):C(C(=O)O):C:N1:C:2:3,1
CC(=O)NCCCOC1:C:C:C:C(CN2CCCCC2):C:1,1
CC1:O:N:C(C2:C:C:C:C:C:2Cl):C:1C(=O)N[C@@H]1C(=O)N2[C@@H](C(=O)O)C(C)(C)S[C@H]12,1
CCN1CCN(C(=O)N[C@@H](C(=O)N[C@@H]2C(=O)N3C(C(=O)O)=C(CSC4:N:N:N:N:4C)CS[C@H]23)C2:C:C:C(O):C:C:2)C(=O)C1=O,1
CN(C)[C@@H]1C(=O)/C(=C(/O)NCN2CCCC2)C(=O)[C@@]2(O)C(=O)C3=C(O)C4:C(O):C:C:C:C:4[C@@](C)(O)[C@H]3C[C@@H]12,1
CC1:N:C:C:N:1CC1CCC2:C(:C3:C:C:C:C:C:3:N:2C)C1=O,1
COC1:C:C:C([C@@H]2SC3:C:C:C:C:C:3N(CCN(C)C)C(=O)[C@@H]2OC(C)=O):C:C:1,1
NC(N)=NC(=O)C1:N:C(Cl):C(N):N:C:1N,1
CN1CC2:C(C3:N:O:C(C(C)(O)CO):N:3):N:C:N:2C2:C:C:C:C(Cl):C:2C1=O,0
CC1:C:N([C@H]2C[C@H](F)[C@@H](CO)O2):C(=O):[NH]:C:1=O,1
ClCCl,1
CC(C)(C)NC(=O)C1CC2CCCCC2CN1CC(O)C(CC1:C:C:C:C:C:1)NC(=O)C(CC(N)=O)NC(=O)C1:C:C:C2:C:C:C:C:C:2:N:1,1
CCC(=O)C(CC(C)N(C)C)(C1:C:C:C:C:C:1)C1:C:C:C:C:C:1,1
CCC(=O)N(C1:C:C:C:C:C:1)C1(COC)CCN(CCN2:N:N:N(CC):C:2=O)CC1,1
CN(C)C(=O)C(CCN1CCC(O)(C2:C:C:C(Cl):C:C:2)CC1)(C1:C:C:C:C:C:1)C1:C:C:C:C:C:1,1
CN1C2CCC1CC(OC(=O)[C@H](CO)C1:C:C:C:C:C:1)C2,1
COC1:C:C:C(Cl):C:C:1C(=O)NCCC1:C:C:C(S(=O)(=O)NC(=O)NC2CCCCC2):C:C:1,1
NC1:N:N:C(C2:C:C:C:C(Cl):C:2Cl):C(N):N:1,1
CCCC(C)C,1
C[C@H](N)CC1:C:C:C:C:C:1,1
CN(C)CC1:C:C:C(CSCCNC2:N:C(=O):C(CC3:C:C:C4:C:C:C:C:C:4:C:3):C:[NH]:2):O:1,0
CC(C)(C)NCC(O)COC1:C:C:C:C2:C:1C[C@H](O)[C@H](O)C2,1
CCC(=O)N(C1:C:C:C:C:C:1)C1(COC)CCN(CCC2:C:C:C:S:2)CC1,1
CCNC(=NC#N)NCCSCC1:N:C:C:C:C:1Br,0
CC1:C:C:C(C2:N:C3:C:C:C(C):C:N:3:C:2CC(=O)N(C)C):C:C:1,1
CN1CCN(C2=C3:C:C:C:C:C:3=NC3:C:C:C(Cl):C:C:3N2)CC1,1
FC(F)(F)C1:C:C:C(N2CCNCC2):N:C:1Cl,1
CCN1CCN(C(=O)N[C@@H](C(=O)N[C@@H]2C(=O)N3[C@@H](C(=O)O)C(C)(C)S[C@H]23)C2:C:C:C:C:C:2)C(=O)C1=O.O,1
CCCC(C)C1(CC)C(=O)NC(=O)NC1=O,1
C[C@H]1COC2:C(N3CCN(C)CC3):C(F):C:C3:C(=O):C(C(=O)O):C:N1:C:2:3,1
O=C(NCCCOC1:C:C:C:C(CN2CCCCC2):C:1)C1:C:C:C:C:C:1,1
CN1CC2:C(C(=O)OC(C)(C)C):N:C:N:2C2:C:C:S:C:2C1=O,1
CCC(=O)N(C1:C:C:C:C:C:1)C1CCN(CCC2:C:C:C:C:C:2)CC1,1
CCOC(=O)C1:C:N:C:N:1C(C)C1:C:C:C:C:C:1,1
CN(C)C1:C:C(C2:N:C(N):N:[NH]:2):C:C:N:1,0
CN1CCN(CCCN2C3:C:C:C:C:C:3SC3:C:C:C(Cl):C:C:32)CC1,1
NC1:C:C:C(C2:N:C3:C:C:C(O):C:C:3:S:2):C:C:1I,1
CC(=O)NC1:C:C:C:C(C2:C:S:C(N=C(N)N):N:2):C:1,0
CN1[C@H]2CCC[C@@H]1CC(NC(=O)C1:N:N(C):C3:C:C:C:C:C:1:3)C2,1
CS(=O)(=O)C1:C:C:C([C@@H](O)[C@@H](CO)NC(=O)C(Cl)Cl):C:C:1,1
NC(N)=NC1:N:C(C2:C:C:C:C:C:2):C:S:1,1
CC1:C:C:C:C(C):C:1OCC(C)N,1
CCC(=O)O[C@](CC1:C:C:C:C:C:1)(C1:C:C:C:C:C:1)[C@H](C)CN(C)C,1
CNCCCN1C2:C:C:C:C:C:2SC2:C:C:C(Cl):C:C:21,1
CN(C)CC1:C:C:C(C2:C:C:C:C(NC3N=CC=C3[N+](=O)[O-]):C:2):O:1,1
CN1:N:N:N:C:1SCC1=C(C(=O)O)N2C(=O)[C@@H](NC(=O)[C@H](O)C3:C:C:C:C:C:3)[C@H]2SC1,1
CN(C)CCC1:C:C:C:C:N:1,1
O=C1CCCN1CCCCN1CCN(C2:C:C(C(F)(F)F):C:C:N:2)CC1,1
C=C[C@H]1CN2CC[C@H]1C[C@@H]2[C@@H](O)C1:C:C:N:C2:C:C:C(OC):C:C:1:2,1
CCC1:C:C:C:C:C:1,1
NC(N)=NC1:N:C(C2:C:C:C:C(N):C:2):C:S:1,1
CC[C@]1(O)C[C@H]2CN(CCC3:C(:[NH]:C4:C:C:C:C:C:3:4)[C@@](C(=O)OC)(C3:C:C4:C(:C:C:3OC)N(C)[C@H]3[C@@](O)(C(=O)OC)[C@H](OC(C)=O)[C@]5(CC)C=CCN6CC[C@]43[C@@H]65)C2)C1,1
CCCC(=O)NC1:C:C:C(OCC(O)CNC(C)C):C(C(C)=O):C:1,1
NCCCN1C2:C:C:C:C:C:2SC2:C:C:C(Cl):C:C:21,1
CN(C)CC1:C:C:C(CSCCNC2:[NH]:C:C(CC3:C:C:C:C:C:3):C:2[N+](=O)[O-]):O:1,1
CNC(=NC#N)NC1:C:C:C:C(C2:C:S:C(N=C(N)N):N:2):C:1,0
CNCCC1:C:C:C:C:N:1,1
CN[C@H]1CC[C@@H](C2:C:C:C(Cl):C(Cl):C:2)C2:C:C:C:C:C:21.[Cl-].[H+],1
CC[C@]1(O)C[C@H]2CN(CCC3:C(:[NH]:C4:C:C:C:C:C:3:4)[C@@](C(=O)OC)(C3:C:C4:C(:C:C:3OC)N(C=O)[C@H]3[C@@](O)(C(=O)OC)[C@H](OC(C)=O)[C@]5(CC)C=CCN6CC[C@]43[C@@H]65)C2)C1,1
CCC(NC(=O)C1:C(C):C(C2:C:C:C:C:C:2):N:C2:C:C:C:C:C:1:2)C1:C:C:C:C:C:1,1
O=S(=O)(C1:C:C:C2:C:C:[NH]:C:2:C:1)N1CCCC1CCN1CCC(OC2:C:C:C:C(Cl):C:2)CC1,1
CN(C)CC1:C:C:N:C(C2:C:C:C:C(NC3N=CC=C3[N+](=O)[O-]):C:2):C:1,1
CNCCCC12CCC(C3:C:C:C:C:C:31)C1:C:C:C:C:C:12,1
C1:C:C(CN2CCCCC2):C:C(OCCCNC2:N:C:C:S:2):C:1,1
CN1CC2:C(C3:N:O:C(C(C)(C)O):N:3):N:C:N:2C2:C:C:C:C(Cl):C:2C1=O,0
CO/N=C(\C(=O)N[C@H]1C(=O)N2C(C(=O)[O-])=C(COC(C)=O)CS[C@@H]12)C1:C:S:C(N):N:1.[Na+],1
NC(=O)N1C2:C:C:C:C:C:2C2OC2C2:C:C:C:C:C:21,1
C1CCCCC1,1
CC1:C:S:C(N=C(N)N):N:1,1
CCCN(CCC)CCC1:C:C:C(O):C2:C:1CC(=O)N2,1
CN1CC2C3:C:C:C:C:C:3OC3:C:C:C(Cl):C:C:3C2C1,1
CN(C)CC1:C:C:C(CSCCNC2N=CC=C2[N+](=O)[O-]):O:1,0
CO/N=C(\C(=O)N[C@@H]1C(=O)N2C(C(=O)O)=C(COC(N)=O)CS[C@H]12)C1:C:C:C:O:1,1
C1:C:C(CN2CCCCC2):C:C(OCCCNC2:N:C3:C:C:C:C:C:3:O:2):C:1,1
CC1:C:C:C:C2:C:1OC1:C:C:C:C:C:1C1(O)CCN(C)CC21,1
O=[N+]([O-])C1=CC=NC1NCCSCC1:C:C:C:C:N:1,1
CCCSC1:C:C:C2:[NH]:C(NC(=O)OC):N:C:2:C:1,1
NCCC1:C:N2:C:C:C:C:C:2:N:1,0
CC1:N:C:C([N+](=O)[O-]):N:1CC(O)CCl,1
CCCN(CCC)CCC1:C:C:C:C2:C:1CC(=O)N2,1
ClC1:C:C:C2:C(:C:1)C1CNCC1C1:C:C:C:C:C:1O2,1
CN(C)CCC=C1C2:C:C:C:C:C:2CCC2:C:C:C:C:C:21,1
CO/N=C(\C(=O)N[C@@H]1C(=O)N2C(C(=O)O)=C(CSC3:N:C(=O):C(=O):[NH]:N:3C)CS[C@H]12)C1:C:S:C(N):N:1,1
C1:C:C:C(NCCCOC2:C:C:C:C(CN3CCCCC3):C:2):N:C:1,1
CC1:C:C:C:C2:C:1OC1:C:C:C:C:C:1C1(O)CCNCC21,1
O=[N+]([O-])C1=CC=NC1NCCSCC1:N:C:C:C:C:1Br,1
COC1:C:C2:C(:C(OC):C:1OC)C1:C:C:C(OC):C(=O):C:C:1C(NC(C)=O)CC2,1
OCCCOC1:C:C:C:C(CN2CCCCC2):C:1,1
CC1:N:C:S:C:1CCCl,1
CCN(CC)C(=O)NC1:C:C:C(OCC(O)CNC(C)(C)C):C(C(C)=O):C:1,1
FC(F)(F)CCl,1
CC(C)C1:N:C(C2:N:C:N3:C:2CN(C)C(=O)C2:C(Cl):C:C:C:C:23):N:O:1,1
CO[C@@]1(NC(=O)CC2:C:C:C:S:2)C(=O)N2C(C(=O)O)=C(COC(N)=O)CS[C@@H]21,1
C=CCC(N)C1:C:C:C:C:C:1C1:N:O:C2:C:C:C:C:C:1:2,1
CC1:N:C2:N(:C(=O):C:1CCN1CCC(C3:N:O:C4:C:C(F):C:C:C:3:4)CC1)CCCC2O,1
CC(=O)NC1:C:C:C(O):C:C:1,1
CC(=O)OC1:C:C:C:C:C:1C(=O)O,0
O=C1:N:C:N:C2:[NH]:[NH]:C:C:12,0
CCCCC[C@H](O)/C=C/[C@H]1[C@H](O)CC(=O)[C@@H]1CCCCCCC(=O)O,0
CN1:C(=O):C2:[NH]:C:N:C:2:N(C):C:1=O.CN1:C(=O):C2:[NH]:C:N:C:2:N(C):C:1=O.NCCN,0
CCCCC1:O:C2:C:C:C:C:C:2:C:1C(=O)C1:C:C(I):C(OCCN(CC)CC):C(I):C:1,0
CC1(C)S[C@@H]2[C@H](NC(=O)[C@H](N)C3:C:C:C(O):C:C:3)C(=O)N2[C@H]1C(=O)O.O.O.O,0
CC1(C)S[C@@H]2[C@H](NC(=O)[C@H](N)C3:C:C:C:C:C:3)C(=O)N2[C@H]1C(=O)O,0
C[C@]1(O)CC[C@H]2[C@@H]3CCC4=CC(=O)CC[C@]4(C)[C@H]3CC[C@@]21C,0
FC(F)(F)C1:C:C:C2:C(:C:1)N(CCCN1CCN(CCC3OCCCO3)CC1)C1:C:C:C:C:C:1S2.O=C(O)CCC(=O)O,1
O=C1NC2:C:C:C(Cl):C:C:2C(C2:C:C:C:C:C:2)=NC1O,1
O=C1:[NH]:C2:C:C:C:C:C:2:N:1C1CCN(CCOC2:C:C:C:C:C:2)CC1,1
COC1:C:C:C2:C3:C:1O[C@H]1C(=O)CC[C@@]4(O)[C@@H](C2)N(C)CC[C@]314,1
CN1CC[C@]23C4:C5:C:C:C(O):C:4O[C@H]2C(=O)CC[C@@]3(O)[C@H]1C5,1
CN1CCCC(CN2C3:C:C:C:C:C:3SC3:C:C:C:C:C:32)C1,1
NC1=NC(=O)C(C2:C:C:C:C:C:2)O1,1
CC(C)=CCN1CC[C@@]2(C)C3:C:C(O):C:C:C:3C[C@@H]1[C@H]2C,1
CCC1:C:C(C(N)=S):C:C:N:1,1
COC1:C:C([C@@H]2C3:C:C4:C(:C:C:3[C@@H](O[C@@H]3O[C@@H]5CO[C@@H](C)O[C@H]5[C@H](O)[C@H]3O)C3COC(=O)[C@@H]32)OCO4):C:C(OC):C:1O,0
NC(N)=NC1:N:C(CSCCC(N)=NS(N)(=O)=O):C:S:1,1
OC(CN1:C:N:C:N:1)(CN1:C:N:C:N:1)C1:C:C:C(F):C:C:1F,1
O=C([O-])P(=O)([O-])[O-].[Na+].[Na+].[Na+],1
NCC1(CC(=O)O)CCCCC1,1
CCOC1:C:C:C2:C:C:C:C:C:2:C:1C(=O)N[C@@H]1C(=O)N2[C@@H](C(=O)[O-])C(C)(C)S[C@H]12.[Na+],0
CCN1:C:C(C(=O)O):C(=O):C2:C:C:C(C):N:C:2:1,0
CC1:C(O):C:C:C:C:1C(=O)N[C@@H](CSC1:C:C:C:C:C:1)[C@H](O)CN1C[C@H]2CCCC[C@H]2C[C@H]1C(=O)NC(C)(C)C,0
COC1:C:C:C(CCN2CCC(NC3:N:C4:C:C:C:C:C:4:N:3CC3:C:C:C(F):C:C:3)CC2):C:C:1,0
CN1C2CCC1CC(OC(=O)C(CO)C1:C:C:C:C:C:1)C2,0
CN(C)[C@@H]1C(=O)/C(=C(\N)O)C(=O)[C@@]2(O)C(=O)C3=C(O)C4:C(O):C:C:C(Cl):C:4[C@@](C)(O)[C@H]3C[C@@H]12.[Cl-].[H+],0
C[C@H]1C[C@H]2[C@@H]3CCC4=CC(=O)C=C[C@]4(C)[C@@]3(F)[C@@H](O)C[C@]2(C)[C@@]1(O)C(=O)CO,0
CC1(C)S[C@@H]2[C@H](NC(=O)C(C(=O)O)C3:C:C:C:C:C:3)C(=O)N2[C@H]1C(=O)O,0
C[C@@](CC1:C:C:C(O):C(O):C:1)(NN)C(=O)O,0
CC(C)(C)NCC(O)COC1:C:C:C:C2:C:1CCC(=O)N2,0
CC1:N:N:C(SCC2=C(C(=O)[O-])N3C(=O)[C@@H](NC(=O)CN4:C:N:N:N:4)[C@H]3SC2):S:1.[Na+],0
CC(=O)OCC1=C(C(=O)O)N2C(=O)[C@@H](NC(=O)CSC3:C:C:N:C:C:3)[C@H]2SC1,0
O=C(O)CCCC1:C:C:C(N(CCCl)CCCl):C:C:1,0
CCCN1C[C@H](CSC)C[C@@H]2C3:C:C:C:C4:[NH]:C:C(:C:3:4)C[C@H]21,1
CN1CCN(C2=NC3:C:C:C:C:C:3CC3:C:C:C:C:C:32)CC1,1
OCCN1CCN(CCCN2C3:C:C:C:C:C:3SC3:C:C:C(Cl):C:C:32)CC1,1
CCOC(=O)C1(C2:C:C:C:C:C:2)CCN(C)CC1,1
C1:C:C:C(C2(N3CCCCC3)CCCCC2):C:C:1,1
NNCCC1:C:C:C:C:C:1.O=S(=O)(O)O,1
CCC1(C2:C:C:C:C:C:2)C(=O)NC(=O)NC1=O,1
NC(=O)OCCCC1:C:C:C:C:C:1,1
CNC(=O)OC1:C:C:C2:C(:C:1)[C@]1(C)CCN(C)[C@@H]1N2C,1
NCC(O)C1:C:C:C(O):C(O):C:1,0
COC1:C:C:C2:N:C(S(=O)CC3:N:C:C(C):C(OC):C:3C):[NH]:C:2:C:1,0
CC1:O:N:C(C2:C:C:C:C:C:2):C:1C(=O)N[C@@H]1C(=O)N2[C@@H](C(=O)O)C(C)(C)S[C@H]12,0
OC[C@H]1O[C@@H](N2:C:N:C3:C:2NC=NC[C@H]3O)C[C@@H]1O,1
CC1(C)S[C@@H]2[C@H](NC(=O)COC3:C:C:C:C:C:3)C(=O)N2[C@H]1C(=O)[O-],0
O=C(NC(CO)C(O)C1:C:C:C([N+](=O)[O-]):C:C:1)C(Cl)Cl,0
NS(=O)(=O)C1:C:C2:C(:C:C:1Cl)NC=NS2(=O)=O,0
CCCNC(=O)NS(=O)(=O)C1:C:C:C(Cl):C:C:1,0
CN(C)[C@@H]1C(=O)/C(=C(\N)O)C(=O)[C@@]2(O)C(=O)C3=C(O)C4:C(O):C:C:C(Cl):C:4[C@@](C)(O)[C@H]3C[C@@H]12,0
NS(=O)(=O)C1:C:C(C2(O)NC(=O)C3:C:C:C:C:C:32):C:C:C:1Cl,0
CCOC(=O)C(C)(C)OC1:C:C:C(Cl):C:C:1,0
CC(C)(OC1:C:C:C(Cl):C:C:1)C(=O)O,0
ClC1:C:C:C:C:C:1C(C1:C:C:C:C:C:1)(C1:C:C:C:C:C:1)N1:C:C:N:C:1,0
C[C@]12C[C@H](O)[C@H]3[C@@H](CCC4=CC(=O)CC[C@@]43C)[C@@H]1CC[C@@H]2C(=O)CO,0
C[C@]12CC(=O)[C@H]3[C@@H](CCC4=CC(=O)CC[C@@]43C)[C@@H]1CC[C@]2(O)C(=O)CO,0
OCCC1CCN(CC/C=C2\C3:C:C:C(F):C:C:3SC3:C:C:C(C(F)(F)F):C:C:32)CC1,1
O=C1:[NH]:C2:C:C:C:C:C:2:N:1C1CCN(CCCC(C2:C:C:C(F):C:C:2)C2:C:C:C(F):C:C:2)CC1,1
OCCN1CCN(CC/C=C2/C3:C:C:C:C:C:3COC3:C:C:C(Cl):C:C:32)CC1,1
NC(=O)C1(N2CCCCC2)CCN(CCCC(=O)C2:C:C:C(F):C:C:2)CC1,1
O=C1CN=C(C2:C:C:C:C:C:2)C2:C:C(Cl):C:C:C:2N1CC1CC1,1
CC(=O)[C@H]1CC[C@H]2[C@@H]3CC[C@@H]4C[C@H](O)CC[C@]4(C)[C@H]3CC[C@]12C,1
CCC1(C2:C:C:C:C:C:2)C(=O)NCNC1=O,1
CCN(CC)CCOC(=O)C1:C:C:C(N):C:C:1,1
OC(CCN1CCCC1)(C1:C:C:C:C:C:1)C1CCCCC1,1
CN(C)CCCN1C2:C:C:C:C:C:2SC2:C:C:C:C:C:21,1
CC(C)NCC(O)COC1:C:C:C:C2:[NH]:C:C:C:1:2,1
CO[C@H](C(=O)[C@@H](O)[C@@H](C)O)[C@@H]1CC2:C:C3:C:C(O[C@H]4C[C@@H](O[C@H]5C[C@@H](O)[C@H](O)[C@@H](C)O5)[C@H](O)[C@@H](C)O4):C(C):C(O):C:3:C(O):C:2C(=O)[C@H]1O[C@H]1C[C@@H](O[C@H]2C[C@@H](O[C@H]3C[C@](C)(O)[C@H](O)[C@@H](C)O3)[C@H](O)[C@@H](C)O2)[C@H](O)[C@@H](C)O1,1
CC[C@H](C)C(=O)O[C@H]1C[C@H](O)C=C2C=C[C@H](C)[C@H](CC[C@@H](O)C[C@@H](O)CC(=O)O)[C@H]21,0
O=C(C1CCCCC1)N1CC(=O)N2CCC3:C:C:C:C:C:3C2C1,1
COC1:C:C(CC2:C:N:C(N):N:C:2N):C:C(OC):C:1OC,1
COC1:C:C(NCC2:C:C:C3:N:C(N):N:C(N):C:3:C:2C):C:C(OC):C:1OC,0
NC(CO)(CO)CO,0
NC1[C@@H]2CN(C3:N:C4:C(:C:C:3F):C(=O):C(C(=O)O):C:N:4C3:C:C:C(F):C:C:3F)C[C@H]12,1
NC(N)=O,1
O=C1:C:C:C2:C:C:C:C:C:2:O:1,0
NC1:C:C:C(S(=O)(=O)C2:C:C:C(N):C:C:2):C:C:1,0
C[C@H](CCC(=O)O)[C@H]1CC[C@H]2[C@@H]3C(=O)C[C@@H]4CC(=O)CC[C@]4(C)[C@H]3CC(=O)[C@@]21C,0
O=C1:C(CC2:C(O):O:C3:C:C:C:C:C:3:C:2=O):C(O):O:C2:C:C:C:C:C:1:2,0
CCN(CC)CCOC(=O)C1(C2CCCCC2)CCCCC1,0
CC/C(=C(/CC)C1:C:C:C(O):C:C:1)C1:C:C:C(O):C:C:1,0
C[C@H]1O[C@@H](O[C@H]2[C@@H](O)C[C@H](O[C@H]3[C@@H](O)C[C@H](O[C@H]4CC[C@]5(C)[C@H]6CC[C@]7(C)[C@H](C8=CC(=O)OC8)CC[C@]7(O)[C@@H]6CC[C@@H]5C4)O[C@@H]3C)O[C@@H]2C)C[C@H](O)[C@@H]1O,0
C[C@H]1O[C@@H](O[C@H]2[C@@H](O)C[C@H](O[C@H]3[C@@H](O)C[C@H](O[C@H]4CC[C@]5(C)[C@H]6C[C@@H](O)[C@]7(C)[C@@H](C8=CC(=O)OC8)CC[C@]7(O)[C@@H]6CC[C@@H]5C4)O[C@@H]3C)O[C@@H]2C)C[C@H](O)[C@@H]1O,0
O=C1:[NH]:C2:C:C:C:C:C:2:N:1CCCN1CCC(N2:C(=O):[NH]:C3:C:C(Cl):C:C:C:3:2)CC1,0
CC(CN1C2:C:C:C:C:C:2SC2:C:C:C:C:C:21)N(C)C,1
CCC(=O)C1:C:C:C2:C(:C:1)N(CC(C)N(C)C)C1:C:C:C:C:C:1S2,1
CC(C)C1:C:C:C:C(C(C)C):C:1O,1
CNCCCC1C2:C:C:C:C:C:2C=CC2:C:C:C:C:C:21,1
O=C1:C:C:[NH]:N:C:1,1
FC1:C:C:C:C:C:1C1=NCC(=S)N(CC(F)(F)F)C2:C:C:C(Cl):C:C:21,1
COC(=O)[C@H]1[C@H]2C[C@@H]3C4:[NH]:C5:C:C(OC):C:C:C:5:C:4CCN3C[C@H]2C[C@@H](OC(=O)/C=C/C2:C:C(OC):C(OC):C(OC):C:2)[C@@H]1OC,1
COC(=O)[C@H]1[C@H]2C[C@@H]3C4:[NH]:C5:C:C(OC):C:C:C:5:C:4CCN3C[C@H]2C[C@@H](OC(=O)C2:C:C(OC):C(OC):C(OC):C:2)[C@@H]1OC,1
C=CCC1(C(C)CCC)C(=O)NC(=O)NC1=O,1
O=C1CSC2(CCN(CCCN3C4:C:C:C:C:C:4SC4:C:C:C(Cl):C:C:43)CC2)N1.[Cl-].[H+],1
O=C1C(=O)C2:C:C:C:C:C:2C(O)=C1C1CCC(C2:C:C:C(Cl):C:C:2)CC1,0
O=C(O)CCCCCCCC(=O)O,0
CC[C@H]1OC(=O)[C@H](C)[C@@H](O[C@H]2C[C@@](C)(OC)[C@@H](O)[C@H](C)O2)C(C)[C@@H](O[C@@H]2O[C@H](C)C[C@H](N(C)C)[C@H]2O)[C@](C)(O)C[C@@H](C)CN(C)[C@H](C)[C@@H](O)[C@]1(C)O,0
CCC(C)C(N)C1=NC(C(=O)N[C@@H](CC(C)C)C(=O)N[C@H](CCC(=O)O)C(=O)N[C@H](C(=O)NCCCC[C@@H]2NC(=O)[C@H](CC(N)=O)NC(=O)[C@@H](CC(=O)O)NC(=O)[C@H](CC3:C:N:C:[NH]:3)NC(=O)[C@@H](CC3:C:C:C:C:C:3)NC(=O)[C@H]([C@@H](C)CC)NC(=O)[C@@H](CCCN)NC2=O)[C@@H](C)CC)CS1,0
CC(C[N+](C)(C)C)OC(N)=O.[Cl-],0
CC1:C:C:C(S(=O)(=O)[O-]):C:C:1.CC[N+](C)(C)CC1:C:C:C:C:C:1Br,0
CC(C)C[C@H]1C(=O)N2CCC[C@H]2[C@]2(O)O[C@](NC(=O)[C@@H]3C=C4C5:C:C:C:C6:[NH]:C(Br):C(:C:5:6)C[C@H]4N(C)C3)(C(C)C)C(=O)N12,0
CO[C@]12CC[C@@]3(C[C@@H]1[C@](C)(O)C(C)(C)C)[C@H]1CC4:C:C:C(O):C5:C:4[C@@]3(CCN1CC1CC1)[C@H]2O5,1
NCCC1:C:C:C(O):C(O):C:1,0
COC1:C:C:C:C2:C:1C(=O)C1:C(O):C3:C(:C(O):C:1C2=O)C[C@@](O)(C(=O)CO)C[C@@H]3O[C@H]1C[C@H](N)[C@H](O)[C@H](C)O1,0
C[C@H]1C2:C:C:C:C(O):C:2C(O)=C2C(=O)[C@]3(O)C(=O)/C(=C(/N)O)C(=O)[C@@H](N(C)C)[C@@H]3[C@@H](O)[C@@H]21.O,0
CCCCOC1:C:C:C(C(=O)CCN2CCCCC2):C:C:1.[Cl],0
ClC1:C:C:C(COC(CN2:C:C:N:C:2)C2:C:C:C(Cl):C:C:2Cl):C:C:1,0
CC(C)[C@H](NC(=O)[C@H](CC1:C:C:C:C:C:1)NC(=O)CNC(=O)[C@@H](C)NC(=O)[C@@H](N)CC1:C:C:C(O):C:C:1)C(N)=O,0
CN[C@@H](C)[C@H](O)C1:C:C:C:C:C:1,0
CNC[C@H](O)C1:C:C:C(O):C(O):C:1,0
CC[C@H]1OC(=O)[C@H](C)[C@@H](O[C@H]2C[C@@](C)(OC)[C@@H](O)[C@H](C)O2)[C@H](C)[C@@H](O[C@@H]2O[C@H](C)C[C@H](N(C)C)[C@H]2O)[C@](C)(O)C[C@@H](C)C(=O)[C@H](C)[C@@H](O)[C@]1(C)O,0
C[C@]12CC[C@@H]3C4:C:C:C(O):C:C:4CC[C@H]3[C@@H]1CC[C@@H]2O,0
NC1:C2:C(:N:C3:C:C:C:C:C:1:3)CCCC2,1
CN1C(=O)C(O)N=C(C2:C:C:C:C:C:2)C2:C:C(Cl):C:C:C:21,1
COC1:C:C2:C(:C:C:1OC)C1CC(=O)C(CC(C)C)CN1CC2,1
CCCCCC1:C:C(O):C2:C(:C:1)OC(C)(C)[C@@H]1CCC(C)=C[C@@H]21,1
COC1=CC=C2[C@H]3CC4:C:C:C(OC):C5:C:4[C@@]2(CCN3C)[C@H]1O5,1
CCSC1:C:C:C2:C(:C:1)N(CCCN1CCN(C)CC1)C1:C:C:C:C:C:1S2,1
CSC1:C:C:C2:C(:C:1)N(CCC1CCCCN1C)C1:C:C:C:C:C:1S2,1
CN1CCN(CC/C=C2\C3:C:C:C:C:C:3SC3:C:C:C(S(=O)(=O)N(C)C):C:C:32)CC1,1
N[C@@H]1C[C@H]1C1:C:C:C:C:C:1.[Cl-].[H+],1
O=C1:N(CCCN2CCN(C3:C:C:C:C(Cl):C:3)CC2):N:C2:C:C:C:C:N:1:2,1
CS(=O)(=O)OCCCCOS(C)(=O)=O,1
CC1=C(C(=O)O)N2C(=O)[C@@H](NC(=O)[C@H](N)C3=CCC=CC3)[C@H]2SC1,0
CCN(CC)CCCC(C)NC1:C:C:N:C2:C:C(Cl):C:C:C:1:2,1
COC1:C:C(N):C(Cl):C:C:1C(=O)NC1CCN(CCCOC2:C:C:C(F):C:C:2)CC1OC.O,1
NC1:N:C(Cl):N:C2:C:1:N:C:N:2[C@H]1C[C@H](O)[C@@H](CO)O1,1
C[N+]12CCC(CC1)C(OC(=O)C(O)(C1:C:C:C:C:C:1)C1:C:C:C:C:C:1)C2.[Br-],0
C[C@]12CC[C@@H]3C4:C:C:C(O):C:C:4CC[C@H]3[C@@H]1CCC2=O,0
C=C(CC)C(=O)C1:C:C:C(OCC(=O)O):C(Cl):C:1Cl,0
C#C[C@]1(O)CC[C@H]2[C@@H]3CCC4:C:C(O):C:C:C:4[C@H]3CC[C@@]21C,0
CC(CC1:C:C:C(O):C:C:1)NCC(O)C1:C:C(O):C:C(O):C:1,0
O=C1:[NH]:C(=O):N([C@H]2C[C@H](O)[C@@H](CO)O2):C:C:1F,0
CC1:O:N:C(C2:C(F):C:C:C:C:2Cl):C:1C(=O)N[C@@H]1C(=O)N2[C@@H](C(=O)O)C(C)(C)S[C@H]12,0
O=C1:[NH]:C:C(F):C(=O):[NH]:1,0
NS(=O)(=O)C1:C:C(C(=O)O):C(NCC2:C:C:C:O:2):C:C:1Cl,0
NC1:N:C(=O):C2:N:C:N(COC(CO)CO):C:2:[NH]:1,0
C[N+]1(C)CCC(OC(=O)C(O)(C2:C:C:C:C:C:2)C2CCCC2)C1.[Br-],0
O=C(CCCN1CCC(O)(C2:C:C:C:C(C(F)(F)F):C:2)CC1)C1:C:C:C(F):C:C:1,1
CN(C)CCCN1C2:C:C:C:C:C:2SC2:C:C:C(C(F)(F)F):C:C:21,1
CN1CCN(CCCN2C3:C:C:C:C:C:3SC3:C:C:C(C(F)(F)F):C:C:32)CC1,1
OC(CCN1CCCCC1)(C1:C:C:C:C:C:1)C1CCCCC1,1
COC1:C:C(C(=O)N2CCOCC2):C:C(OC):C:1OC,1
CC(CN(C)C)CN1C2:C:C:C:C:C:2CCC2:C:C:C:C:C:21,1
CCCCNC(=O)OCC(C)(CCC)COC(N)=O,1
O=C1:C:C:N(C2OC(CO)C(O)C2O):C(=O):[NH]:1,1
CCCC(CCC)C(=O)O,1
CN(C)C/C=C(/C1:C:C:C(Br):C:C:1)C1:C:C:C:N:C:1,1
CC(C)N=C1:C:C2:N(C3:C:C:C(Cl):C:C:3):C3:C:C:C:C:C:3:N:C2:C:C:1NC1:C:C:C(Cl):C:C:1,0
COC1:C:C2:C(:C(OC):C:1OC)C1:C:C:C(OC):C(=O):C:C:1[C@@H](NC(C)=O)CC2,0
O=C(O)C1:C:C(=O):C2:C:C(OCC(O)COC3:C:C:C:C4:O:C(C(=O)O):C:C(=O):C:3:4):C:C:C:2:O:1,0
NC1CONC1=O,1
NC(=O)NO,1
CC(C)[N+]1(C)C2CCC1CC(OC(=O)C(CO)C1:C:C:C:C:C:1)C2.[Br-],0
NC(N)=N/N=C/C1:C(Cl):C:C:C:C:1Cl,0
NC(N)=NCCN1CCCCCCC1,0
CN1C2CCC1CC(OC(=O)C(O)C1:C:C:C:C:C:1)C2,0
NNC1:N:N:C:C2:C:C:C:C:C:1:2,0
NS(=O)(=O)C1:C:C2:C(:C:C:1Cl)NCNS2(=O)=O,0
C[C@]12C[C@H](O)[C@H]3[C@@H](CCC4=CC(=O)CC[C@@]43C)[C@@H]1CC[C@]2(O)C(=O)CO,0
NS(=O)(=O)C1:C:C2:C(:C:C:1C(F)(F)F)NCNS2(=O)=O,0
CC(C)CC1:C:C:C(C(C)C(=O)O):C:C:1,0
COC1:C:C:C2:C(:C:1):C(CC(=O)O):C(C):N:2C(=O)C1:C:C:C(Cl):C:C:1,0
CN1CC2:C(C3:N:O:C([C@](C)(O)CO):N:3):N:C:N:2C2:C:C:C:C(Cl):C:2C1=O,0
C=C1CC2:C(CCN(CCC)CCC):C:C:C(O):C:2N1,1
CC1:N:C2:N(:C(=O):C:1CCN1CCC(C3:N:O:C4:C:C(F):C:C:C:3:4)CC1)CCC[C@H]2O,1
CC1:N:N:C2:N:1C1:C:C:C(Cl):C:C:1C(C1:C:C:C:C:C:1)=NC2,1
O=NN(CCCl)C(=O)NCCCl,1
CCC(C)N1:N:C:N(C2:C:C:C(N3CCN(C4:C:C:C(OC[C@H]5CO[C@](CN6:C:N:C:N:6)(C6:C:C:C(Cl):C:C:6Cl)O5):C:C:4)CC3):C:C:2):C:1=O,0
NCC1OC(OC2C(N)CC(N)C(OC3OC(CO)C(O)C(N)C3O)C2O)C(O)C(O)C1O,0
CC(C(=O)O)C1:C:C:C:C(C(=O)C2:C:C:C:C:C:2):C:1,1
O=C(C1:C:C:C:C:C:1)C1:C:C:C2:N:1CCC2C(=O)O,0
C[C@H](N)[C@H](O)C1:C:C:C:C(O):C:1,0
NNC(=O)C1:C:C:N:C:C:1,0
CC(C)NCC(O)C1:C:C:C(O):C(O):C:1,0
O=C1:C(O[C@@H]2O[C@H](CO)[C@@H](O)[C@H](O)[C@H]2O):C(C2:C:C:C(O):C(O):C:2):O:C2:C:C(O):C:C(O):C:1:2,0
CC(=O)N1CCN(C2:C:C:C(OC[C@H]3CO[C@](CN4:C:C:N:C:4)(C4:C:C:C(Cl):C:C:4Cl)O3):C:C:2)CC1,0
CC(CCC1:C:C:C:C:C:1)NCC(O)C1:C:C:C(O):C(C(N)=O):C:1,0
N[C@@H](CC1:C:C:C(O):C(O):C:1)C(=O)O,0
OCC(O)C(O)C(O)C(O)CO,0
C=C1C2:C(Cl):C:C:C(O):C:2C(O)=C2C(=O)C3(O)C(=O)/C(=C(/N)O)C(=O)C(N(C)C)C3C(O)C12,0
CC1:C:C:C(Cl):C(NC2:C:C:C:C:C:2C(=O)O):C:1Cl,0
CC1:C:C:C:C(NC2:C:C:C:C:C:2C(=O)O):C:1C,0
CN=C(NC#N)NCCSCC1:N:C:[NH]:C:1C,0
ClC1:C:C:C:C(Cl):C:1NC1=NCCN1,1
O=C1:N:C:[NH]:C2:C:1:N:C:N:2[C@H]1CC[C@@H](CO)O1,0
COCCC1:C:C:C(OCC(O)CNC(C)C):C:C:1,1
CC1:N:C:C([N+](=O)[O-]):N:1CCO,1
CC#C[C@]1(O)CC[C@H]2[C@@H]3CCC4=CC(=O)CCC4=C3[C@@H](C3:C:C:C(N(C)C):C:C:3)C[C@@]21C,0
CN(C)C1:C:C:C(O):C2:C:1C[C@H]1C[C@H]3[C@H](N(C)C)C(O)=C(C(N)=O)C(=O)[C@@]3(O)C(O)=C1C2=O,1
O=C(NCCN1CCOCC1)C1:C:C:C(Cl):C:C:1,1
CC(C)[N+](C)(CCOC(=O)C1C2:C:C:C:C:C:2OC2:C:C:C:C:C:21)C(C)C.[Br-],0
NC(=O)C1:C:N:C:C:N:1,1
CN(C)C(=O)OC1:C:C:C:[N+](C):C:1.[Br-],1
CCC1:N:C(N):N:C(N):C:1C1:C:C:C(Cl):C:C:1,1
C=C[C@H]1CN2CC[C@@H]1C[C@H]2[C@H](O)C1:C:C:N:C2:C:C:C(OC):C:C:1:2,0
NC(CC1:C:C:C(N(CCCl)CCCl):C:C:1)C(=O)O,0
C[N+]1(C)CCCC(OC(=O)C(O)(C2:C:C:C:C:C:2)C2:C:C:C:C:C:2)C1.[Br-],0
COC1:C:C:C(CN(CCN(C)C)C2:C:C:C:C:N:2):C:C:1,0
C1:C:C:C2:C(:C:1)SC1:C:C:C:C:C:1N2CC1CN2CCC1CC2,0
C#C[C@]1(O)CC[C@H]2[C@@H]3CCC4:C:C(OC):C:C:C:4[C@H]3CC[C@@]21C,0
CC[N+](C)(CC)CCOC(=O)C1C2:C:C:C:C:C:2OC2:C:C:C:C:C:21,0
CN(CC1:C:N:C2:N:C(N):N:C(N):C:2:N:1)C1:C:C:C(C(=O)N[C@@H](CCC(=O)O)C(=O)O):C:C:1,0
CN1C(CCl)NC2:C:C(Cl):C(S(N)(=O)=O):C:C:2S1(=O)=O,0
C[C@](N)(CC1:C:C:C(O):C(O):C:1)C(=O)O,0
COC1:C:C:C:N:C:1CCCCNC1:N:C:C(CC2:C:C:C(C):N:C:2):C(=O):[NH]:1.[Cl-].[Cl-].[Cl-].[H+].[H+].[H+],0
CC1:C:C:C(CC2:C:N:C(NCCSCC3:C:C:C(C(C)(C)N):O:3):[NH]:C:2=O):C:N:1,0
CN1CCN2C3:C:C:C:C:C:3CC3:C:C:C:C:C:3C2C1,1
CC1:N:C:C2:N:1C1:C:C:C(Cl):C:C:1C(C1:C:C:C:C:C:1F)=NC2,1
CC(C)C1:N:C(CN(C)C(=O)N[C@H](C(=O)N[C@@H](CC2:C:C:C:C:C:2)C[C@H](O)[C@H](CC2:C:C:C:C:C:2)NC(=O)OCC2:C:N:C:S:2)C(C)C):C:S:1,0
CC(C)(C)NC(=O)[C@@H]1C[C@@H]2CCCC[C@@H]2CN1C[C@@H](O)[C@H](CC1:C:C:C:C:C:1)NC(=O)[C@H](CC(N)=O)NC(=O)C1:C:C:C2:C:C:C:C:C:2:N:1,0
FCOC(C(F)(F)F)C(F)(F)F,1
CC(=O)NC1:C(I):C(NC(C)=O):C(I):C(C(=O)[O-]):C:1I.[Na+],0
CC(C)NCC(O)C1:C:C:C(NS(C)(=O)=O):C:C:1,1
CC1:C:N([C@H]2C=C[C@@H](CO)O2):C(=O):[NH]:C:1=O,1
CN[C@@H]1[C@H](O[C@H]2[C@H](O[C@@H]3[C@@H](N=C(N)N)[C@H](O)[C@@H](N=C(N)N)[C@H](O)[C@H]3O)O[C@@H](C)[C@]2(O)C=O)O[C@@H](CO)[C@H](O)[C@H]1O,0
NC1:C:C:C(S(=O)(=O)NC2:N:C:C:C:N:2):C:C:1,1
CC1:N:O:C(NS(=O)(=O)C2:C:C:C(N):C:C:2):C:1C,1
C[C@H]1C[C@H]2[C@@H]3CC[C@](O)(C(=O)CO)[C@@]3(C)C[C@H](O)[C@@H]2[C@@]2(C)C=CC(=O)C=C12,0
ClC1:C:C:C(COC(CN2:C:C:N:C:2)C2:C:C:C(Cl):C:C:2Cl):C(Cl):C:1,0
C[C@]12CC[C@@H]3[C@H]4CCC(=O)C=C4CC[C@H]3[C@@H]1CC[C@@H]2O,0
CCOC(=O)C(C1:C(O):O:C2:C:C:C:C:C:2:C:1=O)C1:C(O):O:C2:C:C:C:C:C:2:C:1=O,0
OCC1:C:C:C:N:C:1,0
C#C[C@]1(O)CC[C@H]2[C@@H]3CCC4=CC(=O)CC[C@@H]4[C@H]3CC[C@@]21C,0
NCC(O)C1:C:C:C:C(O):C:1,0
CC(CCC1:C:C:C:C:C:1)NC(C)C(O)C1:C:C:C(O):C:C:1,0
C[C@]12COC(=O)C[C@@H]1CC[C@@H]1[C@@H]2CC[C@@]2(C)[C@H]1CC[C@]2(C)O,0
O=C(O)CCC1:N:C(C2:C:C:C:C:C:2):C(C2:C:C:C:C:C:2):O:1,0
CN1CCN2C3:N:C:C:C:C:3CC3:C:C:C:C:C:3C2C1,1
CC1:C:C:N:C2:C:1NC(=O)C1:C:C:C:N:C:1N2C1CC1,1
ClC1:C:C:C2:C(:C:1)[C@H]1CNC[C@H]1C1:C:C:C:C:C:1O2,1
CC1:C:C:C:C2:C:1OC1:C:C:C:C:C:1[C@@]1(O)CCNC[C@H]21,1
C=CC[C@H](N)C1:C:C:C:C:C:1C1:N:O:C2:C:C:C:C:C:1:2,1
CC1:C:C:C:C2:C:1OC1:C:C:C:C:C:1[C@@]1(O)CCN(C)C[C@H]21,1
CN1C[C@@H]2C3:C:C(Cl):C:C:C:3OC3:C:C:C:C:C:3[C@@H]2C1,1
CN/C(=C\[N+](=O)[O-])NCCSCC1:C:C:C(CN(C)C):O:1,0
CC1:C:C(NS(=O)(=O)C2:C:C:C(N):C:C:2):N:O:1,1
CC/C(=C(\C1:C:C:C:C:C:1)C1:C:C:C(OCCN(C)C):C:C:1)C1:C:C:C:C:C:1,1
CC1(C)S[C@@H]2[C@H](NC(=O)[C@H](C(=O)[O-])C3:C:C:S:C:3)C(=O)N2[C@H]1C(=O)[O-].[Na+].[Na+],1
CC[C@@]1(O)C(=O)OCC2:C1:C:C1:N(:C:2=O)CC2:C:C3:C(CN(C)C):C(O):C:C:C:3:N:C:21,1
NC1:C:C:N([C@H]2CC[C@@H](CO)O2):C(=O):N:1,1
NS(=O)(=O)CC1:N:O:C2:C:C:C:C:C:1:2,1
C[C@@H]1OC(=O)C[C@H](O)C[C@H](O)CC[C@@H](O)[C@H](O)C[C@H](O)C[C@]2(O)C[C@H](O)[C@@H](C(=O)O)[C@H](C[C@@H](O[C@@H]3O[C@H](C)[C@@H](O)[C@H](N)[C@@H]3O)/C=C\C=C/C=C\C=C/C=C\C=C/C=C\[C@H](C)[C@@H](O)[C@H]1C)O2,0
NC1:N:C(=O):C2:C(:[NH]:1)NCC(CNC1:C:C:C(C(=O)N[C@@H](CCC(=O)[O-])C(=O)[O-]):C:C:1)N2C=O.[Ca+2],1
CN(C)[C@@H]1C(=O)/C(=C(\N)O)C(=O)[C@@]2(O)C(=O)C3=C(O)C4:C(O):C:C:C:C:4[C@@](C)(O)[C@H]3[C@H](O)[C@@H]12.O.O,0
COC1:C:C:C(CC2:N:C:C:C3:C:C(OC):C(OC):C:C:2:3):C:C:1OC,0
CC1(C)S[C@@H]2[C@H](NC(=O)CC3:C:C:C:C:C:3)C(=O)N2[C@H]1C(=O)O,0
CCOC1:C:C:C(NC(C)=O):C:C:1,0
NC1:C:C:C(N=NC2:C:C:C:C:C:2):C(N):N:1,0
CN(C)CCC(C1:C:C:C:C:C:1)C1:C:C:C:C:N:1,0
O=C1OC(C2:C:C:C(O):C:C:2)(C2:C:C:C(O):C:C:2)C2:C:C:C:C:C:21,0
CC(COC1:C:C:C:C:C:1)N(CCCl)CC1:C:C:C:C:C:1,0
CCCCC1C(=O)N(C2:C:C:C:C:C:2)N(C2:C:C:C:C:C:2)C1=O,0
CC(C)(C)NCC(O)C1:C:C:C(O):C(CO):N:1,0
CC1:N:C2:N(:C(=O):C:1CCN1CCC(C3:N:O:C4:C:C(F):C:C:C:3:4)CC1)CCCC2,1
CN1CC[C@@]2(C)C3:C:C(OC(=O)NC4:C:C:C:C:C:4):C:C:C:3N(C)[C@@H]12,1
CC1:C:C:C(CC2:C:N:C(NCCCCC3:N:C:C(Br):C:C:3C):[NH]:C:2=O):C:N:1,0
C#C[C@]1(O)CC[C@H]2[C@H]3[C@H](CC[C@@]21C)C1=C(CC(=O)CC1)C[C@H]3C,1
CC(C)(O/N=C(\C(=O)N[C@@H]1C(=O)N2C(C(=O)[O-])=C(C[N+]3:C:C:C:C:C:3)CS[C@H]12)C1:C:S:C(N):N:1)C(=O)O,1
NC1:[NH]:C(=O):N:C:C:1F,1
NC(N)=NCC1COC2(CCCCC2)O1,0
O=NN(CCCl)C(=O)NC1CCCCC1,1
O=S(=O)([O-])CCS.[Na+],0
CN(N=O)C(=O)N[C@H]1[C@@H](O)O[C@H](CO)[C@@H](O)[C@@H]1O,0
COC1:C:C([C@@H]2C3:C:C4:C(:C:C:3[C@@H](OC3OC5COC(C6:C:C:C:S:6)OC5C(O)C3O)[C@H]3COC(=O)[C@H]23)OCO4):C:C(OC):C:1O,1
S=P(N1CC1)(N1CC1)N1CC1,1
CN[C@H](CC(C)C)C(=O)NC1C(=O)N[C@@H](CC(N)=O)C(=O)N[C@H]2C(=O)N[C@H]3C(=O)N[C@H](C(=O)N[C@@H](C(=O)O)C4:C:C(O):C:C(O):C:4C4:C:C3:C:C:C:4O)[C@H](O)C3:C:C:C(:C(Cl):C:3)OC3:C:C2:C:C(:C:3O[C@@H]2O[C@H](CO)[C@@H](O)[C@H](O)[C@H]2O[C@H]2C[C@](C)(N)[C@H](O)[C@H](C)O2)OC2:C:C:C(:C:C:2Cl)[C@H]1O,0
CN1C(CSCC(F)(F)F)NC2:C:C(Cl):C(S(N)(=O)=O):C:C:2S1(=O)=O,0
C[C@]12C[C@H](O)[C@H]3[C@@H](CCC4=CC(=O)C=C[C@@]43C)[C@@H]1CC[C@]2(O)C(=O)CO,0
C[C@]12CC(=O)[C@H]3[C@@H](CCC4=CC(=O)C=C[C@@]43C)[C@@H]1CC[C@]2(O)C(=O)CO,0
CCCN(CCC)S(=O)(=O)C1:C:C:C(C(=O)O):C:C:1,0
CC(=O)[C@H]1CC[C@H]2[C@@H]3CCC4=CC(=O)CC[C@]4(C)[C@H]3CC[C@]12C,0
CC(C)NCC(O)COC1:C:C:C:C2:C:C:C:C:C:1:2,0
CC1OC(O[C@@H]2C=C3CC[C@@H]4[C@H](CC[C@]5(C)[C@@H](C6:C:C:C(=O):O:C:6)CC[C@]45O)[C@@]3(C)CC2)C(O)C(O)C1O,0
COC1:C:C:C(C[C@H](N)C(=O)NC2[C@@H](CO)O[C@@H](N3:C:N:C4:C(N(C)C):N:C:N:C:4:3)[C@@H]2O):C:C:1,0
NC(=O)C1:N:C:N([C@@H]2O[C@H](CO)[C@@H](O)[C@H]2O):N:1,0
CN=C(NC#N)NCCSCC1:C:S:C(N=C(N)N):N:1,1
C1:C:C(CN2CCCCC2):C:C(OCCCNC2:N:C3:C:C:C:C:C:3:S:2):C:1.O=C(O)/C=C\C(=O)O.O=C(O)/C=C\C(=O)O,1
OCC1:N:C:C2:N:1C1:C:C:C(Cl):C:C:1C(C1:C:C:C:C:C:1F)=NC2,1
CC(Cl)(Cl)Cl,1
CC(C)CO,1
CCC(C)(C)C,1
NC1:N:C:N:C2:C:1:N:C:N:2C1OC(CO)C(O)C1O,1
CN1CC2:C(C3:N:O:C(C(C)(CO)CO):N:3):N:C:N:2C2:C:C:C:C(Cl):C:2C1=O,0
S=C(NC1CCCCC1)N1CCC(C2:C:N:C:[NH]:2)CC1,1
COC1C=COC2(C)OC3:C(C):C(O):C4:C(:C:3C2=O)C(=O)C(=CNN2CCN(C)CC2)C(=C4O)NC(=O)C(C)=CC=CC(C)C(O)C(C)C(O)C(C)C(OC(C)=O)C1C,0
O=C(O)C1:C:C:C:C:C:1O,0
CN1[C@H]2CC(OC(=O)[C@H](CO)C3:C:C:C:C:C:3)C[C@@H]1[C@H]1O[C@@H]21,0
CC(=O)S[C@@H]1CC2=CC(=O)CC[C@]2(C)[C@H]2CC[C@@]3(C)[C@@H](CC[C@@]34CCC(=O)O4)[C@@H]21,0
C[C@]12CC3:C:N:[NH]:C:3C[C@@H]1CC[C@@H]1[C@@H]2CC[C@@]2(C)[C@H]1CC[C@]2(C)O,0
O=C(O)C1=C/C(=N\NC2:C:C:C(S(=O)(=O)NC3:C:C:C:C:N:3):C:C:2)C=CC1=O,0
CC(C)N1CCN(C2:C:C:C(OC[C@H]3CO[C@](CN4:C:N:C:N:4)(C4:C:C:C(Cl):C:C:4Cl)O3):C:C:2)CC1,0
C[C@]12CC[C@H]3[C@@H](CCC4=CC(=O)C=C[C@@]43C)[C@@H]1CCC(=O)O2,0
C[C@]12CC[C@H]3[C@@H](CCC4=CC(=O)CC[C@@]43C)[C@@H]1CC[C@@H]2O,0
CN(C)[C@@H]1C(=O)/C(=C(\N)O)C(=O)[C@@]2(O)C(=O)C3=C(O)C4:C(O):C:C:C:C:4[C@@](C)(O)[C@H]3C[C@@H]12,0
CCCC(C)CC,1
CCC(C)CC,1
CC1:N:C:C2:N:1C1:C:C:C(Cl):C:C:1C(C1:C:C:C:C:C:1F)=NC2O,1
CC1:C(N(C)C):C(=O):N(C2:C:C:C:C:C:2):N:1C,1
CC(C)NCC(O)COC1:C:C:C(CC(N)=O):C:C:1,0
C1:C:C:C:C:C:1,1
CC(C)(C)OC(=O)C1:N:C:N2:C:1[C@@H]1CCCN1C(=O)C1:C(Br):C:C:C:C:12,1
O=C(CCCN1CCC(O)(C2:C:C:C(Br):C:C:2)CC1)C1:C:C:C(F):C:C:1,1
OC(C1:C:C(C(F)(F)F):N:C2:C(C(F)(F)F):C:C:C:C:1:2)C1CCCCN1,1
CN1C2:C:C:C:C:C:2C(C2:C:C:C:C:C:2F)=NCC1CNC(=O)C1:C:C:S:C:1,1
C[C@]12CCC(=O)C=C1CC[C@@H]1[C@@H]2[C@@H](O)C[C@]2(C=O)[C@@H](C(=O)CO)CC[C@@H]12,0
O=C(CC1:C:C:C(Cl):C(Cl):C:1)N1CCCC[C@H]1CN1CCCC1,1
O=C(CC1:C:C:C(Cl):C(Cl):C:1)N1CCC2:C:C:C:C:C:2[C@H]1CN1CCCC1,1
O=C(CC1:C:C:C(C(F)(F)F):C:C:1)N1CCCC[C@H]1CN1CCCC1,1
O=C(CC1:C:C:C(Cl):C(Cl):C:1)N1CCC2:S:C:C:C:2[C@H]1CN1CCCC1,1
CN1:C(=O):C2:[NH]:C:N:C:2:N(C):C:1=O,0
NC1:N:C(=S):C2:[NH]:C:N:C:2:[NH]:1,0
CC1:C:C:C(S(=O)(=O)NC(=O)NN2CCCCCC2):C:C:1,0
CCCCNC(=O)NS(=O)(=O)C1:C:C:C(C):C:C:1,0
C[C@]12C[C@H](O)[C@@]3(F)[C@@H](CCC4=CC(=O)C=C[C@@]43C)[C@@H]1C[C@@H](O)[C@]2(O)C(=O)CO,0
NC1:N:C(N):C2:N:C(C3:C:C:C:C:C:3):C(N):N:C:2:N:1,0
NS(=O)(=O)C1:C:C2:C(:C:C:1Cl)NC(C(Cl)Cl)NS2(=O)=O,0
CC(C)C1NC(=O)[C@@H](C(C)C)OC(=O)[C@H](C(C)C)NC(=O)[C@H](C)OC(=O)[C@@H](C(C)C)NC(=O)[C@@H](C(C)C)OC(=O)[C@H](C(C)C)NC(=O)[C@H](C)OC(=O)[C@@H](C(C)C)NC(=O)[C@@H](C(C)C)OC(=O)[C@H](C(C)C)NC(=O)[C@H](C)OC1=O,0
COC1:C:C:C(CCN(C)CCCC(C#N)(C2:C:C:C(OC):C(OC):C:2)C(C)C):C:C:1OC,0
CC(=O)CC(C1:C:C:C:C:C:1)C1:C(O):O:C2:C:C:C:C:C:2:C:1=O,0
CCC(C)=O,1
C1CC1,1
NCCCN1C2:C:C:C:C:C:2CCC2:C:C:C:C:C:21,1
CCOCC,1
C=COC=C,1
FC(F)OC(F)(F)C(F)Cl,1
O=C(CC1:C:C:C(Cl):C(Cl):C:1)N1CCC2:[NH]:C:N:C:2[C@H]1CN1CCCC1,0
CC1(C)CCN(C(=O)CC2:C:C:C(Cl):C(Cl):C:2)[C@@H](CN2CCCC2)C1,1
CC(C)(C(=O)O)C1:C:C:C(C(=O)CCCN2CCC(OC(C3:C:C:C:C:C:3)C3:C:C:C:C:C:3)CC2):C:C:1,0
O=C(O)COCCN1CCN(C(C2:C:C:C:C:C:2)C2:C:C:C(Cl):C:C:2)CC1,0
O=C(O)C1:C:N(C2CC2):C2:C:C(N3CCNCC3):C(F):C:C:2:C:1=O,0
CCC1:C(O):C(=O):C:C:N:1CCO,0
CCC1:C(O):C(=O):C:C:N:1CCCCO,0
COC(=O)[C@H]1[C@@H](O)CC[C@H]2CN3CCC4:C(:[NH]:C5:C:C:C:C:C:4:5)[C@@H]3C[C@@H]21,0
CC1:C:N([C@H]2C[C@H](N=[N+]=[N-])[C@@H](CO)O2):C(=O):[NH]:C:1=O,0
CC(=O)C1:C:C:C2:C(:C:1)N(CCCN(C)C)C1:C:C:C:C:C:1S2,1
CC(=O)C1:C:C:C2:C(:C:1)N(CCCN1CCN(CCO)CC1)C1:C:C:C:C:C:1S2,1
CC(=O)NC1:N:N:C(S(N)(=O)=O):S:1,1
C=CCC1(CC=C)C(=O)NC(=O)NC1=O,1
NC12CC3CC(CC(C3)C1)C2.[Cl-].[H+],1
CCC1(CCC(C)C)C(=O)NC(=O)NC1=O,1
CC(N)CC1:C:C:C:C:C:1,1
CCO,1
CCOC(=O)C1:N:C:N2:C:1CN(C)C(=O)C1:C:C(F):C:C:C:12,1
CN1C(=O)CN=C(C2:C:C:C:C:C:2F)C2:C:C([N+](=O)[O-]):C:C:C:21,1
C=COCC(F)(F)F,1
FC(F)(F)C(Cl)Br,1
CCCCCCC,1
CCCCCC,1
CC1:C(O):C(=O):C:C:N:1C,1
CCN1:C:C:C(=O):C(O):C:1C,1
CCCCN1:C:C:C(=O):C(O):C:1C,1
CCCCCN1:C:C:C(=O):C(O):C:1C,1
CC1:C(O):C(=O):C:C:N:1CCCO,0
CCC1:C(O):C(=O):C:C:N:1CC,1
CN1CCN(C2:C:C3:C(:C:C:2F):C(=O):C(C(=O)O):C:N:3C2:C:C:C(F):C:C:2)CC1,0
CC1:C:C(=O):N(C2:C:C:C:C:C:2):N:1C,1
CN1CCC2:C:C:C:C3:C:2[C@H]1CC1:C:C:C(O):C(O):C:13,1
COC(=O)C1=CCCN(C)C1,1
O=C(CCCN1CCN(C2:C:C:C:C:N:2)CC1)C1:C:C:C(F):C:C:1,1
CCN(CC)CCOC(=O)C(O)(C1:C:C:C:C:C:1)C1:C:C:C:C:C:1.[Cl-].[H+],1
O=C(CCCN1CCC(N2:C(=O):[NH]:C3:C:C:C:C:C:3:2)CC1)C1:C:C:C(F):C:C:1,1
CCOC(=O)C1:C:C:C(N):C:C:1,1
CCN(CC)C(=O)C1CN2CCC3:C:C(OC):C(OC):C:C:3C2CC1OC(C)=O,1
CN1C2CCC1CC(OC(C1:C:C:C:C:C:1)C1:C:C:C:C:C:1)C2.O=S(=O)(O)O,1
OC(CCN1CCCCC1)(C1:C:C:C:C:C:1)C1CC2C=CC1C2,1
CN1C(=O)NC(=O)C(C)(C2=CCCCC2)C1=O,1
CC(C)(C)NC(=O)[C@@H]1CN(CC2:C:C:C:N:C:2)CCN1C[C@@H](O)C[C@@H](CC1:C:C:C:C:C:1)C(=O)N[C@H]1C2:C:C:C:C:C:2C[C@H]1O,1
FC(F)OC(Cl)C(F)(F)F,1
C=CCC1(C(C)C#CCC)C(=O)NC(=O)N(C)C1=O,1
COC(F)(F)C(Cl)Cl,1
CC1CCCC1,1
CN(C)CCOC(C)(C1:C:C:C:C:C:1)C1:C:C:C:C:N:1,1
CN(C(=O)CC1:C:C:C:C:C:1N)[C@@H](CN1CC[C@@H](O)C1)C1:C:C:C:C:C:1,0
CCN1:C:C(C(=O)O):C(=O):C2:C:C(F):C(N3CCNCC3):N:C:2:1,0
CN1CCN(C2:C(F):C:C3:C(=O):C(C(=O)O):C:N(CCF):C:3:C:2F)CC1,0
CC(=O)N1CCN(C(=O)CC2:C:C:C(Cl):C(Cl):C:2)[C@@H](CN2CCCC2)C1,1
O=C(CC1:C:C:C(Cl):C(Cl):C:1)N1CCC2:O:C:C:C:2[C@H]1CN1CCCC1,1
COC(=O)N1CCN(C(=O)CC2:C:C:C(Cl):C(Cl):C:2)[C@@H](CN2CCCC2)C1,1
O=C1CN=C(C2:C:C:C:C:N:2)C2:C:C(Br):C:C:C:2N1,1
CC(C)(C)C1:C:C:C(CN2CCN(C(C3:C:C:C:C:C:3)C3:C:C:C(Cl):C:C:3)CC2):C:C:1,1
CN(C)CCC1:C:[NH]:C2:C:C:C(O):C:C:1:2,1
CC(NC(C)(C)C)C(=O)C1:C:C:C:C(Cl):C:1,1
O=C(NCC1:C:C:C:C:C:1)OCCO,1
CCC(C)C1(CC)C(=O)NC(=O)NC1=O,1
CN1:C(=O):C2:C(:N:C:N:2C):N(C):C:1=O,1
C=C(C)[C@@H]1CCC(C)=CC1C1:C(O):C:C(CCCCC):C:C:1O,1
CCC(C)C(CC)C(=O)NC(N)=O,1
NC(=O)N1C2:C:C:C:C:C:2C=CC2:C:C:C:C:C:21,1
CSC1:C:C:C2:C(:C:1)N(CCC1CCCNC1)C1:C:C:C:C:C:1S2,1
CN1:C(=O):[NH]:C2:N:C:N(C):C:2:C:1=O,1
CCCCC,1
CCCO,1
CC(C)=O,1
CCOC(=O)N1CCN(C(=O)CC2:C:C:C(Cl):C(Cl):C:2)[C@@H](CN2CCCC2)C1,1
CCCOC(=O)N1CCN(C(=O)CC2:C:C:C(Cl):C(Cl):C:2)[C@@H](CN2CCCC2)C1,1
O=C(CC1:C:C:C(Cl):C(Cl):C:1)N1CCC2:O:C:C:C:2[C@H]1CN1CC[C@@H](O)C1,1
CC(=O)N1CCN(C(=O)CC2:C:C:C(Cl):C(Cl):C:2)[C@@H](CN2CC[C@@H](O)C2)C1,0
CC(=O)N1CCN(C(=O)CC2:C:C:C(C(F)(F)F):C:C:2)[C@@H](CN2CC[C@@H](O)C2)C1,0
CSC1:C:C:C(CC(=O)N2CCN(C(C)=O)C[C@@H]2CN2CC[C@@H](O)C2):C:C:1,0
CC(=O)N1CCN(C(=O)CC2:C:C(F):C:C(F):C:2)[C@@H](CN2CC[C@@H](O)C2)C1,0
COC1:C:C:C:C(CC(=O)N2CCN(C(C)=O)C[C@@H]2CN2CC[C@@H](O)C2):C:1,0
CC(=O)N1CCN(C(=O)CC2:C:C:C([N+](=O)[O-]):C:C:2)[C@@H](CN2CC[C@H](O)C2)C1,0
COC1:C:C:C(CC(=O)N2CCN(C(C)=O)C[C@@H]2CN2CC[C@@H](O)C2):C:C:1,0
CCC(=O)C1:C:C:C2:C(:C:1)N(CCCN1CCN(CCO)CC1)C1:C:C:C:C:C:1S2,1
CCCCNC1:C(C(=O)OCC):C:N:C2:C:1:C:N:N:2CC,1
NN1:C:N:C2:C:C3:C:C:C:C:C:3:C:C:2:C:1=O,1
OC(O)C(Cl)(Cl)Cl,1
CN=C1CN(O)C(C2:C:C:C:C:C:2)=C2:C:C(Cl):C:C:C:2=N1,1
CN(C)CCCN1C2:C:C:C:C:C:2SC2:C:C:C(Cl):C:C:21,1
CN(C)CC/C=C1/C2:C:C:C:C:C:2SC2:C:C:C(Cl):C:C:21,1
O=C1:[NH]:C2:C:C(Cl):C:C:C:2:O:1,1
C[N+](C)(C)CCO,1
CN1C(=O)CC(=O)N(C2:C:C:C:C:C:2)C2:C:C(Cl):C:C:C:21,1
O=C(O)CNC(=O)C1:C:C:C:C:C:1O,1
CN1CCCCC1CCN1C2:C:C:C:C:C:2SC2:C:C:C(S(C)(=O)=O):C:C:21,1
FC(Br)C(F)(F)F,1
CN1:C:N:C2:C:1:C(=O):[NH]:C(=O):N:2C,1
CCCC(C)C1(CC)C(=O)NC(=S)NC1=O,0
CC1:C:C:C:C:C:1,1
CC1:N:N:C2:N:1C1:C:C:C(Cl):C:C:1C(C1:C:C:C:C:C:1Cl)=NC2,1
CC(=O)N1CCN(C(=O)CC2:C:C:C:C([N+](=O)[O-]):C:2)[C@@H](CN2CC[C@H](O)C2)C1,0
CC(=O)N1CCN(C(=O)CC2:C:C:C:C:C:2)[C@@H](CN2CC[C@@H](O)C2)C1,0
CC(=O)N1CCN(C(=O)CC2:C:C:C([S@@](C)=O):C:C:2)[C@@H](CN2CC[C@H](O)C2)C1,0
CC(=O)N1CCN(C(=O)CC2:C:C:C(S(C)(=O)=O):C:C:2)[C@@H](CN2CC[C@H](O)C2)C1,0
CC(C)[C@@H](CN1CCCC1)N(C)C(=O)CC1:C:C:C(Cl):C(Cl):C:1,1
CN(C(=O)CC1:C:C:C(Cl):C(Cl):C:1)[C@@H](CN1CCCC1)C1:C:C:C:C:C:1,1
CC1:C:C(N/C(O)=C2\C(=O)C3:C:C:C:C:C:3S(=O)(=O)N2C):N:O:1,0
C=CCN1CC[C@]23CCCC[C@H]2[C@H]1CC1:C:C:C(O):C:C:13,1
CCN1:C:C(C(=O)O):C(=O):C2:C:C(F):C(N3CCNC(C)C3):C(F):C:2:1,0
CN(C)CCCN1C2:C:C:C:C:C:2CCC2:C:C:C(Cl):C:C:21,1
O=C1CN=C(C2:C:C:C:C:C:2Cl)C2:C:C([N+](=O)[O-]):C:C:C:2N1,1
OCCN1CCN(CC/C=C2/C3:C:C:C:C:C:3SC3:C:C:C(Cl):C:C:32)CC1,1
O=C1:[NH]:C2:C:C(Cl):C:C:C:2:N:1C1CCN(CCCC(C2:C:C:C(F):C:C:2)C2:C:C:C(F):C:C:2)CC1,1
COC(=O)[C@@H]1C2CCC(C[C@@H]1OC(=O)C1:C:C:C:C:C:1)N2C,1
COC1:C:C:C2:C3:C:1O[C@H]1[C@@H](O)C=C[C@H]4[C@@H](C2)N(C)CC[C@]314,1
CC1C2CC3:C:C:C(O):C:C:3C1(C)CCN2CC1CC1,1
FC(F)(F)C1:C:C:C2:C(:C:1)N(CCCN1CCN(C3CC3)CC1)C1:C:C:C:C:C:1S2,1
CN(C)CCO,1
CCOC(=O)C1(C2:C:C:C:C:C:2)CCN(C)CC1.[Cl-].[H+],1
ClC=C(Cl)Cl,1
ClC(Cl)Cl,1
NCCC1:N:C:C:S:1,1
NCCC1:N:C(C2:C:C:C:C:C:2):C:S:1,0
CC1:C:C:C:C(C):C:1,1
CCOC(=O)N1CCC(=C2C3:C:C:C(Cl):C:C:3CCC3:C:C:C:N:C:32)CC1,0
CC1:C:N:C(N/C(O)=C2/C(=O)C3:C:C:C:C:C:3S(=O)(=O)N2C):S:1,0
C=CCN1CC[C@]23C4:C5:C:C:C(O):C:4O[C@H]2[C@@H](O)C=C[C@H]3[C@H]1C5,1
O=C1CC[C@@]2(O)[C@H]3CC4:C:C:C(O):C5:C:4[C@@]2(CCN3CC2CC2)[C@H]1O5,1
CCN1:C:C(C(=O)O):C(=O):C2:C:C(F):C(N3CCNCC3):C:C:2:1,0
CCN1:C:C(C(=O)O):C(=O):C2:C:C(F):C(N3CCN(C)CC3):C:C:2:1,0
CN1/C(=C(/O)NC2:C:C:C:C:N:2)C(=O)C2:C:C:C:C:C:2S1(=O)=O,0
CS(=O)(=O)O.OC1:C:C:C2:[NH]:C:C(CCCCN3CC=C(C4:C:C:C:C:C:4)CC3):C:2:C:1,1
COC(=O)[C@H]1[C@H]2C[C@@H]3C4:[NH]:C5:C:C:C:C:C:5:C:4CCN3C[C@H]2C[C@@H](OC(=O)C2:C:C(OC):C(OC):C(OC):C:2)[C@@H]1OC,1
CNCCCN1C2:C:C:C:C:C:2CCC2:C:C:C:C:C:21,1
CN1C(=O)CN=C(C2:C:C:C:C:C:2)C2:C:C(Cl):C:C:C:21,1
COC1:C:C:C2:C3:C:1O[C@H]1[C@@H](O)CC[C@H]4[C@@H](C2)N(C)CC[C@]314,1
CN1CCC23C4:C5:C:C:C(O):C:4OC2C(O)CCC3C1C5,1
CN(C)CCOC(C1:C:C:C:C:C:1)C1:C:C:C:C:C:1,1
O=C1NC(=O)C(C2:C:C:C:C:C:2)(C2:C:C:C:C:C:2)N1,1
CC(CN1CCN(CCOCCO)CC1)CN1C2:C:C:C:C:C:2SC2:C:C:C:C:C:21,1
COC(=O)C1:C:C:C(C(=O)OC):C:C:1,1
CC1:C:C:C:C:C:1C,1
CC1:C:C:C(C):C:C:1,1
CC(C)O,1
CC[C@H](NC(=O)C1:C(C):C(C2:C:C:C:C:C:2):N:C2:C:C:C:C:C:1:2)C1:C:C:C:C:C:1,1
CC(C)NC1:C:C:C:N:C:1N1CCN(C(=O)C2:C:C3:C:C(NS(C)(=O)=O):C:C:C:3:[NH]:2)CC1,0
CC(C)(C)C1:C:C:C(C(=O)CCCN2CCC(OC(C3:C:C:C:C:C:3)C3:C:C:C:C:C:3)CC2):C:C:1,0
CN1CCN(CC(=O)N2C3:C:C:C:C:C:3C(=O)NC3:C:C:C:N:C:32)CC1,1
CCCNC(=O)C1:C:C:C2:C(:C:1)N([C@@H](C)CN1CCCC1)C1:C:C:C:C:C:1S2,1
CN1CCN(C2:C(F):C:C3:C(=O):C(C(=O)O):C:N4:C:3:C:2SCC4)CC1,0
CC(C)(C)NCC(O)C1:C:C:C(O):C(CO):C:1,0
CN1CCN(C(=O)CC2:C:C:C(Cl):C(Cl):C:2)[C@@H](CN2CCCC2)C1,1
O=C(CC1:C:C:C(Cl):C(Cl):C:1)N1CCN2:C:C:N:C:2[C@H]1CN1CCCC1,1
O=C1NC(=O)[C@@]2(CCN(C(=O)CC3:C:C:C(Cl):C(Cl):C:3)[C@@H](CN3CCCC3)C2)N1,0
O=C(CC1:C:C:C(Cl):C(Cl):C:1)N1CCN2:C:C:N:C:2[C@H]1CN1CC[C@@H](O)C1,0
O=C(CC1:C:C:C(Cl):C(Cl):C:1)N1CCN2:N:C:N:C:2[C@H]1CN1CCCC1,1
O=C(CC1:C:C:C(Cl):C(Cl):C:1)N1CCN(CCO)C[C@@H]1CN1CC[C@@H](O)C1,0
CN(C)CC/C=C1/C2:C:C:C:C:C:2COC2:C:C:C:C:C:21.[Cl-].[H+],1
CN(C)CCOC(C)(C1:C:C:C:C:C:1)C1:C:C:C:C:N:1.O=C(O)CCC(=O)O,1
O=C(CCCN1CC=C(N2:C(=O):[NH]:C3:C:C:C:C:C:3:2)CC1)C1:C:C:C(F):C:C:1,1
C/C=C(\CC)C(=O)NC(N)=O,1
CCC(C)(CC)OC(N)=O,1
ClC1:C:C:C2:C(:C:1)C(C1:C:C:C:C:C:1)=NCC1:N:N:C:N:12,1
CCC1:C:C:C:C:C:1N1:C(C):N:C2:C:C:C:C:C:2:C:1=O,1
CCOC(=O)C1:C:N:C2:C(:C:N:N:2CC):C:1NN=C(C)C,1
C#CC(O)(/C=C/Cl)CC,1
C#CC1(OC(N)=O)CCCCC1,1
S=C(NC1CCCCC1)N1CCC(C2:C:[NH]:C:N:2)CC1,1
CN1CC[C@@H]2C3:C:C(Cl):C:C:C:3OC3:C:C:C:C:C:3[C@H]2C1,1
O=C1CCCN1CCCCN1CCN(C2:C:C(C(F)(F)F):C:C(Cl):N:2)CC1,1
ClC1:C:C:C2:C(:C:1)[C@H]1CCNC[C@@H]1C1:C:C:C:C:C:1O2,1
O=C(CC1:C:C:C(Cl):C(Cl):C:1)N1CCC2:[NH]:C:N:C:2[C@H]1CN1CC[C@@H](O)C1,0
CC[C@H](NC(=O)C1:C(O):C(C2:C:C:C:C:C:2):N:C2:C:C:C:C:C:1:2)C1:C:C:C:C:C:1,1
CC[C@H](NC(=O)C1:C(OCCCN(C)C):C(C2:C:C:C:C:C:2):N:C2:C:C:C:C:C:1:2)C1:C:C:C:C:C:1,1
CC[C@H](NC(=O)C1:C(OCC(=O)O):C(C2:C:C:C:C:C:2):N:C2:C:C:C:C:C:1:2)C1:C:C:C:C:C:1,0
CC[C@H](NC(=O)C1:C(OCCCC(=O)O):C(C2:C:C:C:C:C:2):N:C2:C:C:C:C:C:1:2)C1:C:C:C:C:C:1,0
CC[C@H](NC(=O)C1:C(OCCNC(=O)CC2:C:C:C:C:C:2C(=O)O):C(C2:C:C:C:C:C:2):N:C2:C:C:C:C:C:1:2)C1:C:C:C:C:C:1,0
CC[C@H](NC(=O)C1:C(OCCNC(=O)CC2:C:C:C:C:N:2):C(C2:C:C:C:C:C:2):N:C2:C:C:C:C:C:1:2)C1:C:C:C:C:C:1,0
CC[C@H](NC(=O)C1:C(OCCNC(=O)[C@@H]2CCCN2):C(C2:C:C:C:C:C:2):N:C2:C:C:C:C:C:1:2)C1:C:C:C:C:C:1,0
CC[C@H](NC(=O)C1:C(CN2:C:C:N:C:2):C(C2:C:C:C:C:C:2):N:C2:C:C:C:C:C:1:2)C1:C:C:C:C:C:1,0
C[C@H]1CN(C2:C(F):C(N):C3:C(=O):C(C(=O)O):C:N(C4CC4):C:3:C:2F)C[C@@H](C)N1,0
CCC1(C)CC(=O)NC1=O,1
CCC1:C:C:C2:C(:C:1)N(CC(C)CN(C)C)C1:C:C:C:C:C:1S2,1
OCCN1CCN(CC/C=C2/C3:C:C:C:C:C:3SC3:C:C:C(C(F)(F)F):C:C:32)CC1,1
OCCN1CCN(CCCN2C3:C:C:C:C:C:3SC3:C:C:C(C(F)(F)F):C:C:32)CC1,1
CCN(CC)CCN1C(=O)CN=C(C2:C:C:C:C:C:2F)C2:C:C(Cl):C:C:C:21,1
COC1:C:C2:C3:C(:C:1O)C1(C=CC(=O)C=C1)CC3N(C)CC2,1
CCC1(C2:C:C:C:C:C:2)CCC(=O)NC1=O,1
O=C(CCCN1CCC(O)(C2:C:C:C(Cl):C:C:2)CC1)C1:C:C:C(F):C:C:1,1
CC1:[NH]:C:C:C2:C:1:[NH]:C1:C:C(=O):C:C:C:1:2,1
CC1:N:C:C:C2:C:1:[NH]:C1:C:C:C:C:C:1:2,1
O=[N+]([O-])C1:C:C:[NH]:C:1NCCSCC1:C:C:C:C:N:1,1
CC1:C:C(C(C)(C)SC(C)(C)CNC2:[NH]:C:C:C:2[N+](=O)[O-]):N:C(C):C:1C,1
CC1:O:C(C(C)(C)N(C(C)(C)N)C(C)(C)N):C(C):C:1C.C[NH+]O.[OH-],1
CC1:C:[NH+]:[O+]:C(C([NH])CC(C)C(C)(C)N(C(C)(C)C)C(C)(N)N):C:1[O-],1
CCNCC1:C(CSC):C:N:C(C):C:1O,1
CN1/C(=C(\O)NC2:C:C:C:C:N:2)C(=O)C2:S:C:C:C:2S1(=O)=O,0
CC(C)(C)C1:C:C:C(C(O)CCCN2CCC(C(O)(C3:C:C:C:C:C:3)C3:C:C:C:C:C:3)CC2):C:C:1,0
CN(C(=O)CC1:C:C:C(Cl):C(Cl):C:1)C1CCCC[C@H]1N1CCCC1,1
CC(=O)OC1:C:C:C2:C3:C:1O[C@H]1[C@@H](OC(C)=O)C=C[C@H]4[C@@H](C2)N(C)CC[C@]314,1
C#CCC1(OC(N)=O)CCCCC1,1
OCCN1CCCN(CCCN2C3:C:C:C:C:C:3SC3:C:C(C(F)(F)F):C:C:C:32)CC1.[Cl-].[Cl-].[H+].[H+],1
COC1:C:C:C2:C3:C:1O[C@H]1C(=O)CC[C@H]4[C@@H](C2)N(C)CC[C@]314,1
CCC(O)(COC(N)=O)C1:C:C:C:C:C:1,1
OCCOCCN1CCN(C(C2:C:C:C:C:C:2)C2:C:C:C(Cl):C:C:2)CC1,1
CN(C)CCCN1C2:C:C:C:C:C:2CCC2:C:C:C:C:C:21,1
CNC1(C2:C:C:C:C:C:2Cl)CCCCC1=O,1
O=C(O)C1:C:C(=O):C2:C:C:C:C:C:2:[NH]:1,1
CC1:C:C:C(CC2=CNC(NCCSCC3:C:C:C(CN(C)C):O:3)=NC2):C:N:1,0
CN(C)C1:C:C(C2:N:[NH]:C(N):N:2):C:C:N:1,0
CN1:C(=O):C2:N:C:[NH]:C:2:N(C):C:1=O,1
O=C(CCCN1CCC(C(=O)C2:C:C:C(F):C:C:2)CC1)C1:C:C:C(F):C:C:1,1
CN1CC[C@]23CCCC[C@H]2[C@H]1CC1:C:C:C(O):C:C:13,1
CCN(CC)CC(=O)NC1:C(C):C:C:C:C:1C,1
O=C1NC2:C:C:C(Cl):C:C:2C(C2:C:C:C:C:C:2Cl)=NC1O,1
CC(C)N1CCC(N(C(=O)CC2:C:C:C:C:C:2)C2:C:C:C(Cl):C:C:2)CC1,1
CN(C)CCOC(=O)COC1:C:C:C(Cl):C:C:1,1
CC1:N:C2:C:C:C:C:C:2:C(=O):N:1C1:C:C:C:C:C:1Cl,1
CN1CCN=C(C2:C:C:C:C:C:2)C2:C:C(Cl):C:C:C:21,1
CCCC(C)(COC(N)=O)COC(N)=O,1
COC1:C:C2:C(:C(CN[C@@H]3CCCN[C@H]3C3:C:C:C:C:C:3):C:1)OCC2,1
NCCN1:N:C:C2:C:C(Cl):C(Cl):C:C:2:1,1
NC1:N:C(NC2CC2):C2:N:C:N([C@H]3C=C[C@@H](CO)C3):C:2:N:1,1
NC1:N:C(=O):C2:N:C:N(COCCO):C:2:[NH]:1,1
CCCSC1:C:C:C2:N:C(NC(=O)OC):[NH]:C:2:C:1,1
NCCCNCCSP(=O)(O)O,0
COC1:C:C(CCN):C:C(OC):C:1OC,1
CN1CCCCC1CCN1C2:C:C:C:C:C:2SC2:C:C:C(S(C)=O):C:C:21,1
CN[C@@H](C)CC1:C:C:C:C:C:1,1
CC1:C:C:C:C:C:1N1:C(C):N:C2:C:C:C:C:C:2:C:1=O,1
COC1:C:C:C:C:C:1OCC(O)COC(N)=O,1
COC1:C:C:C2:C(:C:1)N(CCCN(C)C)C1:C:C:C:C:C:1S2,1
COC1:C:C:C2:C(:C:1)N(C[C@H](C)CN(C)C)C1:C:C:C:C:C:1S2,1
C#CC(C)(O)CC,1
COC(=O)C(C1:C:C:C:C:C:1)C1CCCCN1,1
CCC1(CC)C(=O)NCC(C)C1=O,1
NCC[C@H](O)C(=O)N[C@@H]1C[C@H](N)[C@@H](O[C@H]2O[C@H](CN)[C@@H](O)[C@H](O)[C@H]2O)[C@H](O)[C@H]1O[C@H]1O[C@H](CO)[C@@H](O)[C@H](N)[C@H]1O,1
NC1:C:C:C(C(=O)O):C(O):C:1,0
NC1:C:C:N([C@@H]2O[C@H](CO)[C@@H](O)[C@@H]2O):C(=O):N:1,1
CN(C)N/N=C1/N=CN=C1C(N)=O,1
COC1:C:C:C:C2:C:1C(=O)C1:C(O):C3:C(:C(O):C:1C2=O)C[C@@](O)(C(C)=O)C[C@@H]3O[C@H]1C[C@H](N)[C@H](O)[C@H](C)O1,0
CN(C)[C@@H]1C(=O)/C(=C(\N)O)C(=O)[C@@]2(O)C(=O)C3=C(O)C4:C(O):C:C:C(Cl):C:4[C@@H](O)[C@H]3C[C@@H]12,0
O=C1CC(=O)N(C2:C:C:C:C:C:2)C2:C:C(Cl):C:C:C:2N1,1
CNCCCN1C2:C:C:C:C:C:2SC2:C:C:C:C:C:21,1
C[C@@H](CN1CC(=O)NC(=O)C1)N1CC(=O)NC(=O)C1,0
CC1:N:C:C2:N:1C1:C:C:C(Cl):C:C:1C(C1:C:C:C:C:C:1F)=NC2.O=C(O)/C=C\C(=O)O,1
CC1:C:C:C(C2(O)CCN(CCCC(=O)C3:C:C:C(F):C:C:3)CC2):C:C:1,1
CN1CC[C@]23C4:C5:C:C:C(O):C:4O[C@H]2C(O)C=C[C@H]3[C@H]1C5,1
CN1CC=C(C2:C:C:C:C:C:2)CC1,1
C=CCN1CC[C@]23C4:C5:C:C:C(O):C:4O[C@H]2C(=O)CC[C@@]3(O)[C@H]1C5,1
CN1CCC[C@H]1C1:C:C:C:N:C:1,1
O=C1CN=C(C2:C:C:C:C:C:2)C2:C:C([N+](=O)[O-]):C:C:C:2N1,1
O=C1CN=C(C2:C:C:C:C:C:2)C2:C:C(Cl):C:C:C:2N1,1
CNCCC=C1C2:C:C:C:C:C:2CCC2:C:C:C:C:C:21,1
CC1:C:C:C:C:C:1C(OCCN(C)C)C1:C:C:C:C:C:1,1
COC1:C:C:C2:C(:C:1)[C@]13CCCC[C@@H]1[C@H](C2)N(C)CC3,1
CN1C[C@H](C(=O)N[C@]2(C)O[C@@]3(O)[C@@H]4CCCN4C(=O)[C@H](CC4:C:C:C:C:C:4)N3C2=O)C[C@@H]2C3:C:C:C:C4:[NH]:C:C(:C:3:4)C[C@H]21,0
CCN(CC)C(=S)SSC(=S)N(CC)CC,1
O=C1NC2:C:C:C(Cl):C:C:2[C@@](C#CC2CC2)(C(F)(F)F)O1,0
CCOC(=O)[C@H](CCC1:C:C:C:C:C:1)N[C@@H](C)C(=O)N1CCC[C@H]1C(=O)O,0
CC[C@@H](CO)NCCN[C@@H](CC)CO,0
CC[C@@]1(O)C[C@H](OC2CC(N(C)C)C(OC3CC(O)C(OC4CCC(=O)C(C)O4)C(C)O3)C(C)O2)C2:C(:C:C3:C(:C:2O)C(=O)C2:C(O):C:C:C:C:2C3=O)[C@H]1C(=O)OC,0
CC1(C)S[C@@H]2[C@H](NC(=O)CCC[C@@H](N)C(=O)O)C(=O)N2[C@H]1C(=O)O,0
CNCC(O)C1:C:C:C(O):C(O):C:1,0
COC1:C:C:C:C2:C:1C(=O)C1:C(O):C3:C(:C(O):C:1C2=O)CC(O)(C(=O)CO)CC3O,0
C=CCSCC(=O)NC1C(=O)N2C1SC(C)(C)C2C(=O)[O-].[Na+],0
CC1(C)S[C@@H]2[C@H](NC(=O)C34C[C@@H]5C[C@@H](CC(N)(C5)C3)C4)C(=O)N2[C@H]1C(=O)O,0
CC(C)(C)C(=O)OCOC(=O)C1N2C(=O)[C@@H](N=CN3CCCCCC3)[C@H]2SC1(C)C,0
CN(C)[C@@H]1C(=O)/C(=C(\N)O)C(=O)[C@@]2(O)C(=O)C3=C(O)C4:C(:C:C:C(N):C:4O)C[C@H]3C[C@@H]12,0
CC(=O)[C@]1(N)CC2:C(O):C3:C(:C(O):C:2[C@@H](O[C@H]2C[C@H](O)[C@H](O)CO2)C1)C(=O)C1:C:C:C:C:C:1C3=O.[Cl-].[H+],0
CC1(C)S[C@@H]2C(NC(=O)[C@H](NC(=O)C3:C:[NH]:C4:C:C:C:N:C:4:C:3=O)C3:C:C:C:C:C:3)C(=O)N2[C@H]1C(=O)O,0
CN(C)[C@@H]1C(=O)/C(=C(/O)NC(C(=O)O)N2CCN(CCO)CC2)C(=O)[C@@]2(O)C(=O)C3=C(O)C4:C(O):C:C:C:C:4[C@@](C)(O)[C@H]3C[C@@H]12,0
CN[C@@H]1[C@@H](O[C@H]2O[C@H](CO)[C@@H](N)[C@H](O)[C@H]2O)O[C@H]2C[C@@H](N)[C@H](O[C@@H]3[C@@H](N)C[C@@H](N)[C@H](O)[C@H]3O)O[C@@H]2[C@@H]1O,0
NCC[C@H](O)C(=O)N[C@@H]1C[C@H](N)[C@@H](O[C@H]2O[C@H](CN)CC[C@H]2N)[C@H](O)[C@H]1O[C@H]1O[C@H](CO)[C@@H](O)[C@H](N)[C@H]1O,0
CNC(=O)C[C@@H](N)C(=O)N[C@@H](C(=O)N[C@@H]1C(=O)N2[C@@H](C(=O)O)C(C)(C)S[C@H]12)C1:C:C:C(O):C:C:1,0
CO[C@H]1[C@@H](O)[C@H](N)[C@@H](O[C@H]2O[C@H](C(C)N)CC[C@H]2N)[C@H](O)[C@@H]1N(C)C(=O)CN,0
C[C@H]1[C@H](NC(=O)/C(=N\OC(C)(C)C(=O)O)C2:C:S:C([NH3+]):N:2)C(=O)N1S(=O)(=O)[O-],0
CCOC(=O)OC(C)OC(=O)[C@@H]1N2C(=O)[C@@H](N=CN3CCCCCC3)[C@H]2SC1(C)C,0
NCC1OC(OC2C(N)CC(N)C(OC3OC(CO)C(O)C(N)C3O)C2O)C(N)C(O)C1O,0
NC(CO)C(=O)NNCC1:C:C:C(O):C(O):C:1O,0
CC(C)COCC(CN(CC1:C:C:C:C:C:1)C1:C:C:C:C:C:1)N1CCCC1,0
CC[C@H]1OC(=O)[C@H](C)[C@@H](OC2CC(C)(OC)C(O)C(C)O2)C(C)[C@@H](OC2OC(C)CC(N(C)C)C2O)[C@](C)(O)C[C@@H](C)C(=O)[C@H](C)[C@@H](O)[C@H]1C,0
NCCC(O)CNC1CC(N)C(OC2OC(CN)C(O)C(O)C2O)C(O)C1OC1OC(CO)C(O)C(N)C1O,0
CC(C)(C)NCC(O)C1:C:C:C(O):C(NC(N)=O):C:1,0
CC1(C)S[C@@H]2[C@H](NC(=O)C(C(=O)OC3:C:C:C:C:C:3)C3:C:C:C:C:C:3)C(=O)N2[C@H]1C(=O)O,0
CC1(C)S[C@@H]2[C@H](NC(=O)C(C(=O)OC3:C:C:C4:C(:C:3)CCC4)C3:C:C:C:C:C:3)C(=O)N2[C@H]1C(=O)O,0
CC(=O)[C@]1(O)CC2:C(O):C3:C(:C(O):C:2C(OC2CC(N)C(O)C(C)O2)C1)C(=O)C1:C(O):C:C:C:C:1C3=O,0
NC(=O)OCC1[C@H](NC(=O)/C(=N\OCC(=O)O)C2:C:S:C(N):N:2)C(=O)N1S(=O)(=O)O,0
N[C@@H](C(=O)N[C@@H]1C(=O)N2C(C(=O)O)=C(Cl)CS[C@H]12)C1:C:C:C:C:C:1,0
CC1=C(C(=O)O)N2C(=O)[C@@H](NC(=O)[C@H](N)C3:C:C:C(O):C:C:3)[C@H]2SC1,0
CC1=C(C(=O)O)N2C(=O)[C@@H](NC(=O)[C@H](N)C3:C:C:C:C:C:3)[C@H]2SC1,0
CC(=O)OCC1=C(C(=O)O)N2C(=O)[C@@H](NC(=O)CC3:C:C:C:C:C:3)[C@H]2SC1,0
CC1:N:N:C(SCC2=C(C(=O)O)N3C(=O)[C@@H](NC(=O)C(N)C4:C:C:C(O):C:C:4)[C@H]3SC2):S:1,0
NC(C(=O)N[C@@H]1C(=O)N2C(C(=O)O)=C(CSC3:C:N:[NH]:N:3)CS[C@H]12)C1:C:C:C(O):C:C:1,0
CN1:N:N:N:C:1SCC1=C(C(=O)[O-])N2C(=O)[C@@H](NC(=O)CSC(F)(F)F)[C@H]2SC1.[Na+],0
CC1:N:N:C(SCC2=C(C(=O)O)N3C(=O)[C@@H](NC(=O)CN4:C:C(Cl):C(=O):C(Cl):C:4)[C@H]3SC2):S:1,0
CC1:N:N:C(SCC2=C(C(=O)O)N3C(=O)[C@@H](NC(=O)[C@H](O)C4:C:C:C:C:C:4)[C@H]3SC2):S:1,0
CC1:N:N:C(SCC2=C(C(=O)OCC3:O:C(=O):O:C:3C)N3C(=O)C(NC(=O)C(OC(=O)C(C)N)C4:C:C:C:C:C:4)C3SC2):S:1,0
CC/C=C(\C(=O)N[C@@H]1C(=O)N2C(C(=O)O)=C(COC(N)=O)CS[C@H]12)C1:C:S:C(N):N:1,0
COCC1=C(C(=O)O)N2C(=O)[C@@H](NC(=O)/C(=N\O)C3:C:S:C(N):N:3)[C@H]2SC1,0
C=CC1=C(C(=O)O)N2C(=O)[C@@H](NC(=O)/C(=N\O)C3:C:S:C(N):N:3)[C@H]2SC1,0
CO/N=C(\C(=O)NC1C(=O)N2C(C(=O)O)=C(/C=C\C3:S:C:N:C:3C)CS[C@H]12)C1:C:S:C(N):N:1,0
CC1=C(C(=O)O)N2C(=O)[C@@H](NC(=O)[C@H](N)C3:C:C:C(O):C(Cl):C:3)[C@H]2SC1,0
CO/N=C(\C(=O)N[C@@H]1C(=O)N2C(C(=O)O)=C(C)CS[C@H]12)C1:C:S:C(N):N:1,0
O=C(CC1:C:C:C:S:1)N[C@@H]1C(=O)N2C(C(=O)O)=C(CSC3:N:C:N:[NH]:3)CS[C@H]12,0
CN1:N:N:N:C:1SCC1=C(C(=O)O)N2C(=O)[C@@H](NC(=O)CS/C=C\C#N)[C@H]2SC1,0
C=CC1=C(C(=O)O)N2C(=O)[C@@H](NC(=O)/C(=N\OCC(=O)O)C3:C:S:C(N):N:3)[C@H]2SC1,0
CO/N=C(\C(=O)N[C@@H]1C(=O)N2C(C(=O)O)=C(CSC3:N:N:N:N:3C)CS[C@H]12)C1:C:S:C(N):N:1,0
CO[C@@]1(NC(=O)CSCC#N)C(=O)N2C(C(=O)O)=C(CSC3:N:N:N:N:3C)CS[C@@H]21,0
CO[C@@]1(NC(=O)CSC[C@@H](N)C(=O)O)C(=O)N2C(C(=O)O)=C(CSC3:N:N:N:N:3C)CS[C@@H]21,0
CO/N=C(/C(=O)N[C@@H]1C(=O)N2C(C(=O)O)=C(CSC3:N:C(C):C(CC(=O)O):S:3)CS[C@H]12)C1:C:S:C(N):N:1,0
O=C(O)C1=C(CSC2:N:N:N:N:2CS(=O)(=O)O)CS[C@@H]2[C@H](NC(=O)C(O)C3:C:C:C:C:C:3)C(=O)N12,0
NCC1:C:C:C:C:C:1CC(=O)N[C@@H]1C(=O)N2C(C(=O)O)=C(CSC3:N:N:N:N:3CC(=O)O)CS[C@H]12,0
CO[C@@]1(NC(=O)C2SC(=C(C(N)=O)C(=O)O)S2)C(=O)N2C(C(=O)O)=C(CSC3:N:N:N:N:3C)CS[C@@H]21,0
CN(C)CCN1:N:N:N:C:1SCC1=C(C(=O)O)N2C(=O)[C@@H](NC(=O)CC3:C:S:C(N):N:3)[C@H]2SC1,0
CC(=O)OCC1=C(C(=O)O)N2C(=O)[C@@H](NC(=O)C3:C(C4:C:C:C:C:C:4Cl):N:O:C:3C)[C@H]2SC1,0
CC1:C:C(=O):C(C(=O)N[C@@H](C(=O)NC2C(=O)N3C(C(=O)O)=C(CSC4:N:N:N:N:4C)CS[C@H]23)C2:C:C:C(O):C:C:2):C:[NH]:1,0
COCC1=C(C(=O)[O-])N2C(=O)[C@@H](NC(=O)/C(=N\OC)C3:C:S:C(N):N:3)[C@H]2SC1.[Na+],0
C/C=C/C1=C(C(=O)O)N2C(=O)[C@@H](NC(=O)[C@H](N)C3:C:C:C(O):C:C:3)[C@H]2SC1.O,0
CC1=C(C(=O)O)N2C(=O)[C@@H](NC(=O)CC3:C:C:C(C4=NCCCN4):C:C:3)[C@H]2SC1,0
COC1=C(C(=O)O)N2C(=O)C(NC(=O)C(N)C3C=CCC=C3)C2SC1,0
CC1=C(C(=O)O)N2C(=O)[C@@H](NC(=O)[C@H](N)C3:C:C:C:C(NS(C)(=O)=O):C:3)[C@H]2SC1,0
CO/N=C(\C(=O)N[C@@H]1C(=O)N2C(C(=O)O)=C(CN3:N:N:C(C):N:3)CS[C@H]12)C1:C:S:C(N):N:1,0
O=C(CN1:C:N:N:N:1)N[C@@H]1C(=O)N2C(C(=O)O)=C(CSC3:N:N:C:S:3)CS[C@H]12,0
NC1:N:C(/C(=C/CC(=O)O)C(=O)N[C@@H]2C(=O)N3C(C(=O)O)=CCS[C@H]23):C:S:1.O.O,0
CO/N=C(\C(=O)N[C@@H]1C(=O)N2C(C(=O)O)=C(CSC(=O)C3:C:C:C:O:3)CS[C@H]12)C1:C:S:C(N):N:1,0
CO/N=C(\C(=O)N[C@@H]1C(=O)N2C(C(=O)O)=C(/C=C/SC3:N:[NH]:C(=O):C(=O):N:3CC=O)CS[C@H]12)C1:C:S:C(N):N:1,0
CO/N=C(\C(=O)N[C@@H]1C(=O)N2C(C(=O)O)=C(COC(C)=O)CS(=O)[C@H]12)C1:C:S:C(N):N:1,0
CO/N=C(\C(=O)N[C@@H]1C(=O)N2C(C(=O)O)=CCS[C@H]12)C1:C:S:C(N):N:1,0
CO/N=C(\C(=O)N[C@@H]1C(=O)N2C(C(=O)O)=C(COC(C)=O)CS[C@H]12)C1:C:C:C:O:1,0
CO/N=C(\C(=O)N[C@@H]1C(=O)N2C(C(=O)OC(C)OC(C)=O)=C(COC(N)=O)CS[C@H]12)C1:C:C:C:O:1,0
COCCCC(=O)OC(C)OC(=O)C1=C(COC(N)=O)CS[C@@H]2[C@H](NC(=O)/C(=N\OC)C3:C:C:C:O:3)C(=O)N12,0
CO/N=C(\C(=O)N[C@@H]1C(=O)N2C(C(=O)O)=C(CSC3:C:N:N:S:3)CS[C@H]12)C1:C:S:C(N):N:1,0
CC(=O)OCC1=C(C(=O)[O-])N2C(=O)[C@H](NC(=O)CC#N)[C@@H]2SC1.[Na+],0
CC(=O)OCC1=C(C(=O)O)N2C(=O)[C@@H](NC(=O)[C@H](N)C3:C:C:C:C:C:3)[C@H]2SC1.O.O,0
CC(=O)OCC1=C(C(=O)O)N2C(=O)[C@@H](NC(=O)CCC[C@@H](N)C(=O)O)[C@H]2SC1,0
CC(=O)OCC1=C(C(=O)O)N2C(=O)[C@@H](NC(=O)CC3:C:C:C:S:3)[C@H]2SC1,0
CC(=O)C1=C(O)[C@@]2(O)C(=O)C3:C(:C(C):C4:C:C:C(C):C(O):C:4:C:3O)C[C@H]2[C@@H](N)C1=O,0
CC[C@H]1OC(=O)[C@H](C)[C@@H](O[C@H]2C[C@@](C)(OC)[C@@H](O)[C@H](C)O2)[C@H](C)[C@@H](O[C@@H]2O[C@H](C)C[C@H](N(C)C)[C@H]2O)[C@](C)(OC)C[C@@H](C)C(=O)[C@H](C)[C@@H](O)[C@]1(C)O,0
CCC[C@@H]1C[C@@H](C(=O)NC(C(C)Cl)[C@H]2O[C@H](SC)[C@H](O)[C@@H](O)[C@H]2O)N(C)C1,0
CCC[C@@H]1C[C@@H](C(=O)NC(C(C)Cl)[C@H]2O[C@H](SC)[C@H](OP(=O)(O)O)[C@@H](O)[C@H]2O)N(C)C1,0
COC(C(=O)N[C@@H]1C(=O)N2[C@@H](C(=O)O)C(C)(C)S[C@H]12)C1:C:C:C(Cl):C(Cl):C:1,0
CN(C)[C@@H]1C(=O)/C(=C(/O)NCO)C(=O)[C@@]2(O)C(=O)C3=C(O)C4:C(O):C:C:C(Cl):C:4[C@@](C)(O)[C@H]3C[C@@H]12,0
CC1(C)S[C@@H]2[C@H](NC(=O)C3(N)CCCCC3)C(=O)N2[C@H]1C(=O)O,0
CC=CCC(C)C(O)C1C(=O)NC(CC)C(=O)N(C)CC(=O)N(C)C(CC(C)C)C(=O)NC(C(C)C)C(=O)N(C)C(CC(C)C)C(=O)NC(C)C(=O)NC(C)C(=O)N(C)C(CC(C)C)C(=O)N(C)C(CC(C)C)C(=O)N(C)C(C(C)C)C(=O)N1C,0
CC1:C2:O:C3:C(C):C:C:C(C(=O)NC4C(=O)NC(C(C)C)C(=O)N5CCCC5C(=O)N(C)CC(=O)N(C)C(C(C)C)C(=O)OC4C):C:3:N:C2:C(C(=O)NC2C(=O)NC(C(C)C)C(=O)N3CCCC3C(=O)N(C)CC(=O)N(C)C(C(C)C)C(=O)OC2C):C(N):C:1=O,0
CN(C)[C@@H]1C(=O)/C(=C(\N)O)C(=O)[C@@]2(O)C(=O)C3=C(O)C4:C(O):C:C:C:C:4[C@@H](O)[C@H]3C[C@@H]12,0
CCOC(OCC)C(=O)OCC(=O)C1(O)CC2:C(O):C3:C(:C(O):C:2C(OC2CC(N)C(O)C(C)O2)C1)C(=O)C1:C(OC):C:C:C:C:1C3=O,0
NCC1CCC(N)C(OC2C(N)CC(N)C(OC3OC(CO)C(O)C(N)C3O)C2O)O1,0
CC1:O:N:C(C2:C(Cl):C:C:C:C:2Cl):C:1C(=O)N[C@@H]1C(=O)N2[C@@H](C(=O)O)C(C)(C)S[C@H]12,0
CN[C@@H]1[C@H](O[C@H]2[C@H](O[C@@H]3[C@@H](O)[C@H](O)[C@@H](N=C(N)N)[C@H](O)[C@H]3N=C(N)N)O[C@@H](C)[C@]2(O)CO)O[C@@H](CO)[C@H](O)[C@H]1O,0
COC1:C:C:C(C2:C:C(=O):C3:C(O):C:C(O[C@@H]4O[C@H](CO[C@@H]5O[C@@H](C)[C@H](O)[C@@H](O)[C@H]5O)[C@@H](O)[C@H](O)[C@H]4O):C:C:3:O:2):C:C:1O,0
CNCC(O)C1:C:C:C(OC(=O)C(C)(C)C):C(OC(=O)C(C)(C)C):C:1,0
CCC(=O)O[C@H]1[C@H](C)O[C@@H](O[C@@H]2C(C)C(=O)O[C@H](C)[C@H](C)[C@H](OC(=O)CC)[C@@H](C)C(=O)[C@]3(CO3)CC(C)[C@H](O[C@@H]3O[C@H](C)C[C@H](N(C)C)[C@H]3O)[C@H]2C)C[C@@H]1OC,0
OCCN(CCO)C1:N:C(N2CCCCC2):C2:N:C(N(CCO)CCO):N:C(N3CCCCC3):C:2:N:1,0
CC[C@H]1OC(=O)[C@H](C)[C@@H](O[C@H]2C[C@@](C)(OC)[C@@H](O)[C@H](C)O2)[C@H](C)[C@@H](O[C@@H]2O[C@H](C)C[C@H](N(C)C)[C@H]2O)[C@](C)(O)C[C@@H](C)[C@@H]2N[C@@H](COCCOC)O[C@H]([C@H]2C)[C@]1(C)O,0
CC(=O)O[C@@]12CO[C@@H]1C[C@H](O)[C@@]1(C)C(=O)[C@H](O)C3=C(C)[C@@H](OC(=O)[C@H](O)[C@@H](NC(=O)OC(C)(C)C)C4:C:C:C:C:C:4)C[C@@](O)([C@@H](OC(=O)C4:C:C:C:C:C:4)[C@@H]12)C3(C)C,0
C/C=C/C=C/C1OC(O)(C(CC)C(=O)NC/C=C/C=C(\C)C(OC)C(C)C2OC(/C=C/C=C/C=C(\C)C(=O)C3:C(O):N(C):C:C:C:3=O)C(O)C2O)C(O)C(OC2OC(C)C(OC3OC(C)C(OC)C(O)C3OC)C(OC)C2O)C1(C)C,0
CC[C@H]1CN2CCC3:C:C(OC):C(OC):C:C:3[C@@H]2C[C@@H]1C[C@H]1NCCC2:C:C(OC):C(OC):C:C:21.[Cl],0
CC1(C)S[C@@H]2[C@H](NC(=O)[C@H](N)C3=CCC=CC3)C(=O)N2[C@H]1C(=O)O,0
CCC(C)[C@H]1O[C@]2(CC[C@@H]1C)CC1C[C@@H](C/C=C(\C)[C@@H](O[C@H]3C[C@H](OC)[C@@H](OC4C[C@H](OC)[C@@H](O)[C@H](C)O4)[C@H](C)O3)[C@@H](C)/C=C/C=C3\CO[C@@H]4[C@H](O)C(C)=C[C@@H](C(=O)O1)[C@]34O)O2.CO[C@H]1CC(O[C@H]2[C@H](C)O[C@@H](O[C@@H]3/C(C)=C/C[C@@H]4CC(C[C@]5(CC[C@H](C)[C@@H](C(C)C)O5)O4)OC(=O)[C@@H]4C=C(C)[C@@H](O)[C@H]5OC/C(=C\C=C\[C@@H]3C)[C@@]45O)C[C@@H]2OC)O[C@@H](C)[C@@H]1O,0
COC1:C:C:C:C2:C:1C(=O)C1:C(O):C3:C(:C(O):C:1C2=O)C[C@](O)(C(=O)CO)C[C@H]3OC1CC(N)CC(C)O1,0
CN(CCN(C)CN/C(O)=C1\C(=O)[C@@H](N(C)C)[C@@H]2C[C@H]3C(=C(O)C4:C(O):C:C:C:C:4[C@@]3(C)O)C(=O)[C@]2(O)C1=O)CN/C(O)=C1\C(=O)[C@@H](N(C)C)[C@@H]2C[C@H]3C(=C(O)C4:C(O):C:C:C:C:4[C@@]3(C)O)C(=O)[C@]2(O)C1=O,0
CCNCC(O)C1:C:C:C:C(O):C:1,0
CCOC(=O)C1=C(C)NC(C)=C(C(=O)OC)C1C1:C:C:C:C(Cl):C:1Cl,0
CC1(C)S[C@@H]2[C@H](NC(=O)C(OC3:C:C:C:C:C:3)C3:C:C:C:C:C:3)C(=O)N2[C@H]1C(=O)O,0
CC(C)C1:C:C:C:C:C:1OCC1=NCCN1,0
CC(C)(C(=O)O)C1:C:C:C(C(O)CCCN2CCC(C(O)(C3:C:C:C:C:C:3)C3:C:C:C:C:C:3)CC2):C:C:1,0
CC(C)(OC1:C:C:C(Cl):C:C:1)C(=O)N[C@@H](C(=O)N[C@@H]1C(=O)N2[C@@H](C(=O)O)C(C)(C)S[C@H]12)C1:C:C:C:C:C:1,0
CO[C@@]1(NC(=O)CSC(F)(F)F)C(=O)N2C(C(=O)O)=C(CSC3:N:N:N:N:3CCO)CO[C@@H]21.[Na],0
CC[C@H]1OC(=O)[C@H](C)[C@@H](O[C@H]2C[C@@](C)(OC)[C@@H](O)[C@H](C)O2)[C@H](C)[C@@H](O[C@@H]2O[C@H](C)C[C@H](N(C)C)[C@H]2O)[C@](C)(O)C[C@](C)(F)C(=O)[C@H](C)[C@@H](O)[C@]1(C)O,0
C[C@@H](O)[C@H]1C(=O)N2C(C(=O)O)=C([C@H]3CCCO3)S[C@H]12,0
CC1(C)S[C@@H]2[C@H](NC(=O)[C@@H](N=CC3:C:C:C:O:3)C3:C:C:C(O):C:C:3)C(=O)N2[C@H]1C(=O)O,0
CC(C)CC(OC(=O)C1:C:C:C:O:1)C(=O)N[C@@H]1C(=O)N2[C@@H](C(=O)O)C(C)(C)S[C@H]12,0
CC(=O)O[C@H]1C[C@@]2(C)[C@@H](C[C@@H](O)[C@H]3[C@@]4(C)CC[C@@H](O)[C@@H](C)[C@@H]4CC[C@@]32C)/C1=C(\CCC=C(C)C)C(=O)O,0
CNC(C)C1CCC(N)C(OC2C(N)CC(N)C(OC3OCC(C)(O)C(NC)C3O)C2O)O1,0
CO/N=C(\C(=O)N[C@@H]1C(=O)N(OCC(=O)OCC(=O)OC(C)(C)C)[C@H]1C)C1:C:S:C(N):N:1,0
CC(C)CC1NC(=O)C(CCCN)NC(=O)C(C(C)C)NC(=O)C2CCCN2C(=O)C(CC2:C:C:C:C:C:2)NC(=O)C(CC(C)C)NC(=O)C(CCCN)NC(=O)C(C(C)C)NC(=O)C2CCCN2C(=O)C(CC2:C:C:C:C:C:2)NC1=O,0
CC1:C(F):C(N2CCNC(C)C2):C:C2:C:1:C(=O):C(C(=O)O):C:N:2C1CC1,0
CN(C)C1C(=O)/C(=C(/O)NCN2CCN(C(=N)N=C(N)N)CC2)C(=O)C2(O)C(=O)C3=C(O)C4:C(O):C:C:C:C:4C(C)(O)C3CC12,0
CC1(C)S[C@@H]2[C@H](N3C(=O)[C@@H](C4:C:C:C:C:C:4)NC3(C)C)C(=O)N2[C@H]1C(=O)O,0
CC(CC1:C:C:C:C:C:1)NO,0
CNC(C)C(O)C1:C:C:C(O):C:C:1,0
CC1:C:C(=O):O:C2:C:C(O):C:C:C:1:2,0
CC(=O)[C@]1(O)CC2:C(O):C3:C(:C(O):C:2[C@@H](O[C@H]2C[C@H](N)[C@H](O)[C@H](C)O2)C1)C(=O)C1:C:C:C:C:C:1C3=O,0
C[C@H](O)[C@H]1C(=O)N2C(C(=O)O)=C(SCCN=CN)C[C@H]12.O,0
CNC1C(O)C(OC2C(NC(=O)C(O)CN)CC(N)C(OC3OC(CN)C(O)C(O)C3O)C2O)OCC1(C)O,0
CC(C)(OC1:C:C:C:C:C:1)C(=O)N[C@@H]1C(=O)N2[C@@H](C(=O)O)C(C)(C)S[C@H]12,0
CO[C@@H]1[C@@H](O[C@@H]2O[C@H](C)[C@@H](O[C@H]3C[C@@](C)(O)[C@@H](OC(=O)CC(C)C)[C@H](C)O3)[C@H](N(C)C)[C@H]2O)[C@@H](CC=O)C[C@@H](C)[C@@H](O)/C=C/C=C/C[C@@H](C)OC(=O)C[C@H]1OC(C)=O,0
CC1:O:C(=O):O:C:1COC(=O)[C@@H]1N2C(=O)[C@@H](NC(=O)[C@H](N)C3:C:C:C:C:C:3)[C@H]2SC1(C)C,0
CNCC[C@@H](O)[C@@H]1C[C@H](SC2=C(C(=O)O)N3C(=O)[C@H]([C@@H](C)O)[C@H]3[C@H]2C)CN1,0
COC1:C:C:C:C2:C:1C(=O)C1:C(O):C3:C(:C(O):C:1C2=O)C[C@@](O)(C(=O)CO)C[C@@H]3O[C@H]1C[C@H](NC(=O)[C@@H](N)CC(C)C)[C@H](O)[C@H](C)O1,0
CC[C@H]1OC(=O)[C@H](C)[C@@H](OC2CC(C)(OC)C(O)C(C)O2)C(C)[C@@H](OC2OC(C)CC(N(C)C)C2O)[C@](C)(O)C[C@@H](C)/C(=N\OC)[C@H](C)[C@@H](O)[C@]1(C)O,0
CCCC1CC(C(=O)NC(C(C)O)C2OC(SC)C(O)C(O)C2O)N(C)C1,0
N[C@@H](C(=O)NC1C(=O)N2C(C(=O)O)=C(Cl)CCC12)C1:C:C:C:C:C:1.O,0
CCCCC1:N:C(Cl):C(CO):N:1CC1:C:C:C(C2:C:C:C:C:C:2C2:N:N:[NH]:N:2):C:C:1,0
CN(C)[C@@H]1C(=O)/C(=C(/N)O)C(=O)[C@@]2(O)C(=O)C3=C(O)C4:C(O):C:C:C(Cl):C:4[C@@](C)(O)[C@H]3C[C@@H]12.[Cl-].[H+],0
CC1(C)S[C@@H]2[C@H](N=CN3CCCCCC3)C(=O)N2[C@H]1C(=O)O,0
CC(CN(C)C)OC(C)(C1:C:C:C:C:C:1)C1:C:C:C(Cl):C:C:1,0
CC1OC(OC2CC(O)(C(=O)CO)CC3:C(O):C4:C(:C(O):C:32)C(=O)C2:C:C:C:C:C:2C4=O)CC(N)C1O,0
C[C@H](O)C1C(=O)N2C(C(=O)O)=C(S[C@@H]3CN[C@H](C(=O)N(C)C)C3)[C@H](C)C12.O.O.O,0
C=NC(C(=O)NC1C(=O)N2C1SC(C)(C)C2C(=O)O)C1:C:C:C:C:C:1,0
C=C1C2:C:C:C:C(O):C:2C(O)=C2C(=O)[C@]3(O)C(=O)/C(=C(/N)O)C(=O)[C@@H](N(C)C)[C@@H]3[C@@H](O)[C@H]12,0
CNC(C)C(=O)C1:C:C:C(OC):C:C:1,0
COC1:C:C:C:C(OC):C:1C(=O)N[C@@H]1C(=O)N2[C@@H](C(=O)O)C(C)(C)S[C@H]12,0
CC1(C)S[C@@H]2[C@H](NC(=O)[C@H](NC(=O)N3CCN(S(C)(=O)=O)C3=O)C3:C:C:C:C:C:3)C(=O)N2[C@H]1C(=O)O,0
COCC(=O)O[C@]1(CCN(C)CCCC2:N:C3:C:C:C:C:C:3:[NH]:2)CCC2:C:C(F):C:C:C:2[C@@H]1C(C)C,0
CCC(=O)OC1CC(=O)OC(C)C/C=C/C=C\C(O)C(C)CC(CC=O)C(O[C@@H]2O[C@H](C)[C@@H](O[C@H]3C[C@@](C)(O)[C@H](OC(=O)CC)[C@@H](C)O3)[C@H](N(C)C)[C@H]2O)C1OC,0
CCC1NC(=O)C(NC(=O)C2:N:C:C:C:C:2O)C(C)OC(=O)C(C2:C:C:C:C:C:2)NC(=O)C2CC(=O)CCN2C(=O)C(CC2:C:C:C(N(C)C):C:C:2)N(C)C(=O)C2CCCN2C1=O,0
CCCCCC1CNC(C(=O)NC(C(C)Cl)C2OC(SC)C(O)C(O)C2O)C1,0
CO[C@@]12[C@H](COC(N)=O)C3=C(C(=O)C(C)=C(N)C3=O)N1C[C@@H]1N[C@@H]12,0
CO[C@@]1(NC(=O)C(C(=O)O)C2:C:C:C(O):C:C:2)C(=O)N2C(C(=O)O)=C(CSC3:N:N:N:N:3C)CO[C@@H]21,0
NC[C@H]1O[C@H](O[C@@H]2[C@@H](N)C[C@@H](N)[C@H](O)[C@H]2O)[C@H](N)[C@@H](O)[C@@H]1O,0
CCN[C@@H]1C[C@H](N)[C@@H](O[C@H]2OC(CN)=CC[C@H]2N)[C@H](O)[C@H]1O[C@H]1OC[C@](C)(O)[C@H](NC)[C@H]1O,0
COC(=O)C1=C(C)NC(C)=C(C(=O)OCCN(C)CC2:C:C:C:C:C:2)C1C1:C:C:C:C([N+](=O)[O-]):C:1,0
COC(=O)C1=C(C)NC(C)=C(C(=O)OC)C1C1:C:C:C:C:C:1[N+](=O)[O-],0
CCOC(=O)C1=C(C)NC(C)=C(C(=O)OC)C1C1:C:C:C:C([N+](=O)[O-]):C:1,0
CN(C)[C@@H]1C(=O)/C(=C(\N)O)C(=O)[C@@]2(O)C(=O)C3=C(O)C4:C(O):C:C:C([N+](=O)[O-]):C:4C[C@H]3C[C@@H]12,0
CO[C@@H]1[C@@H](OC(N)=O)[C@@H](O)[C@H](OC2:C:C:C3:C(=O):C(NC(=O)C4:C:C:C(O):C(CC=C(C)C):C:4):C(O):O:C:3:C:2C)OC1(C)C,0
COC1CC(O[C@@H]2[C@@H](C)C(=O)O[C@H](C)[C@H](C)[C@H](O)[C@@H](C)C(=O)[C@@]3(CO3)C[C@H](C)[C@H](OC3OC(C)CC(N(C)C)C3O)[C@H]2C)OC(C)C1O,0
CC1(C)S[C@@H]2[C@H]([NH+]3C(=O)C(C4:C:C:C(O):C:C:4)NC3(C)C)C(=O)N2[C@H]1C(=O)O,0
CO/N=C(\C(=O)NC1C(=O)N(OCC(=O)O)[C@H]1C)C1:C:S:C(N):N:1,0
CC(=O)O[C@H]1C(=O)[C@@]2(C)C([C@H](OC(=O)C3:C:C:C:C:C:3)[C@]3(O)C[C@H](OC(=O)[C@H](O)[C@@H](NC(=O)C4:C:C:C:C:C:4)C4:C:C:C:C:C:4)C(C)=C1C3(C)C)[C@]1(OC(C)=O)CO[C@@H]1C[C@@H]2O,0
CN(C)[C@@H]1C(=O)/C(=C(/O)NCN2CCCC(C(=O)O)C2)C(=O)[C@@]2(O)C(=O)C3=C(O)C4:C(O):C:C:C:C:4[C@@](C)(O)[C@H]3C[C@@H]12,0
CC(=O)OCOC(=O)C1N2C(=O)C(NC(=O)CC3:C:C:C:C:C:3)C2SC1(C)C,0
CC1(C)SC2C(NC(=O)CC3:C:C:C:C:C:3)C(=O)N2C1C(=O)O.[Na],0
CN(C)[C@@H]1C(=O)/C(=C(/O)NCNC(C(=O)NC2C(=O)N3C2SC(C)(C)C3C(=O)O)C2:C:C:C:C:C:2)C(=O)[C@@]2(O)C(=O)C3=C(O)C4:C(O):C:C:C:C:4[C@@](C)(O)[C@H]3C[C@@H]12,0
CC(OC1:C:C:C:C:C:1)C(=O)NC1C(=O)N2C1SC(C)(C)C2C(=O)O,0
CN(C)C1C(=O)/C(=C(/O)NCN2CCN(CCO)CC2)C(=O)C2(O)C(=O)C3=C(O)C4:C(O):C:C:C:C:4C(C)(O)C3CC12,0
COC1:C:C:C:C2:C:1C(=O)C1:C(O):C3:C(:C(O):C:1C2=O)C[C@@](O)(C(=O)CO)C[C@@H]3O[C@H]1C[C@H](N)[C@H](O[C@H]2CCCCO2)[C@H](C)O1,0
CC1(C)SC2C(N(C(=N)C3:C:C:N:C:C:3)[C@H](C(=O)NC(=O)CN)C3:C:C:C:C:C:3)C(=O)N2C1C(=O)O,0
CC1(C)S[C@@H]2[C@H](NC(=O)[C@H](NC(=O)C3:C:C:C(C4:C:C:C(S(=O)(=O)N(CCO)CCO):C:C:4):[NH]:C:3=O)C3:C:C:C(O):C:C:3)C(=O)N2[C@H]1C(=O)[O-].[Na+],0
CC1(C)S[C@@H]2[C@H](NC(=O)[C@H](NC(=O)NC3:C:N:C(NC4:C:C:C(S(N)(=O)=O):C:C:4):[NH]:C:3=O)C3:C:C:C(O):C:C:3)C(=O)N2[C@H]1C(=O)O,0
CC(C)(C)C(=O)OCOC(=O)[C@@H]1N2C(=O)[C@@H](NC(=O)[C@H](N)C3:C:C:C:C:C:3)[C@H]2SC1(C)C,0
CNCC(O)C1:C:C:C:C(OC(=O)C(C)(C)C):C:1,0
CC1:C:N:N(C2:C(Cl):C:C:C:C:2Cl):C:1C(=O)N[C@@H]1C(=O)N2[C@@H](C(=O)O)C(C)(C)S[C@H]12,0
CC1NC(=O)C(NC(=O)C2:N:C:C:C:C:2O)C(C)OC(=O)C(C2:C:C:C:C:C:2)NC(=O)C2CC(=O)CCN2C(=O)C(CC2:C:C:C(N(C)C):C:C:2)N(C)C(=O)C2CCCN2C1=O,0
CCCNCC(O)COC1:C:C:C:C:C:1C(=O)CCC1:C:C:C:C:C:1,0
CCC(OC1:C:C:C:C:C:1)C(=O)NC1C(=O)N2C1SC(C)(C)C2C(=O)O,0
NCC1OC(OC2C(N)CC(NC(CO)CO)C(OC3OC(CO)C(O)C(N)C3O)C2O)C(N)C(O)C1O,0
CC1(C)S[C@@H]2[C@H](NC(=O)C3:N:C4:C:C:C:C:C:4:N:C:3C(=O)O)C(=O)N2[C@H]1C(=O)O,0
CO[C@H]1/C=C/O[C@@]2(C)OC3:C(C):C(O):C4:C(:C:3C2=O)C2=NC3(CCN(CC(C)C)CC3)NC2=C(NC(=O)/C(C)=C\C=C\[C@H](C)[C@H](O)[C@@H](C)[C@@H](O)[C@@H](C)[C@H](OC(C)=O)[C@@H]1C)C4=O,0
CCN(CC)C(C)=NN=CC1:C2:C(O):C3:C(O):C(C):C4:C(:C:3:C:1O)C(=O)C(C)(OC=CC(OC)C(C)C(OC(C)=O)C(C)C(O)C(C)C(O)C(C)C=CC=C(C)C(=O)N2)O4,0
CCN(CC)C1:N:C2:C(:S:1):C1:C(O):C3:C(O):C(C):C4:C(:C:3:2)C(=O)[C@@](C)(O/C=C/[C@H](OC)[C@@H](C)[C@@H](OC(C)=O)[C@H](C)[C@H](O)[C@H](C)[C@@H](O)[C@@H](C)/C=C/C=C(/C)C(=O)N1)O4,0
CCN(CC)C(=O)COC1:C:C2:C(O):C3:C(O):C(C):C4:C(:C:1:3)C(=O)[C@@](C)(O/C=C/[C@H](OC)[C@@H](C)[C@@H](OC(C)=O)[C@H](C)[C@H](O)[C@H](C)[C@@H](O)[C@@H](C)/C=C/C=C(/C)C(=O)N2)O4,0
COC1C=COC2(C)OC3:C(C):C(O):C4:C(O):C(:C(C=NN5CCN(C)CC5):C(O):C:4:C:3C2=O)NC(=O)C(C)=CC=CC(C)C(O)C(C)C(O)C(C)C(OC(C)=O)C1C,0
CO[C@H]1/C=C/O[C@@]2(C)OC3:C(C):C(O):C4:C(O):C(:C:C(O):C:4:C:3C2=O)NC(=O)/C(C)=C\C=C\[C@H](C)[C@H](O)[C@@H](C)[C@@H](O)[C@@H](C)[C@H](OC(C)=O)[C@@H]1C,0
CO[C@H]1/C=C/O[C@@]2(C)OC3:C(C):C(O):C4:C(:C:3C2=O)C(=O)/C(=C/NN2CCN(C3CCCC3)CC2)C(=C4O)NC(=O)/C(C)=C\C=C\[C@H](C)[C@H](O)[C@@H](C)[C@@H](O)[C@@H](C)[C@H](OC(C)=O)[C@@H]1C,0
CO[C@H]1/C=C/O[C@@]2(C)OC3:C(C):C(O):C4:C(O):C(:C5:C(:N:C6:C:C(C):C:C:N:6:5):C:4:C:3C2=O)NC(=O)/C(C)=C\C=C\[C@H](C)[C@H](O)[C@@H](C)[C@@H](O)[C@@H](C)[C@H](OC(C)=O)[C@@H]1C,0
C[C@@H](O)[C@H]1C(=O)N2C(C(=O)[O-])=C(COC(N)=O)S[C@H]12.[Na+],0
CC[C@@]1(O)C[C@H](O[C@H]2C[C@H](N(C)C)[C@H](O[C@H]3C[C@@H]4O[C@H]5CC(=O)[C@H](C)O[C@H]5O[C@@H]4[C@H](C)O3)[C@H](C)O2)C2:C(O):C3:C(:C(O):C:2[C@H]1O[C@H]1C[C@H](N(C)C)[C@H](O)[C@H](C)O1)C(=O)C1:C:C:C:C(O):C:1C3=O,0
CC1(C)S[C@@H]2[C@H](NC(=O)[C@H](NC(=O)CC3:C:C:C(C4=NCCCN4):C:C:3)C3:C:C:C:C:C:3)C(=O)N2[C@H]1C(=O)O,0
CC[C@H]1OC(=O)[C@H](C)[C@@H](O[C@H]2C[C@@](C)(OC)[C@@H](O)[C@H](C)O2)[C@H](C)[C@@H](O[C@@H]2O[C@H](C)C[C@H](N(C)C)[C@H]2O)[C@](C)(O)C[C@@H](C)/C(=N/OCOCCOC)[C@H](C)[C@@H](O)[C@]1(C)O,0
COC1CCCC2C1=C(C(=O)[O-])N1C(=O)C(C(C)O)C21,0
COCOC(=O)C1N2C(=O)C(N3C(=O)C(C4:C:C:C(O):C:C:4)NC3(C)C)C2SC1(C)C,0
COCOC(=O)[C@@H]1N2C(=O)[C@@H](N3C(=O)C(C4:C:C:C:C:C:4)NC3(C)C)[C@H]2SC1(C)C,0
CC(=O)OC1/C=C/C(C)=C/CC(O)/C=C/C(C)=C/C(NC(=O)C(C)=O)C2(C)C(=O)OC(C1)C(C)C2=O,0
CN[C@@H]1[C@@H](O)[C@@H](O[C@@H]2[C@@H](O)[C@H](O[C@H]3OC(CN)=CC[C@H]3N)[C@@H](N)C[C@H]2N)OC[C@]1(C)O,0
COC1C(O)CC(=O)OC(C)C/C=C/C=C/C(OC2CCC(N(C)C)C(C)O2)C(C)CC(CC=O)C1OC1OC(C)C(OC2CC(C)(O)C(O)C(C)O2)C(N(C)C)C1O,0
CC1(C)S[C@@H]2[C@H](NC(=O)C(C3:C:C:C:C:C:3)S(=O)(=O)O)C(=O)N2[C@H]1C(=O)O,0
C[C@@H](O)[C@H]1C(=O)N2C(C(=O)O)=C(SC3CCS(=O)C3)S[C@H]12,0
CC1(C)S[C@@H]2[C@H](NC(=O)[C@H](N)C3:C:C:C:C:C:3)C(=O)N2[C@H]1C(=O)O.CC1(C)[C@H](C(=O)O)N2C(=O)C[C@H]2S1(=O)=O,0
CC1(C)S[C@@H]2[C@H](NC(=O)[C@H](NS(=O)(=O)[O-])C3:C:C:C:C:C:3)C(=O)N2[C@H]1C(=O)[O-].[Na+].[Na+],0
C=CC[C@@H]1/C=C(\C)C[C@H](C)C[C@H](OC)[C@H]2O[C@@](O)(C(=O)C(=O)N3CCCC[C@H]3C(=O)O[C@H](/C(C)=C/[C@@H]3CC[C@@H](O)[C@H](OC)C3)[C@H](C)[C@@H](O)CC1=O)[C@H](C)C[C@@H]2OC,0
CC1(C)S[C@@H]2[C@H](NC(=O)[C@H](N)C3:C:C:C:C:C:3)C(=O)N2[C@H]1C(=O)OC1OC(=O)C2:C:C:C:C:C:21,0
C[C@]1(CN2:C:C:N:N:2)[C@H](C(=O)O)N2C(=O)C[C@H]2S1(=O)=O,0
CCCCCCCCCC(=O)N[C@H]1[C@H](OC2:C3:C:C4:C:C:2OC2:C:C:C(:C:C:2Cl)[C@@H](O[C@@H]2O[C@H](CO)[C@@H](O)[C@H](O)[C@H]2NC(C)=O)[C@@H]2NC(=O)[C@H](NC(=O)[C@@H]4NC(=O)[C@H]4NC(=O)[C@@H](CC5:C:C:C(:C(Cl):C:5)O3)NC(=O)[C@H](N)C3:C:C:C(O):C(:C:3)OC3:C:C(O):C:C4:C:3)C3:C:C:C(O):C(:C:3)C3:C(O[C@H]4O[C@H](CO)[C@@H](O)[C@H](O)[C@@H]4O):C:C(O):C:C:3[C@H](C(=O)O)NC2=O)O[C@H](CO)[C@@H](O)[C@@H]1O,0
CO[C@@]1(NC(=O)C(C(=O)O)C2:C:C:S:C:2)C(=O)N2[C@@H](C(=O)O)C(C)(C)S[C@@H]21,0
CN1:C(=O):C2:C(:N:C:N:2CCNCC(O)C2:C:C:C(O):C(O):C:2):N(C):C:1=O,0
CC1(C)SC2C(NC(=O)CSC3:C:C:C:C:C:3)C(=O)N2C1C(=O)O,0
CC1(C)[C@H](NC(=O)/C(=N\OCC(=O)O)C2:C:S:C(N):N:2)C(=O)N1OS(=O)(=O)O,0
CC(C)C(=O)OCC1:C:C:C:C(OC(=O)[C@@H]2N3C(=O)[C@@H](NC(=O)CC4:C:C:C:C:C:4)[C@H]3SC2(C)C):C:1,0
NC[C@H]1O[C@H](O[C@@H]2[C@@H](N)C[C@@H](N)[C@H](O[C@H]3O[C@H](CO)[C@@H](O)[C@H](N)[C@H]3O)[C@H]2O)[C@H](N)C[C@@H]1O,0
CC1:C:C:C(C(=O)C2:C:C(O):C(O):C([N+](=O)[O-]):C:2):C:C:1,0
CO[C@H]1C[C@H](O[C@@H]2[C@@H](C)C(=O)O[C@H](C)[C@H](C)[C@H](OC(C)=O)[C@@H](C)C(=O)[C@]3(CO3)C[C@H](C)[C@H](O[C@@H]3O[C@H](C)C[C@H](N(C)C)[C@H]3OC(C)=O)[C@H]2C)O[C@@H](C)[C@@H]1OC(C)=O,0
CCCC[C@@H]1CC(=O)[C@]2(O)O[C@@H]3[C@@H](NC)[C@@H](O)[C@@H](NC)[C@H](O)[C@H]3O[C@@H]2O1,0
CC1:C:C:C(C(C)C):C(OCC2=NCCN2):C:1,0
CC[C@]1(O)C[C@H]2CN(CCC3:C(:[NH]:C4:C:C:C:C:C:3:4)[C@@](C(=O)OC)(C3:C:C4:C(:C:C:3OC)N(C)[C@H]3[C@@](O)(C(N)=O)[C@H](O)[C@]5(CC)C=CCN6CC[C@]43[C@@H]65)C2)C1,0
C/C1=C/C(O)CC(=O)CC2:N:C(:C:O:2)C(=O)N2CCC=C2C(=O)OC(C(C)C)C(C)/C=C\C(=O)NC\C=C/1,0
[C-]#[N+]C(=C\C1:C:C:C(O):C:C:1)/C(=C/C1:C:C:C(O):C:C:1)[N+]#[C-],0
COC1:C:C:C:C2:C:1C(=O)C1:C(O):C3:C(:C(O):C:1C2=O)C[C@@](O)(/C(C)=N/NC(=O)C1:C:C:C:C:C:1)C[C@@H]3O[C@H]1C[C@H](N)[C@H](O)[C@H](C)O1.[Cl-].[H+],0
FC(F)(Cl)C(F)(F)Cl,1
C[C@H]1CCCC[C@@]1(C1:C:C:C:S:1)N1CCCCC1,1
CC(CC1:C:C:C:C:C:1)NCCN1:C:N:C2:C:1:C(=O):N(C):C(=O):N:2C.[Cl-].[H+],1
CC(=O)NCCCN1CCN(C2:C:C(Cl):C:C:C:2Cl)CC1,1
CC(=O)OC1CC[C@@]2(C)C([C@@H]1Br)[C@H](Br)C[C@@H]1[C@@H]2CC[C@@]2(C)[C@H]1CC[C@@H]2[C@H](C)CCCC(C)C,1
CCC(Br)(CC)C(=O)NC(=O)NC(C)=O,1
CC(=O)OCC(=O)OCC/C(SC(=O)C1:C:C:C:O:1)=C(/C)N(C=O)CC1:C:N:C(C):N:C:1N,1
CC(=O)NC(CCC(N)=O)C(=O)O,1
CC(=O)NCC1(C2:C:C:C:C:C:2)CCN(CCCC(=O)C2:C:C:C(F):C:C:2)CC1,1
CC(=O)NC1:C:C:C(OC(=O)C2:C:C:C:C:C:2O):C:C:1,1
CC(=O)OCC/C(SC(C)=O)=C(/C)N(C=O)CC1:C:N:C(C):N:C:1N,1
CC(=O)SCC(CC1:C:C:C:C:C:1)C(=O)NCC(=O)OCC1:C:C:C:C:C:1,1
CCC[C@@](C)(O)[C@H]1CC23C=CC1(OC)[C@H]1OC4:C(OC(C)=O):C:C:C5:C:4C12CCN(C)C3C5,1
CCC(OC(C)=O)C(CC(C)N(C)C)(C1:C:C:C:C:C:1)C1:C:C:C:C:C:1,1
CC(=O)OCC1=CO[C@@H](OC(=O)CC(C)C)[C@H]2C1=C[C@H](OC(=O)CC(C)(C)OC(C)=O)[C@]21CO1,1
C=CC1O[C@@H]2CC3C4CCC5=CC(=O)C=CC5(C)C4(F)C(O)CC3(C)[C@]2(C(=O)CO)O1,1
O=C(COC1:C:C:C(Cl):C:C:1)OCCNC12CC3CC(CC(C3)C1)C2,1
O=C(NCCN1CCN(C2:N:C:C:C:N:2)CC1)C12CC3CC(CC(C3)C1)C2,1
CC(N)C(=O)OC(C)(C)CC1:C:C:C(Cl):C:C:1,1
CCC(=O)OCC(=O)[C@@]1(OC(=O)CC)[C@H](C)C[C@H]2[C@H]3[C@H]([C@@H](O)C[C@@]21C)[C@@]1(C)C=CC(=O)C=C1C[C@H]3Cl,1
CCCN(CCC)C1CC2:C:C:C:C3:C:C(O):C:C(:C:2:3)C1,1
CC12CC(=O)[C@H]3C(CC[C@H]4C[C@H](O)CCC43C)[C@@H]1CCC2C(=O)CO,1
CC(=O)[C@H]1CC[C@H]2[C@@H]3CC[C@H]4C[C@H](O)CC[C@]4(C)[C@H]3C(=O)C[C@]12C,1
CC(=O)C12OC(C)(C)OC1CC1C3CCC4=CC(=O)CCC4(C)C3CCC12C,1
COC1(F)C(F)(F)C1(F)Cl,1
C=CCN1CCC23C4:C5:C:C:C(O):C:4OC2C2(OC)C=CC3(CC2[C@](C)(O)CCC)C1C5,1
C=CCN1C(=O)OC(C)C1=O,1
CNC[C@@H]1CN(C2:C:C:C(OCC3:C:C:C:C(Cl):C:3):C:C:2)C(=O)O1,1
CCCN(CCCCN1C(=O)CC2(CCCC2)CC1=O)C1COC2:C:C:C:C(OC):C:2C1.[Cl-].[H+],1
O=C1CCC2(CCC(=O)C3:C:C:C:C:C:32)C(=O)N1,1
CC(=O)NCCN1:C(C):C:C(C=O):C:1C,1
CC(CC#N)N(C)CC(=O)N(C)C1:C:C:C(Cl):C:C:1C(=O)C1:C:C:C:C:C:1F,1
CCC(=O)O[C@]1(C2:C:C:C:C:C:2)CCN(C)C[C@@H]1CC,1
CC[C@@H](O)C(C[C@@H](C)N(C)C)(C1:C:C:C:C:C:1)C1:C:C:C:C:C:1,1
C=CCN1CCCC1CNC(=O)C1:C:C(S(=O)(=O)NC):C(N):C:C:1OC,1
O=C(O)CN1C(=O)C2:C:C:C:C3:C:C:C:C(:C:2:3)C1=O,1
CCC1(CC)O[C@@H]2C[C@H]3C4CCC5=CC(=O)C=CC5(C)[C@@]4(F)[C@@H](O)CC3(C)[C@]2(C(=O)CO)O1,1
CC12C[C@H](O)[C@@]3(F)C(CCC4=CC(=O)C=CC43C)[C@@H]1C[C@H]1O[C@@](C)(C3:C:C:C:C:C:3)O[C@]12C(=O)CO,1
CC(=O)OCC(=O)[C@@]12OC3(CCCC3)O[C@@H]1C[C@H]1[C@@H]3CCC4=CC(=O)C=C[C@]4(C)[C@@]3(F)[C@@H](O)C[C@@]12C,1
CCC(=O)O[C@]1(C(=O)COC)[C@@H](C)C[C@H]2[C@@H]3CCC4=CC(=O)C=C[C@]4(C)[C@@]3(F)[C@@H](O)C[C@@]21C,1
CC1:C:C:C:C(C):C:1NC(=O)C1:C:C:C(N):C:C:1,1
CC(C)N1:C:C2:C3:C(:C:C:C:C:3:1)C1C[C@@H](C(=O)NC3CCCCC3)CN(C)C1C2,1
CC(CC1:C:C:C:C:C:1)NC(C#N)C1:C:C:C:C:C:1,1
O=C(O)CCCCCC[NH2+]C1C2:C:C:C:C:C:2CCC2:C:C:C:C:C:21.[Cl-],1
CCN1CCCC1CNC(=O)C1:C:C(S(=O)(=O)CC):C(N):C:C:1OC,1
C[N+](C)([O-])CCC=C1C2:C:C:C:C:C:2CCC2:C:C:C:C:C:21,1
CC(C)CCOC(CN1CCCC1)C1:C:C:C:C:C:1,1
CCNC(=O)N1CCN(CCCC(C2:C:C:C(F):C:C:2)C2:C:C:C(F):C:C:2)CC1,1
NC1:C:C:C:C(N2:C:C:C:C:C:2=O):C:1,1
CN(C)C1:C:N:C:C:N:1,1
CCC(C)(C)O,1
CCOC(=O)C1(C2:C:C:C:C:C:2)CCN(CCC2:C:C:C(N):C:C:2)CC1,1
COC1:C:C:C(C(=O)N2CCCC2=O):C:C:1,1
COC1:C:C2:O:C(=O):C(C):C(C):C:2:C:C:1OCCCN1CCN(C2:C:C:C:C:C:2OC)CC1,1
CCCNC(=O)C1:C:C:C2:C(:C:1)N([C@H](C)CN1CCCC1)C1:C:C:C:C:C:1S2,1
C=CCC1(C(C)C)C(=O)NC(=O)NC1=O,1
O=C1CCC2:C:C:C(OCCCCN3CCN(C4:C:C:C:C(Cl):C:4Cl)CC3):C:C:2N1,1
O=C1C(O)=C(O)OC1C(O)CO,1
CCN(CC)C1:C:C:C(NC(=O)C2:C:C:C:C:C:2N):C(C):C:1,1
CN1C2CCC1CC(OC(=O)C(C)(CO)C1:C:C:C:C:C:1)C2,1
C[N+]1([O-])C2CCC1CC(OC(=O)C(CO)C1:C:C:C:C:C:1)C2,1
CN(C(=O)CNC(=O)[C@@H](N)CCCCN)C1:C:C:C(Cl):C:C:1C(=O)C1:C:C:C:C:C:1,1
O=C1:[NH]:C2:C:C(Cl):C:C:C:2:N:1C1CCN(CC2COC3:C:C:C:C:C:3O2)CC1,1
NC1:C:C:C(S(=O)(=O)N2CC3CCC(CC3)C2):C:C:1,1
O=C(CCCN1CCN2CCCC2C1)C1:C:C:C(F):C:C:1,1
OC(C1:C:C:C:C:C:1)(C1:C:C:C:C:C:1)C1CCNCC1,1
O=C1NCCN1C1CCN(CCC2COC3:C:C:C:C:C:3O2)CC1,1
C1:C:C:C2:C(:C:1)CCN1CCNCC21,1
C1:C:C:C2:C(:C:1):C:C1:N:2CCCNC1,1
CN(CCC1:C:C2:C:C:C:C3:C:2:N:1C1:C:C:C:C:C:1CC3)CC1:C:C:C:C:C:1,1
O=C1:[NH]:C2:C:C:C:C:C:2:C(=O):N:1CCN1C[C@H]2C[C@H](C3:C:C:C(F):C:C:3)[C@H]2C1,1
CCN(CCO)CCN1:C(CC2:C:C:C:C:C:2):N:C2:C:1:C(=O):N(C):C(=O):N:2C,1
CCC1(CC)C(=O)NC(=O)NC1=O,1
CC1:N:C2:N(:N:1)C(N1CCN(C)CC1)=NC1:C:C:C:C:C:1C2,1
O=C(CCCl)NCC1:C:C:C:C:C:1,1
C[C@H]1C[C@H]2[C@@H]3CCC4=CC(=O)C=C[C@]4(C)[C@@]3(Cl)[C@@H](O)C[C@]2(C)[C@@]1(O)C(=O)CO,1
COC[C@H]1CN(C2:C:C:C(OCC[C@@H](O)C(F)(F)F):C:C:2)C(=O)O1,1
CCC1(C)CC(=O)NC(=O)C1,1
C/C(=C(\CCOP(=O)(O)O)SC(=O)C1:C:C:C:C:C:1)N(C=O)CC1:C:N:C(C):N:C:1N,1
CC(=O)NC1:C:C:C(OC(=O)C2:C:C:C:C:C:2OC(C)=O):C:C:1,1
O=C1CNC(C2:C:C:C:C:C:2)=C2:C3:C(:S:C:2=N1)CCCC3,1
C/C(=C(\CCOC(=O)C1:C:C:C:C:C:1)SC(=O)C1:C:C:C:C:C:1)N(C=O)CC1:C:N:C(C):N:C:1N,1
C[N+](C)([O-])CC/C=C1/C2:C:C:C:C:C:2C=CC2:C(Cl):C:C:C:C:21,1
C1:C:C:C(CN2:C:C(CCC3:C:C:N:C:C:3):C3:C:C:C:C:C:3:2):C:C:1.[Cl],1
OCC1:C:C:C:C:C:1,1
CN1CCC2:C:C(Cl):C(O):C:C:2[C@@H](C2:C:C(Br):C:C3:C:2OCC3)C1,1
CCOC(=O)C[C@@H](O)C[C@@H](O)/C=C/C1=C(C2:C:C:C(F):C:C:2)C2:C:C:C:C:C:2OC12CCCC2,1
C[C@H]1C[C@H]2[C@@H]3CCC4=CC(=O)C=C[C@]4(C)[C@@]3(F)[C@@H](O)C[C@]2(C)[C@@]1(OC(=O)C1:C:C:C:C:C:1)C(=O)CO,1
CCCCC(=O)O[C@]1(C(=O)CO)[C@@H](C)C[C@H]2[C@@H]3CCC4=CC(=O)C=C[C@]4(C)[C@@]3(F)[C@@H](O)C[C@@]21C,1
O=C1CC2(CCCC2)CC(=O)N1CCNCC1COC2:C:C:C:C:C:2O1,1
O=C(O)CCCCC1SCC2NC(=O)NC21,1
O=C1C[C@H]2SC(C3(O)CN4C(=O)C[C@H]4S3)CN12,1
O=C(CCCN1CCN2CC3:[NH]:C4:C:C:C:C:C:4:C:3CC2C1)C1:C:C:C(F):C:C:1,1
C/C(=C(/CCOC(=O)C1:C:C:C:C:C:1)SS/C(CCOC(=O)C1:C:C:C:C:C:1)=C(\C)N(C=O)CC1:C:N:C(C):N:C:1N)N(C=O)CC1:C:N:C(C):N:C:1N,1
CC(=O)NCCC[C@H](NC(C)=O)C(=O)O,1
CCN1CCN(C2:C:C(C3:C:C:C(F):C:C:3):C3:C(:N:2)CCCCCC3)CC1,1
CC[C@]12CCN(CC3(O)CC3)[C@H](CC3:C:C:C(O):C:C:31)C2(C)C,1
CC1(C)OC(=O)NC2:C:C:C(Br):C:C:21,1
CC(C)C(Br)C(=O)NC(N)=O,1
BrC(Br)Br,1
CC1:C:C(Br):C:C(C(N)=O):C:1O,1
O=C1CC(C2:C:C:C:C(Br):C:2)C(=O)N1,1
CC1:N:N:C2:N:1C1:S:C(Br):C:C:1C(C1:C:C:C:C:C:1Cl)=NC2,1
NC1:N:C(=O):C2:N:C:N(CC[C@@H](O)CO):C:2:[NH]:1,1
CC(=O)NC1:C:C:C(OC(C)(C)C):C:C:1,1
CC(C)(C)[C@]1(O)CCN2C[C@H]3C4:C:C:C:C:C:4CCC4:C:C:C:C(:C:43)[C@@H]2C1.[Cl-].[H+],1
CCCC(=O)C1:C:C:C2:C(:C:1)N(CCCN1CCN(C)CC1)C1:C:C:C:C:C:1S2,1
CCCCC(CC)CNC(=O)CC(C)O,1
OC1:C:C:C2:C(:C:1)[C@@]13CCCC[C@@]1(O)[C@@H](C2)N(CC1CCC1)CC3,1
C=CCN1C[C@H](C(=O)N(CCCN(C)C)C(=O)NCC)C[C@@H]2C3:C:C:C:C4:[NH]:C:C(:C:3:4)C[C@H]21,1
CC(NCCN1:C:N:C2:C:1:C(=O):N(C):C(=O):N:2C)C(O)C1:C:C:C:C:C:1,1
CN(C)C(=O)OC1N=C(C2:C:C:C:C:C:2)C2:C:C(Cl):C:C:C:2N(C)C1=O,1
CC12CCC(CC1=O)C2(C)C,1
CCCCC/C(=N/OCCN)C1:C:C:C(C):C(N):C:1,1
CCCCSC1:C:C:C(C(SCCN(C)C)C2:C:C:C:C:C:2):C:C:1,1
CCCCC1(CCOC(N)=O)C(=O)NC(=O)NC1=O,1
CN1C(=O)CN(C(N)=O)C(C2:C:C:C:C:C:2)C2:C:C(Cl):C:C:C:21,1
C#CC(OC(N)=O)C1:C:C:C:C:C:1,1
O=C(O)C1CCN1C12CC3CC(CC(C3)C1)C2,1
NC(=O)CN1CC2:C:C:C:C:C:2OC1=O,1
CC(C)NC(=O)OC1CCN(CCCC(=O)C2:C:C:C(F):C:C:2)CC1,1
NS(=O)(=O)C1:C:C:C(C(=O)O):C:C:1,1
C[C@H](N)C(=O)C1:C:C:C:C:C:1,1
O=C1CN(C(=O)CN2CC(C3:C:C:C(Cl):C:C:3)CC2=O)CCN1,1
OC1OC(COCCOC(O)C(Cl)(Cl)Cl)C(OC2OC(COCCOCCOC(O)C(Cl)(Cl)Cl)CC(OC(O)C(Cl)(Cl)Cl)C2O)C(OCCOCCOC(O)C(Cl)(Cl)Cl)C1O,1
COCC1:C(C(C)C):N:C(C(C)C):C(/C=C/[C@@H](O)C[C@@H](O)CC(=O)O):C:1C1:C:C:C(F):C:C:1,1
CC1:C:C(C):C(=O):[NH]:N:1,1
CC(=O)C1:C:C:C(C(O)C(CO)NC(=O)C(Cl)Cl):C:C:1,1
CCOC(=O)OCC/C(SC(=O)OCC)=C(\C)N(C=O)CC1:C:N:C(C):N:C:1N,1
OC[C@@H](O)[C@H]1OC2O[C@H](C(Cl)(Cl)Cl)O[C@@H]2[C@H]1O,1
CC(CC(C)(C)O)OC(O)C(Cl)(Cl)Cl,1
CN1C(=O)CCS(=O)(=O)C1C1:C:C:C(Cl):C:C:1,1
O=C(O)C1:C:C(=O):C2:C:C:C:C:C:2:O:1,1
CC(C)C(=O)OCC(=O)[C@@]12O[C@H](C3CCCCC3)O[C@@H]1C[C@H]1[C@@H]3CCC4=CC(=O)C=C[C@]4(C)[C@H]3[C@@H](O)C[C@@]12C,1
ClC1:C:C:C:C:C:1C1=NCC2:N:N:C(C3CCCCC3):N:2C2:S:C(Br):C:C:21,1
CC(=O)OCC(=O)[C@@]12OC(C)(C)O[C@@H]1C[C@H]1C3CC(C#N)=C4C=C(OCCCl)CCC4(C)[C@@]3(F)C(O)CC12C,1
CC(C)N[C@H]1C2CCC(CC2)[C@]1(O)C1:C:C:C(Cl):C(Cl):C:1,1
NNCC1CCCCC1,1
CC(C)C(O)C1CCCCC1,1
COCC1CN(C2:C:C:C(OCC3:C:C:C:C(C#N):C:3):C:C:2)C(=O)O1,1
COC1:C:C(/C=C/C(=O)N2CCCCCCC2):C:C(OC):C:1OC,1
N#CCCN1C(=O)C(O)N=C(C2:C:C:C:C:C:2F)C2:C:C(Cl):C:C:C:21,1
CN(C(=O)CNC1CC1)C1:C:C:C(Cl):C:C:1C(=O)C1:C:C:C:C:C:1Cl,1
CC1(C)O[C@@H]2C[C@H]3C4C[C@H](F)C5=CC(=O)C=C[C@]5(C)[C@@]4(F)[C@@H](O)C[C@]3(C)[C@]2(C(=O)COC(=O)C2CC2)O1,1
CN1CCC2=C(CC1)C1:C:C(C#N):C:C:C:1SC1:C:C:C:C:C:12,1
COC1:C:C(N):C(Cl):C:C:1C(=O)NC1CCN(CC2:C:C:C:C:C:2)CC1,1
ClC1:C:C:C:C(Cl):C:1NC1=NCCO1,1
C[C@H]1C[C@H]2[C@@H]3CCC4=CC(=O)C=C[C@]4(C)[C@@]3(F)C(=O)C[C@]2(C)[C@@]1(O)C(=O)CCl,1
CCCC(=O)O[C@]1(C(=O)CCl)[C@@H](C)C[C@H]2[C@@H]3CCC4=CC(=O)C=C[C@]4(C)[C@@]3(F)C(=O)C[C@@]21C,1
NC(=O)C1(N2CCCCC2)CCN(CCCN2C3:C:C:C:C:C:3CCC3:C:C:C(Cl):C:C:32)CC1,1
C[C@@H]1CC2C3C[C@H](F)C4=CC(=O)C=CC4(C)[C@@]3(Cl)C(O)CC2(C)C1C(=O)CO,1
CC(=O)OCC(=O)[C@H]1[C@H](C)C[C@H]2[C@@H]3C[C@H](F)C4=CC(=O)C=C[C@]4(C)C3(Cl)[C@@H](O)C[C@@]21C,1
C[C@@H]1CC2C3C[C@H](F)C4=CC(=O)C=CC4(C)[C@@]3(Cl)C(O)CC2(C)C1C(=O)COC(=O)C(C)(C)C,1
CN(C)CCCN1:C(=O):N(C2:C:C:C:C:C:2):C2:C:C(Cl):C:C:C:2:1,1
CCN(CC)CCOC1(C2:C:C:C(Cl):C:C:2)CCCCC1,1
O=C(CCCN1CCC(O)(C2:C:C:C(Cl):C(C(F)(F)F):C:2)CC1)C1:C:C:C(F):C:C:1,1
O=C1:[NH]:C2:C:C:C:C:C:2:C(=O):N:1CCCN1CCN(C2:C:C:C:C(Cl):C:2)CC1,1
C[C@]12C[C@H](O)[C@H]3[C@@H](C=C(Cl)C4=CC(=O)C=C[C@@]43C)[C@@H]1CC[C@]2(O)C(=O)CO,1
O=C(OCC(Cl)(Cl)Cl)OCC(Cl)(Cl)Cl,1
C#CCN(C)CCCOC1:C:C:C(Cl):C:C:1Cl,1
O=C(CCCN1CCC(C(=O)C2:C:C:C(Cl):C:C:2)CC1)C1:C:C:C(F):C:C:1,1
CN1CCN(C2CC3:C:C:C:C:C:3SC3:C:C:C(Cl):C:C:32)CC1,1
CCC1:C:C2:C(:S:1)N(C)C(=O)CN=C2C1:C:C:C:C:C:1Cl,1
CCC(=O)O[C@]1(C(=O)SCCl)[C@H](C)C[C@H]2C3C[C@H](F)C4=CC(=O)C=C[C@]4(C)[C@@]3(F)[C@@H](O)C[C@@]21C,1
CNC(=O)CCN1CCN(CCC=C2C3:C:C:C:C:C:3SC3:C:C:C(Cl):C:C:32)CC1,1
CCC12CCN(CC3CCC3)C(CC3:C:C:C(O):C:C:31)C2(C)C,1
CC[C@H]1CC(=O)[C@@H]2OC3:C(OC):C:C:C4:C:3[C@@]23CCN(CC2CC2)C(C4)[C@H]13,1
CC1CC2C3CC(F)(F)C4=CC(=O)C=C[C@]4(C)C3(F)C(O)CC2(C)C1(O)C(=O)CO,1
CC12CCC(=O)C=C1CCC1C2CCC2(C)C1CCC2(O)C(=O)CO,1
CC(=O)OCC(=O)[C@@]1(O)CC[C@H]2[C@@H]3CCC4=CC(=O)CC[C@]4(C)[C@H]3C(=O)C[C@@]21C,1
CC1=C[C@H]2[C@@H]3C[C@@H](C)[C@](O)(C(=O)COC(=O)C4:C:C:C:C(S(=O)(=O)O):C:4)[C@@]3(C)C[C@H](O)[C@@H]2[C@@]2(C)CC3:C:N:N(C4:C:C:C:C:C:4):C:3C=C12,1
CC(=O)OCC(=O)[C@@]1(O)[C@H](C)C[C@H]2[C@@H]3C=C(C)C4=CC5:C(:C:N:N:5C5:C:C:C:C:C:5)C[C@]4(C)[C@H]3[C@@H](O)C[C@@]21C,1
CN1C(=O)CCC1C1:C:C:C:N:C:1,1
CN(C)CC(=O)C=C1C2:C:C:C:C:C:2CCC2:C:C:C:C:C:21,1
CC1CC(OC(=O)C2CCC(=O)N2)CC(C)(C)C1,1
C/C=C/C(=O)N(CC)C(CC)C(=O)N(C)C,1
O=C(NC1:C:C:C:C:C:1)OCC1(COC(=O)NC2:C:C:C:C:C:2)CCCC1,1
CN(C)C1CCC2:[NH]:C3:C:C:C:C:C:3:C:2C1,1
CCC1(C2=CCCCC2)C(=O)NC(=O)NC1=O,1
CN(C)CCC=C1C2:C:C:C:C:C:2C=CC2:C:C:C:C:C:21,1
CC(=O)[C@H]1CC[C@H]2[C@@H]3C[C@@H](O)C45CC4CC[C@]5(C)[C@H]3CC[C@]12C,1
C/C(=C1/CCOC(=O)S1)N(C=O)CC1:C:N:C(C):N:C:1N,1
NC(=O)C1C2:C:C:C:C:C:2CCC2:C:C:C:C:C:21,1
COC12C=CC3(CC1C(C)(C)O)[C@@H]1CC4:C:C:C(O):C5:C:4[C@]3(CCN1CC1CC1)[C@@H]2O5,1
CN(C)CCOC(=O)CCC1CCCCC1,1
OC(C1:C:C:C:C:C:1)(C1:C:C:C:C:C:1)C1CC1C1:C:C:N:C:C:1,1
O=C1NC(=O)C2(C3:C:C:C(Cl):C:C:3)CC12,1
CN(C)CC(=O)N1C2:C:C:C:C:C:2SC2:C:C:C:C:C:21,1
OC(C1=NCCN1)(C1:C:C:C(Cl):C:C:1)C1:C:C:C:C:N:1,1
CCCCCCCCCCOC1:C(OC):C:C(C(N)=O):C:C:1OC,1
CC1:C:C:C(CC2:C:C:C:C:C:2):C(N2CCNCC2):C:1,1
O=C1CN(O)C(C2:C:C:C:C:C:2)=C2:C:C(Cl):C:C:C:2=N1,1
CCCCN1:C(=O):C2:C(:N:C:N:2CC(C)=O):N(CCCC):C:1=O,1
CC(=O)C1(O)CCC2C3CCC4=CC(=O)C=CC4(C)C3C(O)CC21C,1
NC1:N:C:C2:N:C:N(COCCO):C:2:N:1,1
CC(=O)[C@@]1(O)[C@H](O)C[C@H]2[C@@H]3CCC4=CC(=O)C=C[C@]4(C)[C@@]3(F)[C@@H](O)C[C@@]21C,1
CC1(C)O[C@@H]2C[C@H]3C4CCC5=CC(=O)C=CC5(C)[C@H]4C(O)CC3(C)[C@]2(C(=O)CO)O1,1
C[C@@H]1C[C@H]2[C@@H]3CCC4=CC(=O)C=C[C@]4(C)[C@@]3(F)[C@@H](O)C[C@]2(C)[C@H]1C(=O)CO,1
CC1:C:C:C:C(CC2:C:N:C:[NH]:2):C:1C,1
CC(=O)OCC(=O)[C@@]1(OC(=O)C2:C:C:C:O:2)[C@H](C)C[C@H]2[C@@H]3CCC4=CC(=O)C=C[C@]4(C)[C@@]3(F)[C@@H](O)C[C@@]21C,1
C1:C:C:C([C@@H]2CN3CCSC3=N2):C:C:1,1
C1:C:C:C(C2CN=C3NCCN32):C:C:1,1
C1:C:C:C(C2(C3:C:C:C:C:C:3)OC[C@H]([C@@H]3CCCCN3)O2):C:C:1,1
CC12CC(Cl)[C@@]3(Cl)C(CCC4=CC(=O)C=CC43C)C1CC[C@]2(O)C(=O)CO,1
CC(=O)OCC(=O)[C@@]1(O)CCC2C3CCC4=CC(=O)C=CC4(C)[C@@]3(Cl)C(Cl)CC21C,1
CCN(CC)CCNC(=O)C1:C:C(Cl):C:C(Cl):C:1OC,1
CC(=O)O[C@H]1C[C@@H]2C(COC(=O)CC(C)C)=CO[C@@H](OC(=O)CC(C)C)[C@@H]2[C@@]12CO2,1
CCCCOCC(CN1C(=O)N(CC(COCCCC)OC(N)=O)C(=O)C(CC)(C2:C:C:C:C:C:2)C1=O)OC(N)=O,1
FC1:C:C:C(C(CCCN2CCN(CCNC3:C:C:C:C:C:3)CC2)C2:C:C:C(F):C:C:2):C:C:1,1
C[C@@H]1CC2C3C[C@H](F)C4=CC(=O)C=CC4(C)[C@@]3(F)C(O)CC2(C)C1C(=O)CO,1
C[C@@H]1C[C@H]2[C@@H]3C[C@H](F)C4=CC(=O)C=C[C@]4(C)[C@@]3(F)[C@@H](O)C[C@]2(C)[C@H]1C(=O)COC(=O)C(C)(C)C,1
CN1CCC(C)(CN2C3:C:C:C:C:C:3SC3:C:C:C:C:C:32)C1,1
CC1(C)OC(=O)NC1=O,1
CN(C)CCN1:C:N:C2:C:1:C(=O):N(C):C(=O):N:2C,1
CC(CC1:C:C:C:C:C:1)N(C)C,1
O=C1CN2C(=O)CCC2N1,1
CCCCCCCCCC1(C)OCC(COC(N)=O)O1,1
CC(=O)NNC(=O)CC(O)(C1:C:C:C:C:C:1)C1:C:C:C:C:C:1,1
CO[C@]12CC[C@@]3(C[C@@H]1C(C)(C)O)[C@H]1CC4:C:C:C(O):C5:C:4[C@@]3(CCN1CC1CC1)[C@H]2O5,1
CCC1:C(OC):N:C2:N:C(C(=O)C3:C:C:C:C:C:3):C:N:2:C:1C,1
CC12NC(CC3:C:C:C:C:C:31)C1:C:C:C:C:C:12,1
CCCC(=O)O[C@]1(C(C)=O)CCC[C@H]2[C@@H]3CCC4=CC(=O)C=C[C@]4(C)[C@H]3[C@@H](O)C[C@@]21C,1
COC1:C:C2:C(:C:C:1OC)C(=O)C(CC1CCN(CC3:C:C:C:C:C:3)CC1)C2.[Cl-].[H+],1
O=C(NCCC1:C:C:C(O):C(O):C:1)C12CC3CC(CC(C3)C1)C2,1
CCN1CC(CCN2CCOCC2)C(C2:C:C:C:C:C:2)(C2:C:C:C:C:C:2)C1=O,1
COC1:C:C:C2:C(:C:1OC)[C@]13CCN(C)[C@H](C2)[C@]1(O)CC[C@@H](O)C3,1
CNCCC(OC1:C:C:C:C2:C:C:C:C:C:1:2)C1:C:C:C:S:1,1
O=C(C1:C:C:C(F):C:C:1)C1CCN(CCCN2C3:C:C:C:C:C:3SC3:C:C:C(C(F)(F)F):C:C:32)CC1,1
O=C(CN1CCCC1=O)NNC(=O)CN1CCCC1=O,1
CCC(=O)N(C1:C:C:C(Cl):C(Cl):C:1)[C@@H]1CCC[C@H]1N(C)C,1
CC1=NN(C2:C:C:C:C:C:2)C(=O)C1,1
CC1:N:C:C:N:1C(C)C1:C:C:C:C:C:1,1
CCN(CC)C/C=C1/C2:C:C:C:C:C:2NC2:C:C(Cl):C:C:C:21,1
CCS(=O)(=O)CCN1C(=O)CN=C(C2:C:C:C:C:C:2F)C2:C:C(Cl):C:C:C:21,1
FC1:C:C:C(C2:C:C:C(CN3CCN(C4:C:C:C:C5:C:C:O:C:4:5)CC3):[NH]:2):C:C:1,1
C1:C:C2:C(:C(N3CCNCC3):C:1)OCCO2,1
CCC(CC)(CNC(=O)CCCO)C1:C:C:C:C(OC):C:1,1
COC1:C:C:C:C:C:1N1CCN(CC(O)COC2:C:C(OC):C(OC):C(OC):C:2)CC1,1
CCOC(=O)N(CC1:C:C:C:C:C:1)C1CC1,1
OC1CCN(C2:C:C:C(C3:C:C:C(Cl):C:C:3Cl):N:N:2)CC1,1
CCN(CC)C(=O)[C@@H]1[C@@H]2C=C[C@@H](C2)[C@H]1C(=O)N(CC)CC,1
CC(=O)C1CCC2C3CC(C)C4=CC(=O)C=CC4(C)C3C(O)CC12C,1
CC1OC2(CCCCC2OC2:C:C:C:C(Cl):C:2)NC1=O,1
CCCCCCCNC(=O)OC1:C:C:C2:C(:C:1)[C@]1(C)CCN(C)[C@@H]1N2C,1
CN1CCC2=C(CC1)C1:C:C:C:C:C:1N(C)C1:C:C:C:C:C:12,1
CCN1CCCC1CNC(=O)C1:C:C(C(C)=O):C:C:C:1OC,1
CCN(CC)CCN1:C:N:C2:C:1:C(=O):N(C):C(=O):N:2C,1
CCNC1=NC2:C:C:C(Cl):C:C:2C(C2:C:C:C:C:C:2)S1,1
CCOC1C2:C:C:C:C:C:2C(=O)N(C)C2:C:C:C:C:C:21,1
CCCCNCC1COC2:C:C:C:C(OCC):C:2O1.[Cl-].[H+],1
CCCl,1
C=C,1
CCC1(CC)C(=O)NC=C(C)C1=O,1
CCNC1(C2:C:C:C:C:C:2)CCCCC1,1
CCNC1=NC2:C:C:C(Cl):C:C:2C(C)(C2:C:C:C:C:C:2)O1.[Cl-].[H+],1
CCC(C(N)=O)N1CCCC1=O,1
CCN(CC)S(=O)(=O)N[C@H]1C[C@@H]2C3:C:C:C:C4:[NH]:C:C(:C:3:4)C[C@H]2N(C)C1,1
O=C(O)/C=C/C(=O)O.OCCOCCOCCN1CCN(C(C2:C:C:C:C:C:2)C2:C:C:C(Cl):C:C:2)CC1,1
CCC1:N:N(CCCN2CCN(C3:C:C:C:C(Cl):C:3)CC2):C(=O):N:1CC,1
CCCC(C)(O)C1CC23C=CC1(OC)C1OC4:C(O):C:C:C5:C:4C12CCN(C)C3C5,1
CCC1(C2:C:C:C:C:C:2)OCC(C2CCCCN2)O1,1
CC(=O)OCC(CCN1:C:N:C2:C:N:C(N):N:C:2:1)COC(C)=O,1
CN(C)CCCN1:C(=O):C2:C:C:C:C:C:2:C2:C:C:C:C:C:2:1,1
CCC1:C(OC):N:C2:N:C(C3:N:O:C(C):N:3):C:N:2:C:1C,1
O=C1CC[C@H](C(=O)N2CCCCC2)N1,1
CCCCOCC(CN1C(=O)NC(=O)C(CC)(C2:C:C:C:C:C:2)C1=O)OC(N)=O,1
NC(=O)OCC(COC(N)=O)C1:C:C:C:C:C:1,1
COC1:C:C:C(OCC2CN(C)CCC2C2:C:C:C:C:C:2):C:C:1,1
O=C(CCCN1CCN(C(=O)OC2CCCCC2)CC1)C1:C:C:C(F):C:C:1,1
CCC(C(=O)OCCN1CCOC(C2:C:C:C:C:C:2)C1C)C1:C:C:C:C:C:1,1
CCNC1C2CCC(C2)C1C1:C:C:C:C:C:1,1
CCCCN/C(=C1/C=C(Cl)C=CC1=O)C1:C:C:C:C:C:1Cl,1
C1:C:C:C(CC2NCCC3:C2:[NH]:C2:C:C:C:C:C:3:2):C:C:1,1
CCC1C(=O)NC(=O)C1(C)C1:C:C:C:C:C:1,1
ClC1:C:C:C(OCC2=NCCN2):C:C:1Cl,1
CC1NC(=O)COC1C1:C:C:C:C:C:1,1
CN1CC(=O)N=C1NC(=O)NC1:C:C:C:C(Cl):C:1,1
CCNC1=NC(=O)C(C2:C:C:C:C:C:2)O1,1
CC(C)(O)CC(C)(O)C1:C:C:C(Cl):C:C:1,1
CN1:N:C(C2:C:C:C:N:C:2):N:C:1C1:C:C:C:C:C:1CO,1
O=C(COC1:C:C:C(Cl):C:C:1)N1CCN(CC2:C:C:C3:C(:C:2)OCO3)CC1,1
CC(C)(C)NCC(O)C1:C:C:C:C:C:1F,1
CS(=O)(=O)C1:C:C:C([C@@H](O)[C@@H](CF)NC(=O)C(Cl)Cl):C:C:1,1
CCN(CC)CCC(=O)N1C2:C:C:C:C:C:2SC2:C:C:C(C(F)(F)F):C:C:21,1
CC(=O)OCC(=O)C12N=C(C)OC1CC1C3CCC4=CC(=O)C=CC4(C)[C@@]3(F)C(O)CC12C,1
CCOC(=O)N(CCN(C)C)C1:C:C:C:C(C(F)(F)F):C:1,1
COC1:C:C:C(S(N)(=O)=O):C:C:1C(=O)NCC1CCCN1CC1:C:C:C(F):C:C:1,1
CC1(C)O[C@@H]2CC3C4C[C@H](F)C5=CC(=O)C=CC5(C)[C@@]4(Cl)C(Cl)CC3(C)[C@]2(C(=O)CO)O1,1
C[C@]12C[C@H](O)[C@@]3(F)[C@@H](CCC4=CC(=O)CC[C@@]43C)[C@@H]1CC[C@]2(O)C(=O)CO,1
CC(=O)OCC(=O)[C@@]1(O)CC[C@H]2[C@@H]3CCC4=CC(=O)CC[C@]4(C)[C@@]3(F)[C@@H](O)C[C@@]21C,1
CC1:C:C2:C(:S:1)=NC1:C:C:C(F):C:C:1NC=2N1CCN(C)CC1,1
COC(OC)C(=O)[C@@]12OC(C)(C)O[C@@H]1CC1C3C[C@H](F)C4=CC(=O)C=CC4(C)[C@@]3(F)C(O)CC12C,1
CC(=O)OCC(=O)[C@@]12OC(C)(C)O[C@@H]1C[C@H]1[C@@H]3C[C@H](F)C4=CC(=O)C=C[C@]4(C)[C@@]3(F)[C@@H](O)C[C@@]12C,1
CCCCOC(=O)C(=O)C1C(C)CC2C3CC(F)C4=CC(=O)C=CC4(C)C3C(O)CC21C,1
CCCCCC(=O)OCC(=O)C1C(C)CC2C3CC(F)C4=CC(=O)C=CC4(C)C3C(O)CC21C,1
CCS(=O)(=O)C1:C:C:C(F):C:C:1,1
CC(=O)O[C@]1(C(C)=O)CC[C@H]2[C@@H]3C[C@H](C)C4=CC(=O)C=C[C@]4(C)[C@@]3(F)[C@@H](O)C[C@@]21C,1
C[C@H]1C2:C:C:C:C:C:2[C@@H](CCCN(C)C)C2:C:C(C(F)(F)F):C:C:C:21,1
CNCCC(OC1:C:C:C(C(F)(F)F):C:C:1)C1:C:C:C:C:C:1,1
CCCCCCC(=O)OCCN1CCN(CCCN2C3:C:C:C:C:C:3SC3:C:C:C(C(F)(F)F):C:C:32)CC1,1
OCCOC1CCN(CCCN2C3:C:C:C:C:C:3SC3:C:C:C(C(F)(F)F):C:C:32)CC1,1
NC(=O)NCCN1CCN(C2:C:C:C:C(C(F)(F)F):C:2)CC1,1
O=C1NCN(C2:C:C:C:C:C:2)C12CCN(CCCC(C1:C:C:C(F):C:C:1)C1:C:C:C(F):C:C:1)CC2,1
O=C1CN2CCOC2(C2:C:C:C:C:C:2F)C2:C:C(Cl):C:C:C:2N1CCO,1
CN1C(=O)C(O)N=C(C2:C:C:C:C:C:2F)C2:C:C(Cl):C:C:C:21,1
CC1CC2C3CC(F)C4=CC(=O)C=CC4(C)C3(F)C(O)CC2(C)C1(O)C(=O)SCF,1
CCC(=O)O[C@]1(C(=O)SCF)[C@H](C)C[C@H]2[C@@H]3C[C@H](F)C4=CC(=O)C=C[C@]4(C)[C@@]3(F)[C@@H](O)C[C@@]21C,1
OCCN1CCN(CCCN2C3:C:C(C(F)(F)F):C:C:C:3SC3:S:C:C:C:32)CC1,1
CCOC(=O)C1:C:N:C:N:1C(C)C1:C:C:C(F):C:C:1,1
OC(CCCN1CCC2:C(:C3:C:C(F):C:C:C:3:N:2C2:C:C:C(F):C:C:2)C1)C1:C:C:C(F):C:C:1,1
CC(C)N1:C(/C=C/[C@@H](O)C[C@H](O)CC(=O)O):C(C2:C:C:C(F):C:C:2):C2:C:C:C:C:C:2:1,1
COCCCC/C(=N\OCCN)C1:C:C:C(C(F)(F)F):C:C:1.O=C(O)/C=C\C(=O)O,1
CNC(=O)N1CC(OC2:C:C:C:C(C(F)(F)F):C:2)C1,1
NC1:N:C(=O):C2:N:C(CNC3:C:C:C(C(=O)N[C@@H](CCC(=O)O)C(=O)O):C:C:3):C:N:C:2:[NH]:1,1
CC(=O)OCC(=O)[C@@]12OC(C)(C)O[C@@H]1CC1C3CC(C=O)=C4C=C(OCCCl)CCC4(C)[C@@]3(F)C(O)CC12C,1
CP(C)(=O)CN1C(=O)CN=C(C2:C:C:C:C:C:2)C2:C:C(Cl):C:C:C:21,1
NNC(=O)CP(=O)(C1:C:C:C:C:C:1)C1:C:C:C:C:C:1,1
C[C@@H]1O[C@@H]1P(=O)(O)O,1
O=C1NC(C2:C:C:C:C:C:2)(C2:C:C:C:C:C:2)C(=O)N1COP(=O)(O)O,1
CN1CCN(CCC(=O)N2C3:C:C:C:C:C:3SC3:C:C:C(C(F)(F)F):C:C:32)CC1,1
O=C(CCN1CCN(CCO)CC1)N1C2:C:C:C:C:C:2SC2:C:C:C(C(F)(F)F):C:C:21,1
O=C1OCCC1C1(O)CCN(CCCN2C3:C:C:C:C:C:3SC3:C:C:C(Cl):C:C:32)CC1,1
C/C(=C(/CCO)SSCC1CCCO1)N(C=O)CC1:C:N:C(C):N:C:1N,1
O=C1:[NH]:O:C2:C:1CCNC2,1
CC(=O)[C@H]1CC[C@H]2[C@@H]3CC[C@H]4C[C@](C)(O)CC[C@]4(C)[C@H]3CC[C@]12C,1
COCC1:C(C(=O)OC(C)C):N:C:C2:[NH]:C3:C:C:C:C(OC4:C:C:C(Cl):C:C:4):C:3:C:1:2,1
CCC12CCN(CC3CC3)C(CC3:C:C:C(O):C:C:31)C2(C)C,1
CC1(C)CC(=O)N(CCCCN2CCN(C3:N:C:C:C:N:3)CC2)C(=O)C1.[Cl-].[H+],1
FC1:C:C:C2:[NH]:C3:C(:C:2:C:1)CN(CCCC1:C:C:C:N:C:1)CC3,1
COC1:C:C2:C(:C:C:1OC)C(C1:C:C:C:C(Cl):C:1)=NN=C(C)C2,1
CC1(C)O[C@@H]2C[C@H]3[C@@H]4CCC5=CC(=O)CC[C@]5(C)[C@@]4(F)[C@@H](O)C[C@]3(C)[C@]2(C(=O)CCl)O1,1
C[C@@H]1C[C@H]2[C@@H]3C[C@H](F)C4=CC(=O)C=C[C@]4(C)C3(Cl)[C@@H](F)C[C@]2(C)[C@H]1C(=O)CO,1
O=C(NCCN1CCC(N2:C(=O):[NH]:C3:C:C(Cl):C:C:C:3:2)CC1)C1:C:C:C(F):C:C:1,1
CCCCCCCCCC(=O)OC1(C2:C:C:C(Cl):C:C:2)CCN(CCCC(=O)C2:C:C:C(F):C:C:2)CC1,1
C[C@]12C=C(Br)C(=O)C=C1[C@H](F)C[C@H]1[C@@H]3CCC(O)(C(=O)CO)[C@@]3(C)C[C@H](O)C12F,1
O=C1CN2CCOC2(C2:C:C:C:C:C:2F)C2:C:C(Br):C:C:C:2N1,1
CCCCCC(N)C(O)(C1:C:C:C:C:C:1)C1:C:C:C:C:C:1,1
OCCN1C=CN(CCCN2C3:C:C:C:C:C:3C=CC3:C:C:C:C:C:32)C=CC1,1
CCC(C)(O)C1CC23C=CC1(OC)C1OC4:C(OC):C:C:C5:C:4C12CCN(CC1CC1)C3C5,1
CC(C)(CO)[C@@H](O)C(=O)NCCCC(=O)O,1
CCN(CC)CC(=O)OCC(=O)[C@@]1(O)CC[C@H]2[C@@H]3CCC4=CC(=O)CC[C@]4(C)[C@H]3[C@@H](O)C[C@@]21C,1
CCC(=O)O[C@]1(C(=O)COC(C)=O)CC[C@H]2[C@@H]3CCC4=CC(=O)CC[C@]4(C)[C@H]3[C@@H](O)C[C@@]21C,1
C[C@]12C[C@H](O)[C@H]3[C@@H](CCC4=CC(=O)CC[C@@]43C)[C@@H]1CC[C@]2(O)C(=O)COC(=O)CCC(=O)O.O,1
CCCCC(=O)O[C@]1(C(=O)CO)CCC2C3CCC4=CC(=O)CCC4(C)C3C(O)CC21C,1
CC12CCC(=O)C=C1CCC1C2C(O)CC2(C)C1CCC2(O)C(=O)COC(=O)CCC1CCCC1,1
CN1CC[C@]23C4:C5:C:C:C(O):C:4O[C@H]2[C@@H](O)CC[C@@]3(O)[C@H]1C5,1
COC1:C:C:C(CN2:C(C):C(CCN):C3:C:C(O):C:C:C:3:2):C:C:1,1
CCC(Br)(C(N)=O)C(C)C,1
O=C1CN=C(C2:C:C:C:C:C:2)C2:C:C(Cl):C:C:C:2N1CCOCC1CC1,1
CC1:C:C:C:C(O[C@H]2CCNC[C@H]2O):C:1C,1
O=C(/C=C/C1:C:C:C2:C(:C:1)OCO2)N1CCCCC1,1
COC1:C:C(C(C)=O):C:C:C:1OCCCN1CCC(C2:N:O:C3:C:C(F):C:C:C:2:3)CC1,1
CN1CCN(CCN2CCN(CCCN3C4:C:C:C:C:C:4SC4:C:C:C(Cl):C:C:43)CC2)C1=O,1
CN(C)CCN1CCN(C2:C:C:C:C(Cl):C:2)C1=O,1
C[N+](C)([O-])CCCN1C2:C:C:C:C:C:2CCC2:C:C:C:C:C:21,1
CN[C@@H]1C[C@@H](C2:C:C:C(Cl):C(Cl):C:2)C2:C:C:C:C:C:21.[Cl-].[H+],1
C1=CC2:C:C:C:C(OCC3CNCCO3):C:2C1,1
CN(C)CCC1(C2:C:C:C:C:C:2)C=CC2:C:C:C:C:C:21,1
CC(C)NNC(=O)COC1:C:C:C(Cl):C:C:1,1
CSC1:C(Cl):N:C(NC(C)C):N:C:1N1CCN(C)CC1,1
O=C1C2:C:C:C:C:C:2S(=O)(=O)N1CCCCN1CCN(C2:N:C:C:C:N:2)CC1.[Cl-].[H+],1
CC1:C:C(C(=O)NNCC2:C:C:C:C:C:2):N:O:1,1
CC12C=CC(=O)C=C1CCC1C3CCC(O)(C(=O)CO)C3(C)CC(O)C12F,1
CC(=O)OCC(=O)[C@@]1(O)CC[C@H]2[C@@H]3CCC4=CC(=O)C=C[C@]4(C)[C@@]3(F)[C@@H](O)C[C@@]21C,1
CCC[C@@H]1O[C@@H]2C[C@H]3[C@@H]4C[C@H](F)C5=CC(=O)C=C[C@]5(C)C4(F)[C@@H](O)C[C@]3(C)[C@]2(C(=O)O[C@H](C)OC(=O)OCC)O1,1
C=C[C@@H]1CNCC[C@H]1CCCC1:C:C:N:C2:C:C:C(OC):C:C:1:2,1
CC1[C@H]2C(=O)C3:C:C:C(O):C:C:3[C@]1(C)CCN2CC1CC1,1
CC1=CC(=O)N2CC(=O)N(C)C3:C:C:C(Cl):C:C:3C2(C2:C:C:C:C:C:2)O1,1
CCC(=O)C1(C2:C:C:C:C(O):C:2)CCN(C)CC1,1
ClC1:C:N:N(CCCCN2CCN(C3:N:C:C:C:N:3)CC2):C:1,1
O=C(CN1CCC23CCCCC2C1CC1:C:C:C(O):C:C:13)C1:C:C:C:C:C:1,1
O=C1N(C2:C:C:C:C:C:2)C2:C:C:C:C:C:2C1(CC1:C:C:N:C:C:1)CC1:C:C:N:C:C:1,1
CCN(CC)C(=O)N[C@H]1C=C2C3:C:C:C:C4:[NH]:C:C(:C:3:4)C[C@H]2N(C)C1,1
CNCCC=C1C2:C:C:C:C:C:2C(C)(C)C2:C:C:C:C:C:21,1
O=C1CCNC2:C:C:C(Cl):C:C:2N1C1:C:C:C:C:C:1,1
CCC(=O)N(C1:C:C:C:C:C:1)[C@]1(C(=O)OC)CCN(CCC2:C:C:C:C:C:2)C[C@@H]1C,1
CN(CCCN1C2:C:C:C:C:C:2CCC2:C:C:C:C:C:21)CC(=O)C1:C:C:C(Cl):C:C:1.[Cl-].[H+],1
COC1:C:C:C(Cl):C2:C:1CCCC2N(C)C,1
O=C1NC2:C:C:C(Cl):N:C:2C(C2:C:C:C:C:C:2Cl)=NC1O,1
CN1CCN(/C=C2\N=C3CN=C(C4:C:C:C:C:C:4Cl)C4:C:C([N+](=O)[O-]):C:C:C:4N3C2=O)CC1,1
CN1C(=O)C(O)N=C(C2:C:C:C:C:C:2Cl)C2:C:C(Cl):C:C:C:21,1
FC(F)(F)C1:C:C:C:C(N2CCN(CCC3:N:N:C4:N:3C[C@H]3CCC[C@@H]43)CC2):C:1,1
CN1CC[C@]23NC(=O)CC(C4:C:C(Cl):C:C:C:4O2)C3C1,1
CN(C(=O)CNC(=O)CN)C1:C:C:C(Cl):C:C:1C(=O)C1:C:C:C:C:C:1Cl.O,1
COC1=CC(=O)OC1C(O)C1:C:C:C:C:C:1Cl,1
CCOC(=O)OC1(C(=O)OCCl)CCC2C3CCC4=CC(=O)C=CC4(C)C3C(O)CC21C,1
CN1CCN(C2=NC3:C:C:C:C:C:3OC3:C:C:C(Cl):C:C:32)CC1,1
CN1C2:C:C(F):C:C:C:2C(C2:C:C:C:C:C:2)=NCC1CNC(=O)C1:C:C:O:C:1,1
OC1(C2:C:C:C(Cl):C:C:2)C2:C:C:C:C:C:2C2=NCCN21,1
CN1CCN(CC(=O)[C@@]2(O)CC[C@H]3[C@@H]4CCC5=CC(=O)C=C[C@]5(C)[C@H]4[C@@H](O)C[C@@]32C)CC1,1
CC(NN)C1:C:C:C:C:C:1,1
CCC(C)C(C)(COC(N)=O)COC(N)=O,1
C[C@@H]1N=C(C2:C:C:C:C:C:2Cl)C2:C:C([N+](=O)[O-]):C:C:C:2NC1=O,1
CNC(=O)NC(O)C(Cl)(Cl)Cl,1
C[C@@H]1CC2C3CCC4=CC(=O)C=CC4(C)[C@@]3(Cl)C(Cl)CC2(C)[C@@]1(O)C(=O)CO,1
CC(=O)[C@H]1CC[C@H]2[C@@H]3C[C@H](C)C4=CC(=O)CC[C@]4(C)[C@H]3[C@@H](O)C[C@]12C,1
CCN(CC)CCNC(=O)COC1:C:C:C(OC):C:C:1.[Cl-].[H+],1
CN(C)CCC=C1C2:C:C:C:C:C:2C(C)(C)C2:C:C:C:C:C:21,1
CC1CCN(CCCC(=O)C2:C:C:C(F):C:C:2)CC1,1
CC12CC3CC(C)(C1)CC(N)(C3)C2,1
COC1:C:C:C:C:C:1OCC1CNC(=O)O1,1
COC1:C:C:C2:C(:C:1)C(O)(CCCN(C)C)C1:C:C:C:C:C:1S2,1
CN1C[C@@H](NS(=O)(=O)N(C)C)C[C@@H]2C3:C:C:C:C4:C:3:C(:C:N:4C)C[C@H]21,1
CC(=O)NC1:C:C:C:C(O):C:1,1
CC(C)(O)C(C)(O)C1:C:C:C:C(Cl):C:1,1
CN(C)CCN(CC1:C:C:C:S:1)C1:C:C:C:C:N:1,1
CCC1(CC)C(=O)NC(=O)N(C)C1=O,1
CCCC(C)C1(CCSC)C(=O)NC(=S)NC1=O,1
CC1=CCC2C3CC4:C:C:C(O):C5:C:4C2(CCN3C)C1O5,1
CO[C@H]1CC[C@H]2[C@H]3CC4:C:C:C(O):C5:C:4[C@@]2(CCN3C)[C@H]1O5,1
CCC(=O)O[C@]1(C(=O)COC(C)=O)CC[C@H]2[C@@H]3C[C@H](C)C4=CC(=O)C=C[C@]4(C)[C@H]3[C@@H](O)C[C@@]21C,1
CC1:C:C:C2:C(:C:1)C(N1CCN(C)CC1)=NC1:C:C:C:C:C:1S2,1
COC1:C:C(C(=O)OCCN2CCN(CCCN3C4:C:C:C:C:C:4SC4:C:C:C(Cl):C:C:43)CC2):C:C(OC):C:1OC,1
CS(=O)(=O)C1:C:C:C2:C(:C:1)N(CCCN1CCC(C(N)=O)CC1)C1:C:C:C:C:C:1S2,1
CN1CC[C@]23C4:C5:C:C:C(O):C:4O[C@@]2(C)C(=O)CC[C@H]3[C@H]1C5,1
COC(=O)C1C2CC3C4:[NH]:C5:C:C(OC):C:C:C:5:C:4CCN3CC2CC(OC)C1OC,1
COC1:C:C:C2:C(:C:1)C(N1CCN(C)CC1)=CC1:C:C:C:C:C:1O2,1
COC1:C:C:C2:C(:C:1):C1:C3:N:2CCN(C)C3=NCC1,1
CC[C@H](C)C(=O)O[C@H]1CCC=C2C=C[C@H](C)[C@H](CC[C@@H]3C[C@@H](O)CC(=O)O3)[C@H]21,1
CC1COC2(C3:C:C:C:C:C:3Cl)C3:C:C(Cl):C:C:C:3NC(=O)CN12,1
CNC1:N:C(Cl):C(SC):C(N2CCN(C)CC2):N:1,1
NC1=NC(C(F)(F)F)(C(F)(F)F)NC1(C(F)(F)F)C(F)(F)F,1
CCCCCNCC(N)=O,1
CO/N=C/C1=CCCN(C)C1,1
CC1:C:C(C2:C:C:C:C:C:2):N:N:C:1NCCN1CCOCC1,1
CCO[C@H]1C[C@@]2(C)[C@@H](CC[C@H]3[C@@H]4CC[C@H](C(C)=O)[C@@]4(C)C[C@@H](N(C)C)[C@@H]32)C[C@@H]1O,1
CN1[C@H]2CC[C@@H]1CC(NC(=O)C1:C:N(C3CCCCC3):C3:C:C:C:C:C:3:C:1=O)C2,1
NC(=O)CS(=O)C(C1:C:C:C:C:C:1)C1:C:C:C:C:C:1,1
C[C@@H]1C[C@H]2[C@@H]3CCC4=CC(=O)C=C[C@]4(C)[C@@]3(Cl)[C@@H](O)C[C@]2(C)[C@@]1(O)C(=O)CCl,1
CNCCCN1C2:C:C:C:C:C:2C(C)(C)C2:C:C:C:C:C:21,1
CC1(C2:C:C:C:C:C:2)CC(=O)N(CN2CCOCC2)C1=O,1
O=C1NC2CCCCN2C12CCN(CCCN1C3:C:C:C:C:C:3CCC3:C:C:C(Cl):C:C:31)CC2,1
COCN1C(=O)CN=C(C2:C:C:C:C:C:2)C2:C:C([N+](=O)[O-]):C:C:C:21,1
CNC(=O)O[C@H]1OC(=O)[C@]2(C)[C@@H]3C=C[C@@H](C3)[C@H]12,1
CC1=CC(=C2C=CC(=O)C=C2)NN=C1NCCN1CCOCC1,1
CCCCCCCCCCCCCC(=O)O[C@H]1C=C[C@H]2[C@H]3CC4:C:C:C(OCC5:C:C:C:C:C:5):C5:C:4[C@@]2(CCN3C)[C@H]1O5,1
CCCCCC(C)C(C)C1:C:C(OC(=O)CCCN2CCCCCC2):C2:C(:C:1)OC(C)(C)C1=C2CC(C)CC1,1
CCCCCCC(C)(C)C1:C:C(O):C2:C(:C:1)OC(C)(C)[C@@H]1CCC(=O)C[C@@H]21,1
O=C(CN1:C:C:N:C:1)C1:C:C:C2:C:C:C:C:C:2:C:1,1
C[C@]12C[C@H](O)[C@@]3(F)[C@@H](CCC4=CC(=O)C=C[C@@]43C)[C@@H]1C[C@H]1CC3:C:C:C:C:C:3C[C@]12C(=O)CO.O,1
OC1:C:C:C2:C3:C:1OC1C(O)CCC4(O)C(C2)N(CC2CCC2)CCC314,1
C=C1CC[C@@]2(O)[C@H]3CC4:C:C:C(O):C5:C:4[C@@]2(CCN3CC2CC2)[C@H]1O5,1
CC(C)=CCN1CC[C@]23C4:C5:C:C:C(O):C:4O[C@H]2C(=O)CC[C@@]3(O)[C@H]1C5,1
CN=C(CC1:C:C:C2:C:C:C:C:C:2:C:1)[NH2+]C.[Cl-],1
C1=C(CC2=NCNC2)CCC2:C:C:C:C:C:21,1
CC(OC1:C:C:C:C2:C:C:C:C:C:1:2)/C(N)=N/O,1
CCC1:N:N(CCCN2CCN(C3:C:C:C:C(Cl):C:3)CC2):C(=O):N:1CCOC1:C:C:C:C:C:1.[Cl-].[H+],1
CC1:C:C:C:C(C):C:1NC(=O)CN1CCCC1=O,1
O=C1:[NH]:C2:C:C:C:C:C:2:N:1C1CCN(CCCC2:N:O:C3:C:C(F):C:C:C:2:3)CC1,1
O=C(CCNNC(=O)C1:C:C:N:C:C:1)NCC1:C:C:C:C:C:1,1
CC(CCN1CCN(C2:C:C:C(F):C:C:2)CC1)NC(=O)C1:C:C:C:N:C:1,1
C/C=C\C1O[C@]2(C(=O)COC(=O)C3:C:C:N:C:C:3)CC[C@@]3(O1)[C@@H]1CCC4=CC(=O)CC[C@]4(C)[C@H]1[C@@H](O)C[C@]23C,1
CN1CC[C@]23C4:C5:C:C:C(OC(=O)C6:C:C:C:N:C:6):C:4O[C@H]2[C@@H](OC(=O)C2:C:C:C:N:C:2)C=C[C@H]3[C@H]1C5,1
O=C(C1:C:C:C:N:C:1)N1CCOCC1,1
NC(=O)C1:C:C:C:N:C:1,1
CCN(CC)C(=O)C1:C:C:C:N:C:1,1
CN1C(=O)CN=C(C2:C:C:C:C:C:2)C2:C:C([N+](=O)[O-]):C:C:C:21,1
CCC(C)C(C)(COC(N)=O)COC(=O)NC(C)C,1
CNCCC(OC1:C:C:C:C:C:1OC)C1:C:C:C:C:C:1,1
N=C(N)C1:C:C:C(C2:C:C:C:C:C:2[N+](=O)[O-]):O:1,1
C#C[C@]1(O)CC[C@H]2C3CCC4=CC5:C(:C:N:N:5C5:C:C:C(F):C:C:5)CC4(C)[C@H]3CCC21C,1
CNC/C=C(/C1:C:C:C(Br):C:C:1)C1:C:C:C:N:C:1,1
CN1CC2:C(N):C:C:C:C:2C(C2:C:C:C:C:C:2)C1,1
CCCCCCCCCNC1:N:C:N:C2:[NH]:C:C:C:1:2,1
FCC(F)(F)F,1
OC1:C:C:C2:C(:C:1)C13CCCCC1C(C2)NCC3,1
OC1:C:C:C2:C3:C:1OC1C(O)C=CC4C(C2)NCCC341,1
O=C1CN=C(C2=CCCCC2)C2:C:C(Cl):C:C:C:2N1,1
COC1:C:C:C2:C(:C:1OC)C(=O)O[C@@H]2[C@H]1C2:C(:C:C3:C(:C:2OC)OCO3)CCN1C,1
CN(C)CCON=C1C2:C:C:C:C:C:2CCC2:C:C:C:C:C:21,1
ClC1:C:C:C2:C(:C:1)/C(=C/C1CN3CCC1CC3)C1:C:C:C:C:C:1S2,1
CC1:N:C2:C(C):C:C:C:N:2:C(=O):C:1CCN1CCC(C2:N:O:C3:C:C(F):C:C:C:2:3)CC1,1
O=C(C1:C:C:C:C:N:1)C1:C:N:N2:C(C3:C:C:N:C:C:3):C:C:N:C:1:2,1
CCCCCCC(C)NN,1
CNCCC=C1C2:C:C:C:C:C:2C2CC2C2:C:C:C:C:C:21,1
O=C(CN1CC[C@H](C2:C:C:C(F):C:C:2)[C@@H](COC2:C:C:C3:C(:C:2)OCO3)C1)C1:C:C:C(F):C:C:1,1
CC(C)N1CCOC(C2:C:C:C(C(F)(F)F):C:C:2)C1,1
NC(=O)N1C2:C:C:C:C:C:2CC(=O)C2:C:C:C:C:C:21,1
CC(CC1:C:C:C:C:C:1)[N+](C)([O-])CC1:C:C:C:C:C:1,1
NC(=O)CN1CC(O)CC1=O,1
COC(=O)[C@@]1(O)CC[C@H]2C3CCC(=O)C4C(=O)C=CC4(C)[C@H]3C(O)CC21C,1
NC(CC1:C:[NH]:C2:C:C:C(O):C:C:1:2)C(=O)O,1
CN(C)C(=O)COC1C2:C:C:C:C:C:2CCC2:C:C:C:C:C:21,1
CC(C)CCC(=O)CC1C2:C:C:C:C:C:2C(=O)N1C1:C:C:C2:C:C:C(Cl):N:C:2:N:1,1
CC(C)N1:C(=O):C2:C(C3:N:O:C(C4CC4):N:3):N:C:N:2:C2:C:C:C:C:C:2:1,1
COC1:C:C:C(N2C[C@H](CN3CCC(O)(C4:C:C:C5:C(:C:4)OCO5)CC3)OC2=O):C:C:1,1
NC1:C:C(OCC2CC2):C(C(=O)NC2CN3CCC2CC3):C:C:1Cl,1
O=C(NC(=O)C1:C:C:C:C:C:1)NC1CCN(CC2:C:C:C3:C:C:C:C:C:3:C:2)CC1,1
CC1OC(C)OC(C)O1,1
CC(=O)OCC(=O)[C@@]1(O)[C@H](C)C[C@H]2[C@@H]3C[C@H](F)C4=CC(=O)C=C[C@]4(C)[C@H]3[C@@H](O)C[C@@]21C,1
C#CCN(C)CC1:C:C:C:C:C:1,1
FC1:C:C:C([C@@H]2CCNC[C@H]2COC2:C:C:C3:C(:C:2)OCO3):C:C:1,1
O=C(CC1C2:C:C:C:C:C:2C(=O)N1C1:C:C:C2:C:C:C(Cl):N:C:2:N:1)N1CCC2(CC1)OCCO2,1
OC1(C2:C:C:C(Cl):C(C(F)(F)F):C:2)CCN(CCCC(C2:C:C:C(F):C:C:2)C2:C:C:C(F):C:C:2)CC1,1
CC(OC(N)=O)C(C)C(C)OC(N)=O,1
CCCCCN[C@@]12C=CC(=O)[C@@H]3OC4:C(O):C:C:C5:C:4[C@@]31CCN(C)[C@@H]2C5,1
OCC1(CO)COC(C(Cl)(Cl)Cl)OC1,1
CN1CCN(C2=NC3:C:C:C:C:C:3SC3:N:C:C:N:32)CC1,1
C1:C:C:C(C2:N:C(N3CCNCC3):C:C3:C:C:C:C:C:2:3):C:C:1,1
O=C1[C@H]2CCCC[C@H]2C(=O)N1CCCCN1CCN(C2:N:S:C3:C:C:C:C:C:2:3)CC1,1
OC(OCC(COC(O)C(Cl)(Cl)Cl)(COC(O)C(Cl)(Cl)Cl)COC(O)C(Cl)(Cl)Cl)C(Cl)(Cl)Cl,1
NC(=O)NC(=O)CC1:C:C:C:C:C:1,1
CC1C2CC3:C:C:C(O):C:C:3C1(C)CCN2CCC1:C:C:C:C:C:1,1
CCC(C(=O)NC(N)=O)C1:C:C:C:C:C:1,1
CC1NCCOC1C1:C:C:C:C:C:1,1
CC(COC1:C:C:C:C:C:1)NN,1
CN1C(=O)CC(C2:C:C:C:C:C:2)C1=O,1
O=C([O-])C1:C:C:C:C:C:1OC1:C:C:C:C:C:1,1
CCC1(CC)C(=O)NC(=O)N(C2:C:C:C:C:C:2)C1=O,1
O=C(C1:C:C:C:C:N:1)N1CCN(CC2:C:C:C:C:C:2)CC1,1
CCC[C@]1(C2:C:C:C:C(O):C:2)CCN(C)C[C@@H]1C,1
CC(=O)NC1:C:C:C(OC(=O)[C@@H]2CCC(=O)N2):C:C:1,1
C1:C:C:C(C2:C:C(CCC3CCNCC3):C3:C:C:C:C:C:3:N:2):C:C:1,1
CC(=O)C1:C:C:C2:C(:C:1)N(CCCN1CCC(CCO)CC1)C1:C:C:C:C:C:1S2,1
O=C(OCCN1CCCCC1)C(O)(C1:C:C:C:C:C:1)C1:C:C:C:C:C:1,1
CN1CCN(C2:C:C3:C(:N:N:2)OC2:C:C:C:C:C:2N3C)CC1,1
CCCCCCCCCCCCCCCC(=O)OCCC1CCN(CCCN2C3:C:C:C:C:C:3SC3:C:C:C(S(=O)(=O)N(C)C):C:C:32)CC1,1
CCC1:C(C):[NH]:C2:C:1C(=O)[C@@H]1CN(C)CC[C@H]1C2,1
NC(=O)CN1CCCC1=O,1
CN(C)CCC1(C)OCCC2=C1C1:C:C:C:C:C:1C2,1
CC1:C:C:C:C:C:1N1:C(/C=C/C2:C:C:C:C:N:2):N:C2:C:C:C:C:C:2:C:1=O,1
N#CC(CCN1CCC(C(N)=O)(N2CCCCC2)CC1)(C1:C:C:C:C:C:1)C1:C:C:C:C:C:1,1
CC1:C:C:C2:C(:C:1):C1:C3:N:2CCNC3CCC1.[Cl-].[H+],1
CC(C)(C)C(=O)NCCCC(=O)O,1
CC(C)(C)C(=O)OC1N=C(C2:C:C:C:C:C:2)C2:C:C(Cl):C:C:C:2NC1=O,1
CC(C)N(CCNC(=O)CN1CCCC1=O)C(C)C,1
O=C1NC(=O)C(CC2CCCCN2)(C2:C:C:C:C:C:2)C(=O)N1,1
CCOC(=O)O[C@]1(C(=O)COC(=O)CC)CC[C@H]2[C@@H]3CCC4=CC(=O)C=C[C@]4(C)[C@H]3[C@@H](O)C[C@@]21C,1
CCN(CC)CC(=O)OCC(=O)C1(O)CCC2C3CCC4=CC(=O)C=CC4(C)C3C(O)CC21C,1
CCCCCCCCCCCCCCCCCC(=O)OCC(=O)OCC(=O)[C@@]1(O)CC[C@H]2[C@@H]3CCC4=CC(=O)C=C[C@]4(C)[C@H]3[C@@H](O)C[C@@]21C,1
CC(C)(C)CC(=O)OCC(=O)[C@@]1(O)CC[C@H]2[C@@H]3CCC4=CC(=O)C=C[C@]4(C)[C@H]3[C@@H](O)C[C@@]21C,1
C=C1CC2C3CCC4=CC(=O)C=CC4(C)C3C(O)CC2(C)C1(O)C(=O)CO,1
CC(C)C[C@H](CN)CC(=O)O,1
CC(=O)C1CCC2C3CC=C4CC(OC(=O)CCC(=O)O)CCC4(C)C3CCC12C,1
CCN1CCC(=C(C2:C:C:C:C:C:2)C2:C:C:C:C:C:2)C1.[Cl-].[H+],1
CNNCC1:C:C:C(C(=O)NC(C)C):C:C:1,1
CCC(OC(N)=O)C1CCCCC1,1
O=C1CN=C(C2:C:C:C:C:C:2F)C2:C:C(Cl):C:C:C:2N1CC(O)CO,1
NC(=O)CCCN/C(=C1\C=C(F)C=CC1=O)C1:C:C:C(Cl):C:C:1,1
CCCC(CC1:C:C:C:C:C:1)N1CCCC1,1
CC(C)C1(C(C)C)OCC(CO)O1,1
CCN(CC)CC(=O)OC1:C:C:C(NC(C)=O):C:C:1,1
[CH2-][CH-]C,1
CC(CN1C(=O)C2:C:C:C:N:C:2NC2:C:C:C:C:C:21)N(C)C,1
CCC(=O)C1(N2CCCCC2)CCN(CCCC(=O)C2:C:C:C(F):C:C:2)CC1,1
CN(C)CCC=C1C2:C:C:C:C:C:2SC2:C:C:C:C:C:21,1
C=CCC1(CC(C)O)C(=O)NC(=O)NC1=O,1
OC1:C:C:C2:C(:C:1)C13CCN(CC4CC4)C(C2)C1CCOC3,1
CC(O)CN1:C:N:C2:C:1:C(=O):N(C):C(=O):N:2C,1
CN(C)CCC1:C:[NH]:C2:C:C:C:C(OP(=O)(O)O):C:1:2,1
C1:C:C:C2:O:C(C3:C:C:N:C:C:3):C:C:2:C:1,1
CC1:N:C:C(CSSCC2:C:N:C(C):C(O):C:2CO):C(CO):C:1O,1
OCCOCCN1CCN(C2=NC3:C:C:C:C:C:3SC3:C:C:C:C:C:32)CC1,1
CN1CC[C@@]2(C)C3:C:C(OC(=O)N4CCC5:C:C:C:C:C:5C4):C:C:C:3N(C)[C@@H]12,1
CCCN1CC(NS(=O)(=O)N(CC)CC)CC2CC3:C(O):C:C:C:C:3CC21,1
CN(C)CCOC1(CC2:C:C:C:C:C:2)CC2CCC1(C)C2(C)C,1
C#CCN[C@@H]1CCC2:C:C:C:C:C:21,1
O=C1COC(N2CCN=C(C3:C:C:C:C:C:3Cl)C3:C:C(Cl):C:C:C:32)=N1,1
CC(CC1:C:C:C:C:C:1)(NC(=O)CN)C1:C:C:C:C:C:1,1
CCC(=O)N(C1:C:C:C:C:C:1)C1(C(=O)OC)CCN(CCC(=O)OC)CC1,1
CCC(=O)C1(O)CCC2C3CCC4=CC(=O)CCC4(C)C3C(O)CC21C,1
CCOC(=O)NC1:C:C:C(NCC2:C:C:C(F):C:C:2):C:C:1N,1
CN1[C@H]2CC[C@@H]1CC(NC(=O)N1CC(C)(C)C3:C:C:C:C:C:31)C2,1
CN(C)C(=O)C1:N:C(CNC(=O)CN):N(C2:C:C:C(Cl):C:C:2C(=O)C2:C:C:C:C:C:2Cl):N:1,1
CC1CN(CCCN2:C3:C:C:C:C:C:3:C3:C:C:C:C:C:3:2)CC(C)N1,1
CCC(=O)[C@@]1(C)[C@H](C)C[C@H]2[C@@H]3CCC4=CC(=O)C=C[C@]4(C)[C@H]3[C@@H](O)C[C@@]21C,1
CCN1:N:C(C):C2:C:1C(C1:C:C:C:C:C:1)=NCC(=O)N2,1
CCN(C)C(=O)OC1:C:C:C:C([C@H](C)N(C)C):C:1,1
NC(=O)C1:C:C:C(F):C2:C:1C[C@@H](N(C1CCC1)C1CCC1)CO2,1
CC(C)OCC(COC(C)C)OCN1:C:N:C2:C:N:C(N):N:C:2:1,1
O=C1CCN=C2CC(C3:C:C:C:C:C:3)CN12,1
CCC[C@@H]1O[C@@H]2C[C@H]3[C@@H]4C[C@H](F)C5=CC(=O)CC[C@]5(C)[C@@]4(F)[C@@H](O)C[C@]3(C)[C@]2(C(=O)CO)O1,1
O=C1CCC(C(=O)NC2CC2C2:C:C:C:C:C:2)N1,1
COC1:C:C:C(C2CNC(=O)C2):C:C:1OC1CCCC1,1
CN1C[C@H](CN2CC(=O)NC(=O)C2)C=C2C3:C:C:C:C4:[NH]:C:C(:C:3:4)C[C@H]21,1
FC1:C:C:C:C(Br):C:1NC1=NCCN1,1
CN1C(=O)CC2(CCN(CCCC(=O)C3:C:C:C(F):C:C:3)CC2)C1=O,1
CON=C(C#N)C1CN2CCC1CC2,1
OCC1:C:C:C:C:C:1O[C@@H]1O[C@H](CO)[C@@H](O)[C@H](O)[C@H]1O,1
NC(=O)C1:C:C:C:C:C:1O,1
O=C(OC1:C:C:C:C:C:1C(=O)O)C1:C:C:C:C:C:1O,1
CCCCCCN1CCC(C(=O)N(C)CC)(C2:C:C:C:C:C:2)CC1,1
CCCC(=O)N(C)CC1:C(C2:C:C:C(Cl):C:C:2):N:C2:C:C:C:C:N:1:2,1
N#CC1:C:C:C2:C(:C:1)C1=C(CCN(CC3CCCC3)CC1)C1:C:C:C:C:C:1O2,1
C#CCN(C)[C@H](C)CC1:C:C:C:C:C:1,1
COCCN1CC[C@]23C4:C5:C:C:C(O):C:4O[C@H]2C(=O)CC[C@@]3(O)[C@H]1C5,1
O=C1NCCN1CCN1CCC(C2:C:N(C3:C:C:C(F):C:C:3):C3:C:C:C(Cl):C:C:2:3)CC1,1
CN1CCC2=C(C1)C1:C:C:C:C:C:1CC1:C:C:C:C:C:12,1
C1:C:N:C:C(CC2(CC3:C:C:N:C:C:3)C3:C:C:C:N:C:3C3:N:C:C:C:C:32):C:1.O,1
CC(C)CC(N(C)C)C1(C2:C:C:C(Cl):C:C:2)CCC1,1
CN1CCN(C2:C:C:C:C:C:2CC2:C:C:C:C:C:2)CC1,1
CCC(C)(C)C(=O)O[C@H]1C[C@@H](C)C=C2C=C[C@H](C)[C@H](CC[C@@H]3C[C@@H](O)CC(=O)O3)[C@H]21,1
CC1:C:C(NC(=O)C2:C(C):C:C:C:C:2C):N:O:1,1
O=C(CCCN1CCC2(CC1)C(=O)NCN2C1:C:C:C:C:C:1)C1:C:C:C(F):C:C:1,1
CN(C(=O)CC1:C:C:C(Cl):C(Cl):C:1)[C@H]1CC[C@@]2(CCCO2)C[C@@H]1N1CCCC1,1
O=C1NCN(C2:C:C:C:C:C:2)C12CCN(CCCOC1:C:C:C(F):C:C:1)CC2,1
C/C(=C/CCN1CCC2(CC1)C(=O)NCN2C1:C:C:C:C:C:1)C1:C:C:C(F):C:C:1,1
CN(C)CC1COC2(O1)C1:C:C:C:C:C:1COC1:C:C:C:C:C:12,1
CCN(CC)C(=O)N1CCN(CCCC2:N:C3:C(:C(=O):N(C):C(=O):N:3C):N:2C)CC1,1
CC(C)(C)C(O)/C=C/C1:C:C:C2:C(:C:1)OCO2,1
NS(=O)(=O)C1:C:C:C(N2C(=O)CC(C3:C:C:C:C:C:3)C2=O):C(Cl):C:1,1
CCS(=O)(=O)C(C)(C)S(=O)(=O)CC,1
COC1:C:C:C(S(N)(=O)=O):C:C:1C(=O)NCC1CCCN1C,1
NS(=O)(=O)C1:C:C:C(N2CCCCS2(=O)=O):C:C:1,1
CCN1CCCC1CNC(=O)C1:C:C(S(=O)(=O)CC):C:C:C:1OC,1
CSCC[C@H](NC(C)=O)C(=O)OC1:C:C:C(NC(C)=O):C:C:1,1
O=C1CCC(=O)N1CC1CCC2CN(C3:N:C:C:C:N:3)CCN2C1,1
CCC(=O)N1CCN(C(=O)OC2C3=C(SCCS3)C(=O)N2C2:C:C:C3:C:C:C(Cl):N:C:3:N:2)CC1,1
CN1CCN(C(=O)OC2C3=C(SCCS3)C(=O)N2C2:C:C:C3:C:C:C(Cl):N:C:3:N:2)CC1,1
CN1:N:C(C2:C:C:C:C(F):C:2):N(C):C:1=S,1
O=C1CCC(N2C(=O)C3C4CCC(C4)C3C2=O)C(=O)N1,1
CNCCCC1(C2:C:C:C:C:C:2)OC(C)(C)C2:C:C:C:C:C:21,1
CNCCCC1(C2:C:C:C:C:C:2)SC(C)(C)C2:C:C:C:C:C:21,1
CC(C)NS(=O)(=O)CCN1C(=O)C2:C:C:C:C:C:2C1=O,1
CN1:C(=O):C2:C(:N:C:N:2CCN2CCC(C3:C:[NH]:C4:C:C:C:C:C:3:4)CC2):N(C):C:1=O,1
CNC1CCC(C2:C:C:C:C:C:2)C2:C:C:C:C:C:21,1
COC1:C:C:C(C(O)CN2CCN(C(C3:C:C:C:C:C:3)C3:C:C:C:C:C:3)CC2):C:C:1OC,1
CN(C)CCCN1C2:C:C:C:C:C:2C(C2:C:C:C:C:C:2)=NC2:C:C:C:N:C:21,1
CCN1:C2:C(:C3:C:C:C:C:C:3:1)CCSC2(C)CCN(C)C,1
O=C(O)CC(O)(CC(=O)O)C(=O)O.O=C1[C@H]2[C@@H]3CC[C@@H](C3)[C@H]2C(=O)N1CCCCN1CCN(C2:N:C:C:C:N:2)CC1,1
COC1:N:C2:N:C(C3:N:O:C(C):N:3):C:N:2:C2:C:1CCCC2,1
CC1:N:C(C):C2:C(:N:1)N(CC1:C:C:C(C3:C:C:C:C:C:3C3:N:N:[NH]:N:3):C:C:1)C(=O)CC2,1
CCCCCCSC1:N:S:N:C:1C1=CCCN(C)C1,1
OCCN1CCN([C@@H]2C[C@@H](C3:C:C:C(F):C:C:3)C3:C:C:C(C(F)(F)F):C:C:32)CC1,1
OCCN1CCN(CCCC2C3:C:C:C(F):C:C:3SC3:C:C:C(C(F)(F)F):C:C:32)CC1,1
O=C1NCCNC1C1:C:C:C:S:1,1
CCCN1CC=C(C2:C:[NH]:C3:C:C:C(Cl):C:C:2:3)CC1,1
CCN(CC)C(=O)N[C@H]1C[C@@H]2C3:C:C:C:C4:[NH]:C:C(:C:3:4)C[C@H]2N(C)C1,1
CCCC(CC)C1(CC)C(=O)NC(=O)NC1=O,1
O=C1NC(=O)C2(CCC3:C:C:C:C:C:3C2)N1,1
O=C1CCC(N2C(=O)C3:C:C:C:C:C:3C2=O)C(=O)N1,1
COC1:C:C:C2:C3:C:1OC1C(OC(C)=O)=CCC4C(C2)N(C)CCC314,1
C=CCC1(C2C=CCCC2)C(=O)NC(=S)NC1=O,1
C=CCC1(C(C)CCC)C(=O)NC(=S)NC1=O,1
CN(C)CCN1C(=O)CC(C2:C:C:C:C:C:2)SC2:C:C:C:C:C:21,1
CC(=O)OCCN1CCN(CCCN2C3:C:C:C:C:C:3SC3:C:C:C(Cl):C:C:32)CC1,1
CN1CCN(CCCN2C3:C:C:C:C:C:3SC3:C:C:C(S(=O)(=O)N(C)C):C:C:32)CC1,1
CN(C)C1=NC(=O)C(C2:C:C:C:C:C:2)O1,1
CC1:C:C:S:C:1C(=CCCN1CCC[C@@H](C(=O)O)C1)C1:S:C:C:C:1C,1
CN1C2:C:C:C:C:C:2C(NCCCCCCC(=O)O)C2:C:C:C(Cl):C:C:2S1(=O)=O,1
CC1:C:S:C2:C:C:C3:[NH]:C4:C(:C:3:C:1:2)CN(C)CC4,1
S=C1NCCC(COC2:C:C:C:C:C:2)O1,1
CCOC(=O)C1(C2:C:C:C:C:C:2)CCC=CC1N(C)C.[Cl-].[H+],1
CN1CCN2C3:C:C(F):C:C:C:3C(C3:C:C:C:S:3)=NCC2C1,1
O=C(CCCN1CCC(N2:C(=S):[NH]:C3:C:C:C:C:C:3:2)CC1)C1:C:C:C(F):C:C:1,1
N=C1SCCN1C1:C:C:C(Cl):C:C:1N,1
CSC(=O)C1(OC(C)=O)[C@@H](C)C[C@H]2[C@@H]3CCC4=CC(=O)C=C[C@]4(C)C3(F)[C@@H](O)C[C@@]21C,1
CCS(=O)(=O)CCN1:C([N+](=O)[O-]):C:N:C:1C,1
CN1CC(CSC2:C:C:C:C:N:2)C=C2C3:C:C:C:C4:[NH]:C:C(:C:3:4)CC21,1
CCCSC1:C:C:C:C:C:1N1CCN(CCCCN2:C(=O):[NH]:C3:C:C:C:C:C:3:C:2=O)CC1,1
O=C1CC2(CCCC2)CC(=O)N1CCCCN1CCN(C2:N:S:C3:C:C:C:C:C:2:3)CC1,1
CCS[C@]1(SC)CC[C@H]2[C@@H]3CCC4=CC(=O)C=C[C@]4(C)[C@@]3(F)[C@@H](O)C[C@@]21C,1
COC1:C:C2:C(:C:C:1OC)S(=O)(=O)OC(C(=O)NC(C)CC(C)(C)N(C)C)C2,1
CC(CC1:C:C:C:C:C:1)NCCC1C2:C:C:C:C:C:2SC2:C:C:C:C:C:21,1
C[C@]12C[C@H](O)[C@H]3[C@@H](CCC4=CC(=O)CC[C@@]43C)[C@@H]1CC[C@]2(O)C(=O)CS,1
CC(C)(C)C(=O)SCC(=O)[C@@]1(O)CC[C@H]2[C@@H]3CCC4=CC(=O)CC[C@]4(C)[C@H]3[C@@H](O)C[C@@]21C,1
CNCCOC(C1:C:C:C:C:C:1)C1:C:C:C:C:C:1C,1
CCC1C(C)=NN=C(C2:C:C:C(OC):C(OC):C:2)C2:C:C(OC):C(OC):C:C:21,1
CC1:C:C:C:C:C:1OCC(COC(O)C(Cl)(Cl)Cl)OC(O)C(Cl)(Cl)Cl,1
CC1:C:C:C:C(N2CCN(CCC3:C:C(C):[NH]:N:3)CC2):C:1,1
CCC1(O)CCN2CCC3:C:C:C(C):C:C:3C2C1,1
CC1:C:C:C(S(=O)(=O)CCN2C(=O)CN=C(C3:C:C:C:C:C:3Cl)C3:C:C(Cl):C:C:C:32):C:C:1,1
CCCCCC(=O)CC[C@]1(C)[C@@H]2CC3:C:C:C(O):C:C:3[C@@]1(C)CCN2C,1
CC1(C)O[C@@H]2CO[C@@]3(COS(N)(=O)=O)OC(C)(C)O[C@H]3[C@@H]2O1,1
CCCCNC1:C(C(=O)OCC):C(C):N:C2:C:1:C:N:N:2CC,1
CC1(C)O[C@@H]2CC3C4C[C@H](F)C5=CC(=O)C=CC5(C)[C@@]4(Cl)[C@@H](Cl)CC3(C)[C@]2(C(=O)CF)O1,1
COC1:C:C:C:C([C@@]2(O)CCCC[C@@H]2CN(C)C):C:1.[Cl-].[H+],1
CC1OC2:C:C:C:C:C:2CC1N(C)C,1
CCC(=O)N(C1:C:C:C:C:C:1F)C1(C2:C:C:C:C:C:2)CCN(CCN2:N:N:N(CC):C:2=O)CC1.[Cl-].[H+],1
CC(CNC(=O)C1:C:C:C:C:C:1)C(=O)OCC(=O)[C@@]12OC(C)(C)O[C@@H]1C[C@H]1[C@@H]3CCC4=CC(=O)C=C[C@]4(C)[C@@]3(F)[C@@H](O)C[C@@]12C,1
CC1(C)O[C@@H]2C[C@H]3[C@@H]4CCC5=CC(=O)C=C[C@]5(C)[C@@]4(F)[C@@H](O)C[C@]3(C)[C@]2(C(=O)COC(=O)C2:C:C3:C:C:C:C:C:3:O:2)O1,1
OC(Br)(Br)CBr,1
CCN(CC)C(=O)CNC(=O)C1:C:C(OC):C(OC):C(OC):C:1,1
O=C1N(C(O)C(Cl)(Cl)Cl)CNC1(C1:C:C:C:C:C:1)C1:C:C:C:C:C:1,1
O=P(O)(O)OCC(Cl)(Cl)Cl,1
CC1(C)O[C@@H]2C[C@H]3C4C[C@H](F)C5=CC(=O)C=CC5(C)[C@@]4(Cl)[C@@H](Cl)CC3(C)[C@]2(C(=O)CCl)O1,1
N/C(N=O)=C1\NNC2:C:C:C:C:C:2N(CC2:C:C:C:C:C:2)C1=O,1
COC1:C:C(C(=O)N2CCCCCCC2):C:C(OC):C:1OC,1
N[C@@H](CC1:C:[NH]:C2:C:C:C:C:C:1:2)C(=O)O,1
C=CCONC1=NC2:C:C:C(Cl):C:C:2C(C2:C:C:C:C:C:2Cl)=NC1,1
CCCCN1C(=O)C2C(=O)N(CCCCN3CCN(C4:C:C:C:C:C:4OC)CC3)C(=O)C(C1=O)C2(C)C,1
CCOC(N)=O,1
CC(C)[C@H](N)C(=O)OCCOCN1:C:N:C2:C(=O):N:C(N):[NH]:C:2:1,1
CCCC(CCC)(CCC)C(N)=O,1
CC(C)[C@H](N)C(=O)OCC(CO)OCN1:C:N:C2:C(=O):N:C(N):[NH]:C:2:1,1
CCCC(CCC)C(=O)OCOC(=O)C(C)(C)C,1
CC(=O)OCC1=CO[C@@H](OC(=O)CC(C)C)[C@H]2C1=C[C@H](OC(=O)CC(C)C)[C@]21CO1,1
NC1:C2:C(:N:C3:C:C:C:C:C:1:3)CCCC2O,1
COC1:C:C:C(C(CN(C)C)C2(O)CCCCC2):C:C:1,1
C=CCN1CCCC1CNC(=O)C1:C:C(S(N)(=O)=O):C:C(OC):C:1OC,1
C=CC(N)CCC(=O)O,1
CCOC1:C:C:C:C:C:1OCC1CNCCO1,1
CC1:C(C):C2:C(:C(C):C:1O)CC[C@@](C)(CCC[C@H](C)CCC[C@H](C)CCCC(C)C)O2,1
FC(F)(F)C1:C:C:C:C(C2=CCN(CCC3:C:C:C4:C:C:C:C:C:4:C:3)CC2):C:1,1
OCCCN1CCN(CCCC2C3:C:C:C:C:C:3SC3:C:C:C(Cl):C:C:32)CC1,1
C=C1C[C@H](C)[C@H]2[C@H]3CC4:C:C:C(O):C:C:4[C@@]2(CCN3CC2CCC2)C1,1
CC1:C:C:C:C(C):C:1NC1=NCCCS1,1
CC(C)C(CCCCCC(=O)O)NCC1:C:C:C(F):C:C:1,1
O=C1[C@H]2[C@H]3C=C[C@H]([C@@H]4C=C[C@@H]43)[C@H]2C(=O)N1CCCCN1CCN(C2:N:C:C:C:N:2)CC1,1
CC1(C)CN(CCN2CCN(C3:C:C:C:C(Cl):C:3)C2=O)C1,1
O=C1CC2:C:C(CCN3CCN(C4:N:S:C5:C:C:C:C:C:4:5)CC3):C(Cl):C:C:2N1,1
CC1:N:N(C):C2:C:1C(C1:C:C:C:C:C:1F)=NCC(=O)N2C,1
COC1:C:C:C:C:C:1N1CCN(CCC2:O:C(=O):[NH]:C:2C2:C:C:C(F):C:C:2)CC1,1
CC(C1:N:O:C2:C:C:C(Cl):C:C:1:2)N1:C:C:N:C:1,1
CN1CCN(C(=O)OC2C3:N:C:C:N:C:3C(=O)N2C2:C:C:C(Cl):C:N:2)CC1,1
CN(C)CCOC1=CC2:C:C:C:C:C:2SC2:C:C:C(Cl):C:C:21,1
CCN[C@H](CC1:C:C:C:C:C:1)[C@H]1CCCO1,1
CC(=O)C1:C:C:C2:C(:C:1)N(CC(C)N(C)C)C1:C:C:C:C:C:1S2,1
CN(C)CC1:N:N:C2:N:1C1:C:C:C(Cl):C:C:1C(C1:C:C:C:C:C:1)=NC2,1
C=CCN1C(=O)C(CC(C)C)NC1=S,1
C[C@@H]1C[C@H]2[C@H]3[C@H]([C@@H](O)C[C@]2(C)[C@@]1(O)C(=O)CO)[C@@]1(C)C=CC(=O)C=C1C[C@H]3Cl,1
C=CCC(N)CC1:C:C:C:C:C:1,1
CC(=O)[C@@]1(O)[C@H](O)C[C@H]2[C@@H]3CCC4=CC(=O)CC[C@]4(C)[C@H]3CC[C@@]21C,1
CC(CN(C)C)CN1C2:C:C:C:C:C:2SC2:C:C:C:C:C:21,1
CCOC(=O)C1:[NH]:C2:C:C(OC):C(OC):C:C:2:C:1CCN1CCN(C2:C:C:C:C:C:2)CC1,1
CCC(=O)OC1(C2:C:C:C:C:C:2)CCN(C)CC1C,1
CCCN(CCC)C(=O)CC1:C(C2:C:C:C(Cl):C:C:2):N:C2:C:C:C(Cl):C:N:1:2,1
CCCC(=O)O[C@]1(C(=O)COC(C)=O)CC[C@H]2[C@@H]3C[C@H](C)C4=CC(=O)CC[C@]4(C)[C@H]3[C@@H](O)C[C@@]21C,1
CNCCCC1(C)C(=O)N(C2:C:C:C:C:C:2)C2:C:C:C:C:C:21,1
CCN1:C:C(C(=O)O):C(=O):C2:C:C:C(CC3:C:C:C:C:C:3):N:C:2:1,1
CC1:C:C(N(C)C):C:C:C:1C[C@H](C)N.O=C(O)[C@H](O)[C@@H](O)C(=O)O,1
CCC1(C2:C:C:C(N):C:C:2)CCC(=O)NC1=O,1
CN(C)CC(CN1C2:C:C:C:C:C:2SC2:C:C:C:C:C:21)N(C)C,1
CN(C)C(=O)C1(C2:C:C:C(Cl):C:C:2)CCN(CCCC(=O)C2:C:C:C(F):C:C:2)CC1,1
ClC1:C:C:C2:C(:C:1)C(N1CCNCC1)=NC1:C:C:C:C:C:1O2,1
COC1:C:C:C:C:C:1N1CCN(CCCC(O)C2:C:C:C(F):C:C:2)CC1,1
CN1CCN2C3:C:C:C:C:C:3CN3:C:C:C:C:3C2C1.O=C(O)/C=C\C(=O)O,1
CCOC(=O)N1CCC(=O)N(C2:C:C:C:C:C:2)C2:C:C(Cl):C:C:C:21,1
CN(C(=O)C(C1:C:C:C:C:C:1)C1:C:C:C:C:C:1)[C@H](CN1CC[C@H](O)C1)C1:C:C:C:C:C:1,1
CC1:C(C):C2:C:C:C(OCC3:N:N:C(C(C)C):S:3):C:C:2:O:C:1=O,1
N#CC1:C:C(C2:C:C:C:C:C:2):N:N:C:1NCCN1CCOCC1,1
CCC(=O)OCC(=O)[C@@]1(OC(=O)CC)[C@@H](C)C[C@H]2[C@@H]3CCC4=CC(=O)C=C[C@]4(C)[C@@]3(Cl)[C@@H](O)C[C@@]21C,1
O=C(C1:C:C2:C:C:C:C:C:2:O:1)N1CCN(CC2:C:C:C:C:C:2)CC1,1
CC1:C:C:C:C2:C:1OC1:C:C:C:C:C:1[C@@]1(O)CCN(C)C[C@@H]21,1
CC(NNC(=O)C1:C:C:C:C:C:1)C1:C:C:C:C:C:1,1
CCC1(C2:C:C:C:C:C:2)C(=O)NC(=O)N(C(=O)C2:C:C:C:C:C:2)C1=O,1
O=C(OC1CN2CCC1CC2)C1:C:C:C:C:C:1,1
CNCC12CCC(C3:C:C:C:C:C:31)C1:C:C:C:C:C:12,1
CC(CC1:C:C:C:C:C:1)N(C)CC1:C:C:C:C:C:1,1
CCCN(C1:C:C:N:C:C:1)N1:C:C:C2:C:C:C:C:C:2:1.[Cl-].[H+],1
CCC(O)C(CC(C)N(C)C)(C1:C:C:C:C:C:1)C1:C:C:C:C:C:1,1
CC(=O)OCC(=O)[C@@]1(OC(=O)C(C)C)[C@@H](C)C[C@H]2[C@@H]3CCC4=CC(=O)C=C[C@]4(C)[C@@]3(F)[C@@H](O)C[C@@]21C,1
CC(=O)OCC(=O)[C@@]1(O)[C@@H](C)C[C@H]2[C@@H]3CCC4=CC(=O)C=C[C@]4(C)[C@@]3(F)[C@@H](O)C[C@@]21C,1
CCC(=O)OCC(=O)[C@@]1(OC(=O)CC)[C@@H](C)C[C@H]2[C@@H]3CCC4=CC(=O)C=C[C@]4(C)[C@@]3(F)[C@@H](O)C[C@@]21C,1
CNCCCCOC1:C:C:C:C:C:1CC1:C:C:C:C:C:1.[Cl-].[H+],1
CN(C)CCN(C)N1:C:C(C2:C:C:C:C:C:2):C2:C:C:C:C:C:2:1,1
C=CCC1(CC(=C)Br)C(=O)NC(=O)NC1=O,1
CCN1:N:N:N(CCN2CC[C@H](N(C(=O)COC)C3:C:C:C:C:C:3F)[C@H](C)C2):C:1=O,1
COC1:C:C(Br):C2:O:C(C3CCNCC3):C:C:2:C:1,1
CN(C)C(=O)CCNC1:C:C:C(Br):C:C:1,1
CN(C)CCOC(C1:C:C:C:C:C:1)C1:C:C:C(Br):C:C:1,1
CCN(CC)CCNC(=O)C1:C:C(Br):C(N):C:C:1OC,1
CCCCCCCCCC(=O)OC1(C2:C:C:C(Br):C:C:2)CCN(CCCC(=O)C2:C:C:C(F):C:C:2)CC1,1
CCCC1O[C@@H]2C[C@H]3[C@@H]4CCC5=CC(=O)C=C[C@]5(C)[C@H]4[C@@H](O)C[C@]3(C)[C@]2(C(=O)CO)O1,1
CC(C)(C)N1CCC(C2:C:C:C:C:C:2)(C2:C:C:C:C:C:2)CC1,1
CN(C)CCOC(C1:C:C:C:C:C:1)C1:C:C:C:C:C:1C(C)(C)C,1
O=C1CC2(CCCC2)CC(=O)N1CCCCN1CCN(C2:N:C:C:C:N:2)CC1,1
C=CCC1(CC(C)C)C(=O)NC(=O)NC1=O,1
CCCCNCC1COC2:C:C:C:C:C:2O1,1
CC(CC1C2:C:C:C:C:C:2CCC2:C:C:C:C:C:21)CN(C)C,1
CCOC(=O)NNC(C)C1:C:C:C:C:C:1,1
CCOC(=O)NC(O)C(Cl)(Cl)Cl,1
CCC(Br)(CC)C(=O)NC(N)=O,1
CCC(=O)N(C1:C:C:C:C:C:1)C1(C(=O)OC)CCN(CCC2:C:C:C:C:C:2)CC1,1
NC(=O)C1(N2CCCCC2)CCN(CCCN2C3:C:C:C:C:C:3CCC3:C:C:C:C:C:32)CC1,1
FC1:C:C:C2:[NH]:C3:C(:C:2:C:1)CN(CCC1:C:C:N:C:C:1)CC3,1
CN(C)C(C)(CO)CC1:C:C:C(Cl):C(Cl):C:1.[Cl-].[H+],1
CN1CCN(C(C2:C:C:C:C:C:2)C2:C:C:C(Cl):C:C:2)CC1,1
CCCC(O)Cl,1
CC(=O)OCC(=O)[C@@]1(O)CC[C@H]2[C@@H]3C[C@H](Cl)C4=CC(=O)C=C[C@]4(C)[C@H]3C(=O)C[C@@]21C,1
COC(=O)[C@H]1[C@H]2C[C@@H]3C4:[NH]:C5:C:C:C(Cl):C:C:5:C:4CCN3C[C@H]2C[C@@H](OC(=O)C2:C:C(OC):C(OC):C(OC):C:2)[C@@H]1OC,1
NC(=O)OCC(O)COC1:C:C:C(Cl):C:C:1,1
CN(C)CCOC(C)(C1:C:C:C:C:C:1)C1:C:C:C(Cl):C:C:1,1
O=C1NC(CCCl)OC2:C:C:C:C:C:21,1
CN(C)CCCN1C2:C:C:C:C:C:2CCC2:C:C:C(C#N):C:C:21,1
OC1(C2:C:C:C:C(Cl):C:2)C2=NCCCN2C2:C:C:C:C:C:21,1
CNC1CCN2C3:C:C:C:C:C:3CCC3:C:C:C:C1:C:32,1
CN(C)CCC=C1C2:C:C:C:C:C:2COC2:C:C:C:C:C:21,1
COC1:C:C:C([C@H](O)CN2CCN(C3:C:C:C:C:C:C:3=O)CC2):C:C:1OC,1
CN(C/C=C/C1:C:C:C:C:C:1)CCOC(C1:C:C:C:C:C:1)C1:C:C:C:C:C:1,1
CCOC1:C:C(N):C([N+](=O)[O-]):C:C:1C(=O)NC1CCN(CC2CC=CCC2)CC1,1
O=C1CCC(C2:C:C:C:C:C:2)(C2CCN(C/C=C/C3:C:C:C:C:C:3)CC2)C(=O)N1,1
CCNC(=O)/C=C/C1:C:C:C:C(Br):C:1,1
COC1:C:C(/C=C/C(N)=O):C:C(OC):C:1OC,1
O=C(CCCN1CCN(C2:C:C3:C:C:C:C:C:3:C:N:2)CC1)C1:C:C:C(F):C:C:1,1
CN(C)CCCC1(C2:C:C:C(F):C:C:2)OCC2:C:C(C#N):C:C:C:21,1
NC(=O)C1C2:C:C:C:C:C:2C=CC2:C:C:C:C:C:21,1
CN1C(=O)CN2CCC3:C:C:C:C:C:3C2C2:C:C(Cl):C:C:C:21,1
CN(C)CC(O)C(C1:C:C:C:C:C:1)C1:C:C:C(Cl):C:C:1,1
CC1:N:C:C2:N:1C1:C:C:C(Cl):C:C:1C(C1:C:C:C:C:C:1Cl)=NC2,1
CC1CC2C3CCC4=CC(=O)C=CC4(C)[C@@]3(F)C(O)CC2(C)[C@@]1(O)C(=O)CCl,1
CCC(=O)O[C@]1(C(=O)CCl)[C@@H](C)C[C@H]2[C@@H]3CCC4=CC(=O)C=C[C@]4(C)[C@@]3(F)[C@@H](O)C[C@@]21C,1
CCN(CC)CCNC(=O)COC1:C:C:C(Cl):C:C:1,1
CN(C)CCCC1C2:C:C:C:C:C:2NC2:C:C:C(Cl):C:C:21,1
CN1CCC(=C2C3:C:C:C:C:C:3OC3:C:C:C(Cl):C:C:32)CC1,1
CN1CCN(C2=NC3:C:C:C:C:C:3SC3:C:C:C(Cl):C:C:32)CC1,1
COCCCC/C(=N\OCCN)C1:C:C:C(Cl):C:C:1,1
O=C1CN2CCOC2(C2:C:C:C:C:C:2Cl)C2:C:C(Cl):C:C:C:2N1,1
OCCN1CCN(CCCN2C3:C:C:C:C:C:3SC3:C:C(Cl):C:N:C:32)CC1,1
CC(=O)OCC(=O)C1(O)C(C)CC2C3CC(F)(F)C4=CC(=O)C=CC4(C)C3(F)C(O)CC21C,1
C/C=C/C(=O)N(CCC)C(CC)C(=O)N(C)C,1
CC(CN(C)C)CN1C2:C:C:C:C:C:2SC2:C:C:C(C#N):C:C:21,1
O=C1N=C(NC2CC2)OC1C1:C:C:C:C:C:1,1
NC1CCCC1C1:C:C:C:C:C:1,1
ON1CC(=NCC2CC2)N=C2:C:C:C(Cl):C:C:2=C1C1:C:C:C:C:C:1,1
CN1CCCC2:C:C:C:C(OCC3CNCCO3):C:21,1
CNCCCC1(C)CN(C2:C:C:C:C:C:2)C2:C:C:C:C:C:21,1
CN(C)CC1=CC2:C:C:C:C:C:2SC2:C:C:C:C:C:21,1
CN1CCC(=C2C3:C:C:C:C:C:3C(O)C3:C:C:C:C:C:32)CC1,1
CN(C)[C@@H](CCOC1:C:C:C:C2:C:C:C:C:C:1:2)C1:C:C:C:C:C:1,1
CCC(=O)O[C@](CC1:C:C:C:C:C:1)(C1:C:C:C:C:C:1)[C@H](C)CN(C)C.[Cl-].[H+],1
CC1=NC2:C:C:C:C:C:2CC(C2:C:C:C:C:C:2)N1C,1
O=C(C1:C:C:C(F):C:C:1)C1CCN(CCCN2:C(=O):[NH]:C3:C:C:C:C:C:3:2)CC1,1
CC(=O)OCC(=O)[C@@]12N=C(C)O[C@@H]1C[C@H]1[C@@H]3CCC4=CC(=O)C=C[C@]4(C)[C@H]3[C@@H](O)C[C@@]12C,1
CN1C[C@@H](CC#N)CC2C3:C:C:C:C4:[NH]:C:C(:C:3:4)C[C@H]21,1
O=C1CN=C(C2:C:C:C:C:C:2Cl)C2:C:C(Cl):C:C:C:2N1,1
CNCCON=C1:C2:C:C:C:C:C:2:C:C:C2:C:C:C:C:C:1:2,1
OC(CN1:C:C:N:C:1)C1:C:C:C(CCC2:C:C:C:C:C:2):C:C:1,1
CN(C)CCCN1C2:C:C:C:C:C:2C=CC2:C:C:C:C:C:21,1
FC(F)OC(F)C(F)(F)F,1
CN1CCC23C4:C5:C:C:C(O):C:4OC2CCCC3C1C5,1
CC(C)[C@@]1(O)CCN2C[C@@H]3C4:C:C:C:C:C:4CCC4:C:C:C:C(:C:43)[C@H]2C1,1
CC(CN1CCOCC1)C(C(=O)N1CCCC1)(C1:C:C:C:C:C:1)C1:C:C:C:C:C:1,1
CN1CC[C@@]23CCCC[C@@H]2[C@@H]1CC1:C:C:C(O):C:C:13,1
NC(=O)N1CC(OC2:C:C:C:C(C(F)(F)F):C:2)C1,1
CC12CCCCCC(CC3:C:C:C(O):C:C:31)C2N,1
C=CCN1CCC23C4:C5:C:C:C(OC(C)=O):C:4OC2C(OC(C)=O)C=CC3C1C5,1
CN(C)CCN1C(=O)C2:C:C:C:C:C:2N(C)C2:C:C:C:C:C:21,1
CC1:C:C:C2:C(:C:1)C1CN(C)CCC1N2,1
CN1C(=O)CCS(=O)(=O)C1C1:C:C:C(Cl):C(Cl):C:1,1
COC1:C:C:C2:C(:C:1)CN(C)CC2C1:C:C:C(Cl):C(Cl):C:1,1
CCN(CC)CCN1C2:C:C:C:C:C:2SC2:C:C:C:C:C:21,1
ClC1:C:C:C(C(OCCN2CCOCC2)C2:C:C:C:C:C:2):C:C:1,1
CC(=O)OCC(=O)[C@@]1(OC(C)=O)[C@@H](C)C[C@H]2[C@@H]3C[C@H](F)C4=CC(=O)C=C[C@]4(C)[C@@]3(F)[C@@H](O)C[C@@]21C,1
CCCC(=O)O[C@]1(C(=O)COC(C)=O)CC[C@H]2[C@@H]3C[C@H](F)C4=CC(=O)C=C[C@]4(C)[C@@]3(F)[C@@H](O)C[C@@]21C,1
CC1:C:C:C2:C(:C:1)[C@]13CCCC[C@@H]1[C@H](C2)N(C)CC3,1
COC1:C:C:C2:C(:C:1)/C(=C/CCN(C)C)C1:C:C:C:C:C:1O2,1
C[C@@H]1C[C@H]2[C@@H]3CCC4=CC(=O)C=C[C@]4(C)[C@@]3(F)[C@@H](O)C[C@]2(C)[C@@]1(C)C(=O)CO,1
CN(C)CCCN1C2:C:C:C:C:C:2C(C)(C)C2:C:C:C:C:C:21,1
C=C(C)CNCC(=O)N(C)C1:C:C:C(Cl):C:C:1C(=O)C1:C:C:C:C:C:1,1
NC(=O)CN1C(=O)C(C2:C:C:C:C:C:2)C2:C:C:C:C:C:21,1
CN(C)CC/C=C1/C2:C:C:C:C:C:2CSC2:C:C:C:C:C:21.[Cl-].[H+],1
O=C1C(O)N=C(C2:C:C:C:C:C:2F)C2:C:C(Cl):C:C:C:2N1CCO,1
O=C1NCNC1(C1:C:C:C:C:C:1)C1:C:C:C:C:C:1,1
CC(=O)[C@@]1(O)[C@@H](C)C[C@H]2[C@@H]3CCC4=CC(=O)C=C[C@]4(C)[C@@]3(F)[C@@H](O)C[C@@]21C,1
CC1(C)O[C@@H]2C[C@H]3C4CCC5CC(=O)CCC5(C)[C@@]4(F)[C@@H](O)CC3(C)[C@]2(C(=O)CO)O1,1
CN(C(=O)CN(CCO)CCO)C1:C:C:C(Cl):C:C:1C(=O)C1:C:C:C:C:C:1Cl,1
CN1:C:C(CCN2CCN(C3:C:C:C:C:C:3Cl)CC2):C:N:1,1
C=C1C2:C:C:C:C:C:2CN(CCCN(C)C)C2:C:C:C:C:C:21,1
O=C(NCCCN1CCOCC1)C1:C:C:C(Cl):C:C:1,1
CN1CCC2(C)CC(CC3:C:C:C(O):C:C:32)C1,1
CCC1(C2:C:C:C:C:C:2)C(=O)N(COC)C(=O)N(COC)C1=O,1
CCN1C(=O)NC(C2:C:C:C:C:C:2)C1=O,1
CCOC(=O)C1N=C(C2:C:C:C:C:C:2F)C2:C:C(Cl):C:C:C:2NC1=O,1
CCC1:C:C2:C(:S:1)N1:C(C):N:N:C:1CN=C2C1:C:C:C:C:C:1Cl,1
CNC1CCC2:N:C:S:C:2C1,1
CCC(N)CC1:C:[NH]:C2:C:C:C:C:C:1:2,1
O=C(CCCl)NCCC1:C:C:C:C:C:1,1
O=C1C=CC=C/C1=C1/NN=CO1,1
CN(C)CCCN1:C:C(C2:C:C:C:C:C:2):C(C2:C:C:C:C:C:2):N:1,1
FC1:C:C:C:C:C:1C1=NCCN(CC(F)(F)F)C2:C:C:C(Cl):C:C:21,1
COC1:C:C:C:C:C:1N1CCN(CCCC(=O)C2:C:C:C(F):C:C:2)CC1,1
CN(C)C1CCC2:[NH]:C3:C(F):C:C(F):C:C:3:C:2C1,1
C#CC1(OCC(O)CN2CCN(C3:C:C:C(F):C:C:3)CC2)CCCCC1,1
CN1C(=O)CN=C(C2:C:C:C:C:C:2F)C2:C:C(Cl):C:C:C:21,1
C[C@@H]1C[C@H]2[C@@H]3C[C@H](F)C4=CC(=O)C=C[C@]4(C)[C@@]3(F)[C@@H](O)C[C@]2(C)[C@@]1(O)C(=O)CO,1
C[C@@H]1C[C@H]2C3C[C@H](F)C4=CC(=O)C=CC4(C)[C@@]3(F)[C@@H](O)CC2(C)[C@@]1(O)C(=O)COC(=O)C(C)(C)C,1
CC1(C)O[C@@H]2CC3[C@@H]4C[C@H](F)C5=CC(=O)C=CC5(C)[C@H]4[C@@H](O)C[C@]3(C)[C@]2(C(=O)CO)O1.CC1(C)O[C@@H]2CC3[C@@H]4C[C@H](F)C5=CC(=O)C=CC5(C)[C@H]4[C@@H](O)C[C@]3(C)[C@]2(C(=O)CO)O1.O,1
CC(=O)OCC(=O)[C@@]12OC(C)(C)O[C@@H]1CC1C3C[C@H](F)C4=CC(=O)C=CC4(C)[C@H]3C(O)CC12C,1
C[C@]12C[C@H](O)[C@@]3(F)[C@@H](C[C@H](F)C4=CC(=O)C=C[C@@]43C)[C@@H]1C[C@@H](O)[C@]2(O)C(=O)CO,1
CC1(C)O[C@@H]2C[C@H]3[C@@H]4C[C@H](F)C5=CC(=O)C=C[C@]5(C)[C@@]4(F)[C@@H](O)C[C@]3(C)[C@]2(C(=O)CO)O1,1
CCCCOC(=O)C(=O)[C@H]1[C@H](C)C[C@H]2[C@@H]3C[C@H](F)C4=CC(=O)C=C[C@]4(C)[C@H]3[C@@H](O)C[C@@]21C,1
C[C@@H]1C[C@H]2[C@@H]3C[C@H](F)C4=CC(=O)C=C[C@]4(C)[C@H]3[C@@H](O)C[C@]2(C)[C@H]1C(=O)CO,1
CC(=O)[C@@]1(O)CC[C@H]2[C@@H]3C[C@H](C)C4=CC(=O)C=C[C@]4(C)[C@@]3(F)[C@@H](O)C[C@@]21C,1
CN1CCN(C2=NC3:C:C(F):C:C:C:3CC3:C:C:C:C:C:32)CC1,1
CC(=O)O[C@@H](C)C(=O)[C@@]1(O)CC[C@H]2[C@@H]3CCC4=CC(=O)C=C[C@]4(C)[C@@]3(F)[C@@H](O)C[C@@]21C,1
C=C1C[C@H]2[C@@H]3CCC4=CC(=O)C=C[C@]4(C)[C@@]3(F)C(O)C[C@]2(C)[C@@]1(O)C(=O)CO,1
C[C@]12C[C@H](O)[C@H]3[C@@H](C[C@H](F)C4=CC(=O)C=C[C@@]43C)[C@@H]1CC[C@]2(O)C(=O)CO,1
CCCCC(=O)O[C@]1(C(=O)CO)CCC2C3CC(F)C4=CC(=O)C=CC4(C)C3C(O)CC21C,1
CNCCSC1=CC2:C:C(F):C:C:C:2OC2:C:C:C:C:C:21,1
CC1(C)O[C@@H]2C[C@H]3[C@@H]4C[C@H](F)C5=CC(=O)CC[C@]5(C)[C@H]4[C@@H](O)C[C@]3(C)[C@]2(C(=O)CO)O1,1
O=C(CCCN1CCC2(CC1)C(=O)NCN2C1:C:C:C(F):C:C:1)C1:C:C:C(F):C:C:1,1
O=C1CN=C(C2:C:C:C:C:C:2F)C2:C:C(Cl):C:C:C:2N1CC1CC1,1
CC(CC1:C:C:C:C:C:1)N(C)CC1:C:C:C:O:1,1
COC1:C:C:C2:C3:C:1O[C@H]1C[C@@H](O)C=C[C@@]31CCN(C)C2,1
CN(C)CCC(C1:C:C:C:C:C:1)C1CCCCC1,1
N=C(N)NCCCOC1:C:C:C:C:C:1,1
O=C1CN=C(C2:C:C:C:C:C:2)C2:C:C(Cl):C:C:C:2N1CC(F)(F)F,1
C[C@@H]1CC2[C@@H]3C[C@H](F)C4=CC(=O)C(Cl)=C[C@]4(C)[C@@]3(F)[C@@H](O)C[C@]2(C)[C@@]1(O)C(=O)CO,1
CCC1(C2=CCCCCC2)C(=O)NC(=O)NC1=O,1
CN1CCC(OC2C3:C:C:C:C:C:3CCC3:C:C:C:C:C:32)CC1,1
CN1CCCN(C(C2:C:C:C:C:C:2)C2:C:C:C(Cl):C:C:2)CC1,1
OCCN1CCCN(CCCN2C3:C:C:C:C:C:3SC3:C:C:C(C(F)(F)F):C:C:32)CC1,1
CC(=O)OCC(=O)[C@@]1(O)CC[C@H]2[C@@H]3CCC4=CC(=O)CC[C@]4(C)[C@H]3[C@@H](O)C[C@@]21C,1
CCCC(=O)O[C@]1(C(=O)COC(=O)CC)CC[C@H]2[C@@H]3CCC4=CC(=O)CC[C@]4(C)[C@H]3[C@@H](O)C[C@@]21C,1
CCCC(=O)O[C@]1(C(=O)CO)CC[C@H]2[C@@H]3CCC4=CC(=O)CC[C@]4(C)[C@H]3[C@@H](O)C[C@@]21C,1
CN1CC[C@]23C4:C5:C:C:C(O):C:4O[C@H]2C(=O)CC[C@H]3[C@H]1C5,1
CCOC(=O)C1(C2:C:C:C:C(O):C:2)CCN(C)CC1,1
CCCC(=O)O[C@]1(C(=O)COC(C)=O)[C@H](C)C[C@H]2[C@@H]3CCC4=CC(=O)C=C[C@]4(C)[C@@]3(Cl)[C@@H](O)C[C@@]21C,1
CCC1(C2:C:C:C:C:C:2)NCC(=O)NC1=O,1
C1:C:C:C2:C(CCC3CCNCC3):C:[NH]:C:2:C:1,1
CN(C)CC#CC=C1C2:C:C:C:C:C:2C=CC2:C:C:C:C:C:21,1
CN(C)CCCN1:C2:C(:C3:C:C:C:C:C:3:1)CCCCCC2,1
CC(C)NNC(=O)C1:C:C:N:C:C:1,1
CCC(=O)C(C1:C:C:C:C:C:1)(C1:C:C:C:C:C:1)C(C)CN(C)C,1
C=C1CC2C3C=CC4=CC(=O)CCC4(C)C3C(O)CC2(C)[C@@]1(O)C(=O)CO,1
CCN(CC)C(C)CN1C2:C:C:C:C:C:2SC2:C:C:C:C:C:21,1
CN(C)CCCN1C2:C:C:C:C:C:2CC(=O)C2:C:C:C:C:C:21,1
O=C1CC[C@H]2[C@H]3CC4:C:C:C:C(O):C:4[C@@]2(CCN3CC2CC2)C1,1
CNC[C@H](O)CC12CCC(C3:C:C:C:C:C:31)C1:C:C:C:C:C:12,1
CCO[C@H]1CCN(C(=O)C2:C:C(C3:C:C:C:C:C:3):C(=O):N3:C:2C2:C:C(Cl):C:C:C:2CC3)C1,1
C1:C:C:C2:C:C(COC3CCNCC3):C:C:C:2:C:1,1
CN1C(CC(=O)C2:C:C:C:C:C:2)CCCC1CC(O)C1:C:C:C:C:C:1,1
OC1CCN(C2:C:C:C(C3:C:C:C:C:C:3Cl):N:N:2)CC1,1
ClC1:C:C:C(N2CCN(C/C=C/C3:C:C:C:C:C:3)CC2):N:N:1,1
Cl/C(=C\N1:C:N:C:N:1)C1:C:C:C(Cl):C:C:1Cl,1
CN1C[C@@H]2[C@@H](CC3:C:C:C(Cl):C:C:3[C@H]2C2:C:C:C:C:C:2)C1,1
CN1CCC2=C(CC1)C1:C:C:C:C:C:1OC1:C:C:C:C:C:12,1
CC(C)OC1:C:C:C:C:C:1N1CCN(CC2:C:C:C:C(C(=O)N3CCCCC3):C:2)CC1.O=C(O)CCC(=O)O,1
CN(C)CC(OC1:C:C:C:C:C:1)OC1:C:C:C:C:C:1,1
COC1:C:C:C(CCN2CCN(C3:C:C:C:C(Cl):C:3)CC2):C:C:1OC,1
CN1C(=O)CN=C(C2=CCCCC2)C2:C:C([N+](=O)[O-]):C:C:C:21,1
CCC1(C2:C:C:C:C:C:2)NC(=O)N(C)C1=O,1
CCC1(C2:C:C:C:C:C:2)C(=O)NC(=O)N(C)C1=O,1
CC1:C:C(CCN2CCN(C3:C:C:C:C(Cl):C:3)CC2):N:[NH]:1,1
C[C@H]1C[C@H]2[C@@H]3CCC4=CC(=O)C=C[C@]4(C)[C@H]3C(=O)C[C@]2(C)[C@@]1(O)C(=O)CO,1
COCC1CN=C(C2:C:C:C:C:C:2Cl)C2:C:C(Br):C:C:C:2N1C,1
CC(C(=O)C1:C:C:C:C:C:1)N(C)C,1
CNC1CC2:C:C:C:C:C:2N(C)C2:C:C:C:C:C:21,1
CC1:C:C(C):C:C(OCC2CNC(=O)O2):C:1,1
CC1C2CC3:C:C:C(O):C:C:3C1(C)CCN2C,1
CCC1(C2:C:C:C:C:C:2)C(=O)NC(=O)N1C,1
CC1(C)NC(=O)C(/C=C/C2:C:C:C:C:C:2)O1,1
CSC1:C:C:C2:C(:C:1)N(CC(C)CN(C)C)C1:C:C:C:C:C:1S2,1
CN1C(=O)CC(C)(C2:C:C:C:C:C:2)C1=O,1
CC(=O)OCC(=O)[C@@]1(O)CC[C@H]2[C@@H]3C[C@H](C)C4=CC(=O)C=C[C@]4(C)[C@H]3[C@@H](O)C[C@@]21C,1
C[C@H]1C[C@H]2[C@@H]3CC[C@](O)(C(=O)COC(=O)CCC(=O)O)[C@@]3(C)C[C@H](O)[C@@H]2[C@@]2(C)C=CC(=O)C=C12,1
CSC1:C:C:C2:C(:C:1)C(N1CCN(C)CC1)CC1:C:C:C:C:C:1S2,1
COC(=O)C1:C:N:C:N:1C(C)C1:C:C:C:C:C:1,1
CNCCCN1CC2:C:C:C:C:C:2CC2:C:C:C:C:C:21,1
O=C(C1:C:C:C(F):C:C:1)C1CCN(CCCN2:C(=O):[NH]:C3:C:C(Cl):C:C:C:3:2)CC1,1
COC1:C:C2:[NH]:C(C):C(CCN3CCN(C4:C:C:C:C:C:4OC)CC3):C:2:C:C:1OC,1
CCN(CC)C(=O)[C@]1(C2:C:C:C:C:C:2)C[C@@H]1CN.[Cl-].[H+],1
COC1:C:C:C2:C(C3CCN(CCCC(=O)C4:C:C:C(F):C:C:4)CC3):C(C):[NH]:C:2:C:1,1
O=C(C1:C:C:C:O:1)N(C1:C:N:C:C:N:1)C1CCN(CCC2:C:C:C:C:C:2)CC1,1
CC1:N:C:C:N:C:1N1CCCCC1,1
NC/C(=C/F)CCC1:C:C:C(F):C:C:1,1
CCC1:C(C):[NH]:C2:C:1C(=O)C(CN1CCOCC1)CC2,1
CN(C)CC[C@]1(C2:C:C:C:C:C:2)CCC2:C:C:C:C:C:2C1=O,1
C1:C:C:C(C2CCN(CC3CCCC4:C3:C:C:C3:C:4OCO3)C2):C:C:1,1
CC1CN(C)CC2CC3:C(:C:C:C4:C:C:C:C:C:3:4)OC12O,1
C=CCC1(CC(C)(C)C)C(=O)NC(=O)NC1=O,1
NCC1CC(=O)N(CC2:C:C:C:C:C:2)C1,1
CN1CCOC(C2:C:C:C:C:C:2)C2:C:C:C:C:C:2C1,1
CNC1:C:C(OC):C(C(=O)N[C@@H]2CCN(CC3:C:C:C:C:C:3)[C@@H]2C):C:C:1Cl,1
COC1:C:C2:C(:C:C:1OC)C(C1:C:C:C(N):C:C:1)=NN=C(C)C2,1
COC1:C:C:C2:C3:C:1OC1C(OC(=O)C4:C:C:C:N:C:4)CCC4C(C2)N(C)CCC341,1
O=C(CCCN1CC2CCC(CC2)C1)C1:C:C:C(F):C:C:1,1
COC1:C:C:C2:C3:C:1OC1C(O)C=CC4C(C2)NCCC341,1
CCC(=O)C(CCN(C)C)(C1:C:C:C:C:C:1)C1:C:C:C:C:C:1,1
COCC(=O)N(C1:C:C:C:C:C:1F)C1CCN(CCC2:C:C:C:C:C:2)CC1,1
CC(=O)O.CN1CCC2:C:C(Cl):C(O):C:C:2[C@@H](C2:C:C:C:C3:C:2OCC3)C1,1
CC1:C:C2:C(:S:1)=NC1:C:C:C:C:C:1NC=2N1CCN(C)CC1,1
OCCN1CCN(CCCN2C3:C:C:C:C:C:3C=CC3:C:C:C:C:C:32)CC1,1
NC(=O)C1CCCCO1,1
C[C@@H]1CN2CC(=O)NC3:C:C:C(Cl):C:C:3[C@]2(C2:C:C:C:C:C:2)O1,1
OC1:C:C:C2:C(:C:1)[C@@]13CCCC[C@@]1(O)[C@@H](C2)N(CC1CC1)CC3,1
CC(CN(C)C)CN1C2:C:C:C:C:C:2S(=O)(=O)C2:C:C:C:C:C:21,1
COC1:C:C2:[NH]:C(C):C(CCN3CCN(C4:C:C:C:C:C:4)CC3):C:2:C:C:1OC,1
COC1:C:C:C2:C(:C:1)N(CCC1CCCCN1C)C1:C:C:C:C:C:1S2,1
CCC1(C)OC(=O)N(C)C1=O,1
C[C@@H]1C[C@H]2[C@@H]3C[C@H](F)C4=CC(=O)C=C[C@]4(C)[C@H]3[C@@H](O)C[C@]2(C)[C@@]1(O)C(=O)CO,1
CCC(=O)NC1:C:C:C(O):C:C:1,1
NC(=O)CN1C(=O)COC2:C:C:C:C:C:21,1
NC1:N:C(=O):C2:N:C:N(CCC(CO)CO):C:2:[NH]:1,1
CC(C)CCNCC1COC2:C:C:C:C:C:2O1,1
C1CCC2:N:N:N:N:2CC1,1
N#CC1:C:C:C2:C(:C:1)N(CCCN1CCC(O)CC1)C1:C:C:C:C:C:1S2,1
COC1:C:C:C2:C(:C:1)N(CC(C)CN1CCC(O)CC1)C1:C:C:C:C:C:1S2,1
OC(CN1CCCCC1)C1:C:C(C2:C:C:C:C:C:2):O:N:1,1
CC(=O)OC(C1:C:C:C:C:C:1)C1CCCCN1,1
CC(C)(O)C(C)(O)C1:C:C:C(Cl):C:C:1,1
C[C@H]1[C@H](C2:C:C:C:C:C:2)OCCN1C,1
NNCCC1:C:C:C:C:C:1.[Cl],1
CC(CC1:C:C:C:C:C:1)NN,1
OC1:C:C:C2:C(:C:1)C13CCCCC1C(C2)N(CCC1:C:C:C:C:C:1)CC3,1
CN1CCC(=C2C3:C:C:C:C:C:3SC3:C:C:C:C:C:32)CC1,1
CCOC(=O)C1(C2:C:C:C:C:C:2)CCN(CCCNC2:C:C:C:C:C:2)CC1,1
C#CCN1C(=O)CN=C(C2:C:C:C:C:C:2)C2:C:C(Cl):C:C:C:21,1
CN(C)S(=O)(=O)C1:C:C:C2:C(:C:1)N(CCCN1CCC(CCO)CC1)C1:C:C:C:C:C:1S2,1
OC(C1:C:C:C:C:C:1)(C1:C:C:C:C:C:1)C1CCCCN1,1
C1:C:N:C(N2CCN(CC3:C:C:C4:C(:C:3)OCO4)CC2):N:C:1,1
CN1CCC(=C2C3:C:C:C:C:C:3CCC3:S:C:C:C:32)CC1,1
CC(=O)OCC(=O)[C@@]1(O)CC[C@H]2[C@@H]3CCC4=CC(=O)C=C[C@]4(C)[C@H]3[C@@H](O)C[C@@]21C,1
C[C@]12C[C@H](O)[C@H]3[C@@H](CCC4=CC(=O)C=C[C@@]43C)[C@@H]1CC[C@]2(O)C(=O)COC(=O)CCC(=O)[O-].[Na+],1
CCCCC(=O)OC1(C(=O)CO)CCC2C3CCC4=CC(=O)C=CC4(C)C3C(O)CC21C,1
CC1:C2:C(:C:N:1C)NC(=O)CN=C2C1:C:C:C:C:C:1,1
COC1:C:C:C(C#N):C:C:1C(=O)NCCN1CCC(C(=O)C2:C:C:C(F):C:C:2)CC1,1
CCC(=O)OCC(=O)[C@@]12OC(C)(C)O[C@@H]1CC1C3C[C@H](F)C4=CC(=O)C=CC4(C)[C@@]3(F)C(O)CC12C,1
CCCNC(=O)N1CC(C2:C:C:C:C:C:2)OC1=O,1
CCCOC(=O)C1:C:N:C:N:1C(C)C1:C:C:C:C:C:1,1
CCCN1CCCC1CNC(=O)C1:C:C(S(N)(=O)=O):C:C:C:1OC,1
CN(C)CCCN1C2:C:C:C:C:C:2SC2:C:C:C:N:C:21,1
CCC1(CC)C(=O)C=CNC1=O,1
CCCC(C(=O)C1:C:C:C(C):C:C:1)N1CCCC1,1
C1:C:C:C2:C(:C:1)CCC1:C:C:C:C:C:1N2C1CN2CCC1CC2,1
CC1:C:C:C:C(Cl):C:1NC(=O)/C=C1\SCC(=O)N1C,1
CC1:[NH]:N:C2:C:1N(C1:C:C:C:C:C:1)C(=O)CC(=O)N2C,1
CCOC1:C:C:C:C:C:1O[C@@H](C1:C:C:C:C:C:1)[C@@H]1CNCCO1,1
CCN1CCC[C@H]1CNC(=O)C1:C(OC):C:C:C(Br):C:1OC,1
O=C1C2:C:C:C:C:C:2S(=O)(=O)N1CCCN1CCN(C2:N:C:C:C:N:2)CC1,1
CN1CCN(C2=CC3:C:C(Cl):C:C:C:3/C(=C\C#N)C3:C:C:C:C:C:32)CC1,1
NC1:N:C2:C:C:C(OC(F)(F)F):C:C:2:S:1.[Cl-].[H+],1
COC(F)(F)C(F)Br,1
COC1:C:C(C(=O)/C=C/N2CC=CC2):C:C(OC):C:1OC,1
O=C1CCC2CCC(=O)N12,1
CC1:C:C:C:C(/C=N/N2CCN(C(C3:C:C:C:C:C:3)C3:C:C:C:C:C:3)CC2):N:1,1
NC(=O)C1:C:N(CC2:C(F):C:C:C:C:2F):N:N:1,1
CN(C1:N:C2:C:C:C:C:C:2:S:1)C1CCN(CC(O)COC2:C:C:C(F):C:C:2)CC1,1
NCCC(OC1:C:C:C(C(F)(F)F):C:C:1)C1:C:C:C:C:C:1,1
CC1:N:C2:N(:C(=O):C:1CCN1CCC(C(=O)C3:C:C:C(F):C:C:3)CC1)CCS2,1
CN1CCN(C2:N:C:C(C3:C:C(Cl):C:C(Cl):C:3Cl):C(N):N:2)CC1,1
ClC1:C:C:C([C@@H]2[C@H]3CC[C@@H](C3)C23CCC(N2CCOCC2)=N3):C:C:1,1
O=C1NCN(C2:C:C:C:C:C:2)C12CCN(CC1COC3:C:C:C:C:C:3O1)CC2,1
CN1C(=S)CN=C(C2:C:C:C:C:C:2)C2:C:C(Cl):C:C:C:21,1
CCC(C)(S(=O)(=O)CC)S(=O)(=O)CC,1
CCN1CCCC1CNC(=O)C1:C:C(S(N)(=O)=O):C:C:C:1OC,1
O=C1NCCCC1N1C(=O)C2:C:C:C:C:C:2S1(=O)=O,1
C1:C:C:C2:C(:C:1)CCC1:C:C:C:C3:C:1C2CN1CCCCC31,1
C=CCC1(C(C)CC)C(=O)NC(=O)NC1=O,1
CN1CCN(C2=NC3:C:S:C:C:3/C(=C/C#N)C3:C:S:C:C:32)CC1,1
C1:C:S:C(CC2:C:C:C:C:C:2OCC2CNCCO2):C:1.O=C(O)/C=C\C(=O)O,1
CN1C(=O)CN=C(C2=CCCCC2)C2:C:C(Cl):C:C:C:21,1
CCCC(CC)C1(CC)C(=O)NC(=S)NC1=O,1
CCN(CC)CCNC(=O)C1:C:C(S(C)(=O)=O):C:C:C:1OC,1
CCC(=O)O[C@]1(C(=O)SC)[C@H](C)CC2C3C[C@H](F)C4=CC(=O)C=CC4(C)[C@@]3(F)[C@@H](O)C[C@@]21C,1
CN(C)CCCN1C2:C:C:C:C:C:2C=CC2:S:C:C:C:21,1
CCN1CCC2:[NH]:C3:C:C(F):C4:S:C:C(C):C:4:C:3:C:2C1,1
CCNC1(C2:C:C:C:S:2)CCCCC1=O,1
CSC(=O)C1(O)C(C)CC2C3CCC4=CC(=O)C=CC4(C)C3(F)C(O)CC21C,1
CCCC1(C)COB(C2:C:C:C(C):C:C:2)OC1,1
CC1:C:C:C:C(N2CC(CO)OC2=O):C:1,1
CNCC[C@@H](OC1:C:C:C:C:C:1C)C1:C:C:C:C:C:1,1
CC1:C:C:C:C:C:1N1CCN(CCCOC2:C:C:C:C:N:2)CC1,1
COC1:C:C2:C(:C:C:1OC)[C@@H](C1:C:C:C:C:C:1)CN(C)CC2,1
CC1(C)O[C@@H]2C[C@H]3[C@@H]4CCC5=CC(=O)C=C[C@]5(C)[C@@]4(F)[C@@H](O)C[C@]3(C)[C@]2(C(=O)CO)O1,1
CC(=O)OCC(=O)[C@@]1(O)[C@H](OC(C)=O)C[C@H]2[C@@H]3CCC4=CC(=O)C=C[C@]4(C)[C@@]3(F)[C@@H](O)C[C@@]21C,1
CC(C)(C)CC(=O)OCC(=O)[C@@]12OC(C)(C)O[C@@H]1C[C@H]1[C@@H]3CCC4=CC(=O)C=C[C@]4(C)[C@@]3(F)[C@@H](O)C[C@@]12C,1
O=C(NC1:C:C:C(O):C:C:1)C(Cl)(Cl)Cl,1
CN1C(=O)CC(=O)N(C2:C:C:C:C:C:2)C2:C:C(C(F)(F)F):C:C:C:21,1
CC(CN(C)C)CN1C2:C:C:C:C:C:2SC2:C:C:C(C(F)(F)F):C:C:21,1
CN1C(=O)OC(C)(C)C1=O,1
COC1:C:C:C:C(C(=O)NC2C[C@@H]3CC[C@H](C2)N3CC2:C:C:C:C:C:2):C:1OC,1
CN1C2:C:C:C:C:C:2C(C2:C:C:C:C:C:2Cl)=NCC1(Cl)CO,1
CC1CC2C3CC(F)C4=CC(=O)C=CC4(C)C3(F)C(O)CC2(C)C1(O)C(=O)CCl,1
C=CCC(CC)(CC)C(N)=O,1
CCC(C)C(CC)C(N)=O,1
CO[C@@H]1O[C@H]2O[C@]3(CN4CCCCC4)[C@@H](O)C[C@@H]([C@H]13)[C@H]2C,1
CCCC(CCC)C(N)=O,1
CC/C=C(\C)C1(CC)C(=O)NC(=O)NC1=O,1
C=CC1(C(C)CCC)C(=O)NC(=O)NC1=O,1
C=CC1CNCCC1CCCC1:C:C:N:C2:C:C:C(OC):C:C:1:2,1
CCCCCCOC1:N:S:N:C:1C1=CCCN(C)C1,1
CCN(C(C)=O)C1:C:C:C:C(C2:C:C:N:C3:C(C#N):C:N:N:2:3):C:1,1
CC1:N:N(C):C2:C:1N(C1:C:C:C:C:C:1)C(=O)CC(=O)N2C,1
CC1=C2C(C3:C:C:C:C(Cl):C:3)=NCCN=C2N(C)N1,1
[N-]=[N+]=O,1
O=C1:[NH]:C2:C:C(Cl):C(Cl):C([N+](=O)[O-]):C:2:[NH]:C:1=O,1
C[S+](CC[C@H](N)C(=O)[O-])C[C@H]1O[C@@H](N2:C:N:C3:C(N):N:C:N:C:3:2)[C@H](O)[C@@H]1O,1
CC(CC1:C:C:C:C:C:1)N1:C:C([N-]C(=O)NC2:C:C:C:C:C:2):[O+]:N:1,1
CCC1:C(C):[N+]([NH-]):C(C2:C:C:C(OC):C(OC):C:2):C2:C:C(OC):C(OC):C:C:1:2,1
[N-]=[N+]=NCC(=O)N[C@H](CO)[C@H](O)C1:C:C:C([N+](=O)[O-]):C:C:1,1
